title,url,bias rating
RollingStone_Politics_L,https://news.google.com/rss/articles/CBMiqgFBVV95cUxPS1R1bTgtWGplVWVzLXl2MG0yemhFY011MzgtZTJlVUpmdEVQY0RndTdqajNoeWQzTUI3ZWpOeHBPSWZzRDJISWRqWm03dTVHZUttcmZYT1lENjJvZ21NM3J4WHZxaFBDaDVKV2U4dlFDcnYzVzNhSGhWS0diN3dPLW1uemxBdWVES0oxZFZHT0g4MHVaS0tMSGtSb1ZJNVlOenp3T19NRmhVUQ?oc=5,-1
RollingStone_Politics_L,https://news.google.com/rss/articles/CBMiowFBVV95cUxQNElNS1BBRXFrUGJrZFNpd25xNmpIYnRXZGJVa0dKMTduNE9lbjhVRVExWjJaMjdySmowYWFuQVd0SldkOUhsN1dLWEV6QWtHOW93SkRhdXEwWFIwcUY5N3d3VVJWUERDWGxJMmFWTGVWVUkxc2VFcmFDdlJiQTUyNTFmV25rNmZqLTdVeVgxRjdKYno5c2xCa0NaUmtGNHVxdEVn?oc=5,-1
RollingStone_Politics_L,https://news.google.com/rss/articles/CBMiqgFBVV95cUxPTXJBSWc3SmluQ3B4aVl2Q0lmUFI1VE9KU0xuSGNsZ0lwVEozal9LSFRBYUFMUjFQUGNJZ2l3bzRESG95WXFBU3haZkNMWXl6QzRTYVVaeU45LVZPeUdjSWpZN3JseXduOWZMSEt4eGRHblJHdF9KRzBZX3V2MmdMMXRuRVk1ZmRPZUg5MlQ2QUxHLXRvYUF5ejU3QXBnbllMdjJwZC1UN3NVUQ?oc=5,-1
RollingStone_Politics_L,https://news.google.com/rss/articles/CBMiswFBVV95cUxOYUQxd05xXzlqMGExUllVajF5WVQwV0ZrZGlnWkJOem5xVDBkc0dseUFpOFlvWlhaMG9aY1NwUklxYjE3aGpVTS15UXl3b1Y2endiNlU0OXZjN05uQTRNVFpGXzlCWlNkbko2REx1VkNlYmZkS1BkUVV3dmpuQ2tKZ1BzRm5CRXVyYlRJRkcxWXQ3MS1OdmxyTy0waVEtVm04T0ZhOUdoRU9TVy1HWWRIOWREbw?oc=5,-1
RollingStone_Politics_L,https://news.google.com/rss/articles/CBMipgFBVV95cUxNQlFpSElXVDRkelVSc2I3M1VEVnAyR2doX19oa0prdjBqb3RFX041N3BySm4wdUZuS0xPREs4cksyOGNwUXpFV1FVVGpiRlFOS19fTmlYdWNqaWRBRDVPYjUwU2VXSjhnZXVXQ3V1RE5uQ1lNZWQ1eWdUcEF3QVJFMGxmYzRPTFNKU05xdEdwWXdBMmx0TFRQVzh1ZXJ3NVlmakRCTTdR?oc=5,-1
RollingStone_Politics_L,https://news.google.com/rss/articles/CBMioAFBVV95cUxONUxQb1N1WVpGenh1VlJQcDhOSXp3cFgyWFg4QWl6UDF0bzZXRXI1aWZ3TXNOOFlhNjV6MTZKc2tnQjQwQWp5OVF1eHNoQ1pzS084Uk56RjRFR1k2b1FFcFdRU24tZGZWamh2YnlzUU5Zczk3eEJvUlVCeHlqdU9Pc2ZUSlZuaml1RjNkLWJuVWMxeUJ5aXdBYlladG1LWHNM?oc=5,-1
RollingStone_Politics_L,https://news.google.com/rss/articles/CBMitgFBVV95cUxPVkhNaEVsT3JKeTlhLVZnZ3BLNDJUU3Z2OGJ4enIyUlNKMDl3VEVkblhsdHRBQU9JTC1fU3JuaXpaaVc5MDIwSFhZU01FMHdzRWJQSmZIakxNTFR2NVA5Wk1TbHFjS1JiVG92VWJkNE9pWmRxRGhuUXptQlVHQkgzdkpFNXpPalJlUURZbTl6c29xRFVZMXFOV0VrLXZaQlRhRjFFdXJhSlhMR1FnQ29GX194SE14QQ?oc=5,-1
RollingStone_Politics_L,https://news.google.com/rss/articles/CBMiugFBVV95cUxPeGtRQW9VN3l4MjNnSF8zaG9feGhvcGlPaVZ1aEt6LUQwbVJvNWlrc3RfREx3X0hmcUtZYm9HbE9XMUFXQ3Jqb1JpYzB5akNNeWQxMDFha1I1cDNkZzlTRWxXaXMtTkpoNjRKbGp6VjRUYjhlZ0dwdWNVYnpsUm9tdEkxVEZQYkkzaVpvcmNkNFdZNHk2ZGlCekdZM2ZhX0lBWmpkT3k0SVpWY0RjNFRZamFLNi1oM1kzQUE?oc=5,-1
RollingStone_Politics_L,https://news.google.com/rss/articles/CBMisgFBVV95cUxOSzg0MElEc3lhOUNJZGJOSm9YY3dKVk5ubnV6dEtsanNraEhITlkyN01aS3dLRkd2TzJ0ZlNLYzdKY25rQ1Z5cWsxVVVOV1pYbmQtT05MR1dZb1NJVWJmSUY1dWtqdzR2cE5QQXhGQXBYTUwyc29QNG5jT3JjVEZJTkp0MTAyZUJ3YUZZQmJBSEFaR0o5TDBfU3JWUXFmbGZZX2hHN0N3SFpJLUVIY0tMbG53?oc=5,-1
RollingStone_Politics_L,https://news.google.com/rss/articles/CBMisAFBVV95cUxPdU5sVVJyb3RFWnd0bE52MTR4SWNtUTdFbmNheUd1RmxYdm1kYkVBRWVHZ1B6OXg4VVFTTGpxY0Rxd052dlVVbngzZ3h5dlc0LUM0Rl9yTXR6UzY4MEI4MUwydGp6V2dadkZEQjRwYXhOOS1JY2FCLW8wNlROcXlPLXR5aEZnak85ZHhhZmVraEVrYXJjd25OZDMyMlIzQXBtcTdZOW1lTk1rQkljQVlwNA?oc=5,-1
RollingStone_Politics_L,https://news.google.com/rss/articles/CBMirgFBVV95cUxPb21GblpmQ3kycDM5bE5mQ01pZUxnbUpqZ3BQdFo4ZEdjRVYtcEVwRDA2T0RaZ29yQ1BoV3NIbi0xU2NBNDNMYTJGYk4zNDhGcHdBbjlHcWtqZHdGaVNoZXh4MjFUTC1Ick1rX3YzdHN1UzNFVEcwX2IwbHZOV2VBaWJ3RFJERlJDYWJSR21kMmRXU0M3YlppRlJUWGlITXRJT2ZfUDZXMnM1WDNCaVE?oc=5,-1
RollingStone_Politics_L,https://news.google.com/rss/articles/CBMitwFBVV95cUxOeXNyemhRRDd5bUhhT0c3eEhua1Q3dGd5TVVqTmJqdDI3MnBxM3daM24wUXZKVE5CMTZYVHZkWmpyQlI1WTJzakFpUjJMaGlVMnp2QmpBWFVoSXJBMVVIU3pxa2dOcDBUR1MzVXFFSVpKc1cwQWhCOEVsM3VUVkM1d0FWOVdMblFtX09FTWozVnk4Sl9ZRmNnRkhzMmJkR2NUU2dkbHdnQnlPMGkxOUhXSWdQeUJSX0k?oc=5,-1
RollingStone_Politics_L,https://news.google.com/rss/articles/CBMingFBVV95cUxPYWxQeHdycENoRVdDbXdNNjhRZkpRQ083LXZZRU5NRm5wUVM5bTNLc2RsUm9oeDBPRTM2TEt2aEt4d1AtLUNCTS1jVnV2RFZBdUJyeFYzU2JOT3NhR0JfbE5MdnNZZ0JvN0tERlhqSlZNZk5JbVpMLXpUeTAxUGtIaUR5cUhOYlp5ZE9abmtkVTl2bDhjTzZQU1lveHpVZw?oc=5,-1
RollingStone_Politics_L,https://news.google.com/rss/articles/CBMipgFBVV95cUxONlFlbDJLRW9OcTlxMjVWd201clBOUWVGMzJXMEJrTzh3aXZvNDJPS2g2NnBMNmV1ek1aZjBHc2VXQy10T0o1RmhBT2tmTklRVUdmcEduRmVGQzM0RGpoeHlhMUFjQlc4VEs3Q013OTV5TzRRcWxDOWhDOUxJbmtBMVZieU1uMC1KT0lvX19zcW5pTVRTUlBHUVFQSlk3cW55VlA0UmVB?oc=5,-1
RollingStone_Politics_L,https://news.google.com/rss/articles/CBMipgFBVV95cUxNaWpDMnFFMzFLY3R4T2h6NDA2S2lTRnZjeWM2OWFKU0NQbXVFa3NHY0tJTnhmMzlUMzY2alhMbm4ybDQyc1FBYTZuUzNJWnhjWFVRb3FEWkFacDVILVUybVctazM4MzhnQnphbjVKeVEyRVBTekJ5aU9GOWtkRmo0V2VqdXd4VGZmOUVtWGVEckVhdjdocTdZZmtsclVQTkZHMHcwbkhR?oc=5,-1
Guardian_L,https://www.theguardian.com/society/2026/feb/22/fancy-therapist-sexual-fantasies-advice,-1
Guardian_L,https://www.theguardian.com/commentisfree/2026/feb/22/andrew-mountbatten-windsor-epstein-us-men,-1
Guardian_L,https://www.theguardian.com/us-news/2026/feb/22/us-immigration-trump-administration,-1
Guardian_L,https://www.theguardian.com/us-news/2026/feb/22/mar-a-lago-armed-man-shot-killed,-1
Guardian_L,https://www.theguardian.com/media/2026/feb/22/trump-warns-netflix-of-consequences-unless-it-pulls-top-democrat-susan-rice-from-board,-1
Guardian_L,https://www.theguardian.com/us-news/2026/feb/22/us-north-east-storm-blizzard-warnings,-1
Guardian_L,https://www.theguardian.com/us-news/2026/feb/22/homeland-security-suspends-tsa-precheck-global-entry-airport-security-programs,-1
Guardian_L,https://www.theguardian.com/world/2026/feb/22/greenland-does-not-need-us-hospital-boat-sent-by-trump-says-denmark,-1
Guardian_L,https://www.theguardian.com/us-news/2026/feb/21/trump-tariffs-15-percent,-1
Guardian_L,https://www.theguardian.com/us-news/2026/feb/21/karen-newton-valid-visa-detained-ice,-1
Guardian_L,https://www.theguardian.com/us-news/2026/feb/21/people-suing-trump-profiles,-1
Guardian_L,https://www.theguardian.com/us-news/ng-interactive/2026/feb/22/world-order-trump,-1
Guardian_L,https://www.theguardian.com/us-news/ng-interactive/2026/feb/22/minneapolis-st-paul-daily-routines-immigration,-1
Guardian_L,https://www.theguardian.com/us-news/2026/feb/22/fired-cdc-workers-trump-war-on-science,-1
Guardian_L,https://www.theguardian.com/us-news/2026/feb/22/nithya-raman-los-angeles-mayoral-race,-1
Guardian_L,https://www.theguardian.com/politics/2026/feb/22/naz-shah-labour-mp-interview-mother-arrest-murder,-1
Guardian_L,https://www.theguardian.com/us-news/2026/feb/22/jesse-jackson-global-hero-legacy-of-activism,-1
Guardian_L,https://www.theguardian.com/lifeandstyle/2026/feb/22/this-is-how-we-do-it-he-gives-me-confidence-try-things-never-done-before,-1
Guardian_L,https://www.theguardian.com/lifeandstyle/2026/feb/22/dining-across-the-divide-grant-peter,-1
Guardian_L,https://www.theguardian.com/world/2026/feb/22/ukraine-war-russia-birthrates-families-parents-children,-1
Guardian_L,https://www.theguardian.com/world/ng-interactive/2026/feb/20/a-war-foretold-cia-mi6-putin-ukraine-plans-russia,-1
Guardian_L,https://www.theguardian.com/commentisfree/2026/feb/22/andrew-mountbatten-windsor-epstein-files-trump,-1
Guardian_L,https://www.theguardian.com/commentisfree/2026/feb/22/bridge-ties-political-division,-1
Guardian_L,https://www.theguardian.com/commentisfree/2026/feb/22/do-you-have-a-competence-hangover,-1
Guardian_L,https://www.theguardian.com/business/2026/feb/22/trump-trade-war-risks-undermining-his-hopes-of-hefty-us-interest-rate-cuts-tariffs,-1
Guardian_L,https://www.theguardian.com/commentisfree/2026/feb/22/my-daughter-turns-18-today-im-giving-her-the-gift-of-shared-caring-responsibilities-with-her-brothers,-1
Guardian_L,https://www.theguardian.com/world/2026/feb/22/washington-and-tehran-to-hold-more-nuclear-talks-as-protests-reignite-in-iran,-1
Guardian_L,https://www.theguardian.com/world/2026/feb/22/russia-missiles-ukraine-hungary-block-eu-sanctions,-1
Guardian_L,https://www.theguardian.com/us-news/2026/feb/22/mike-huckabee-israel-comments-condemned-arab-muslim-countries,-1
Guardian_L,https://www.theguardian.com/politics/2026/feb/22/lobbyist-apco-report-thinktank-labour-together-guardian-reporter,-1
Guardian_L,https://www.theguardian.com/world/2026/feb/22/france-summons-us-ambassador-charles-kushner-comments-quentin-deranque,-1
Guardian_L,https://www.theguardian.com/world/2026/feb/21/pakistan-strikes-militant-hideouts-on-afghan-border-after-surge-in-attacks,-1
Guardian_L,https://www.theguardian.com/us-news/2026/feb/21/trump-emergency-potomac-sewage-spill,-1
Guardian_L,https://www.theguardian.com/us-news/2026/feb/21/new-jersey-immigration-scam,-1
Guardian_L,https://www.theguardian.com/us-news/2026/feb/21/retailers-trump-tariffs-refunds,-1
Guardian_L,https://www.theguardian.com/us-news/2026/feb/21/new-york-city-blizzard-warning,-1
Guardian_L,https://www.theguardian.com/world/2026/feb/22/thailand-moves-to-cut-sugar-in-popular-drinks-amid-health-drive,-1
Guardian_L,https://www.theguardian.com/business/2026/feb/22/china-overtakes-us-as-germany-top-trading-partner,-1
Guardian_L,https://www.theguardian.com/film/2026/feb/20/awards-show-hosting-toughest-gig-baftas-oscars-golden-globes,-1
Guardian_L,https://www.theguardian.com/film/2026/feb/20/the-hunt-for-gollum-lord-of-the-rings-franchise,-1
Guardian_L,https://www.theguardian.com/film/2026/feb/21/ilker-cataks-yellow-letters-wins-golden-bear-at-berlin-film-festival,-1
Guardian_L,https://www.theguardian.com/film/2026/feb/21/baftas-nominations-british-talent-dilemma,-1
Guardian_L,https://www.theguardian.com/lifeandstyle/2026/feb/22/the-moment-i-knew-she-was-leaning-against-the-ute-her-rats-tail-catching-the-light-she-looked-electric,-1
Guardian_L,https://www.theguardian.com/lifeandstyle/2026/feb/19/4-ways-to-take-better-naps,-1
Guardian_L,https://www.theguardian.com/thefilter-us/2026/feb/20/best-milk-frother,-1
Guardian_L,https://www.theguardian.com/thefilter-us/2026/feb/18/winter-skincare-dermatologists,-1
Guardian_L,https://www.theguardian.com/thefilter-us/2025/oct/02/best-sleep-eye-masks-us,-1
Guardian_L,https://www.theguardian.com/thefilter-us/2026/jan/24/laundry-dryer-balls,-1
Guardian_L,https://www.theguardian.com/wellness/2026/feb/19/how-to-make-good-decisions,-1
Guardian_L,https://www.theguardian.com/us-news/2026/feb/21/jesse-jackson-vision-shaped-democratic-party,-1
Guardian_L,https://www.theguardian.com/us-news/2026/feb/21/michigan-arab-communities-ice-fear,-1
Guardian_L,https://www.theguardian.com/world/2026/feb/21/gisele-pelicot-interview-memoir-husband-chemical-submission-rape-abuse-marriage,-1
Guardian_L,https://www.theguardian.com/society/2026/feb/17/gen-z-us-finances-money-concerns-economy,-1
Jacobin_L,https://jacobin.com/2026/02/documentary-wto-seattle-protest-policing/,-1
Jacobin_L,https://jacobin.com/2026/02/zohran-mamdani-efficiency-nyc-budget/,-1
Jacobin_L,https://jacobin.com/2026/02/nordic-labor-gig-work-tech-platforms/,-1
Jacobin_L,https://jacobin.com/2026/02/pro-worker-governance-cleveland-labor/,-1
Jacobin_L,https://jacobin.com/2026/02/israel-economy-tech-weapons-trade/,-1
Jacobin_L,https://jacobin.com/2026/02/civilization-trump-european-right-geopolitics/,-1
Jacobin_L,https://jacobin.com/2026/02/south-korea-yoon-coup-verdict/,-1
Jacobin_L,https://jacobin.com/2026/02/canada-alberta-oil-independence-trump/,-1
Jacobin_L,https://jacobin.com/2026/02/prediction-markets-kalshi-polymarket-accuracy/,-1
Jacobin_L,https://jacobin.com/2026/02/interest-rate-caps-republicans-donations/,-1
Jacobin_L,https://jacobin.com/2026/02/nyu-full-time-contingent-faculty-strike/,-1
Jacobin_L,https://jacobin.com/2026/02/protests-revolution-iran-war-intervention/,-1
MotherJones_L,https://www.motherjones.com/politics/2026/02/us-ambassador-to-israel-it-would-be-fine-if-israel-took-over-most-of-the-middle-east/,-1
MotherJones_L,https://www.motherjones.com/politics/2026/02/armed-man-shot-maralago-trump-secret-service/,-1
MotherJones_L,https://www.motherjones.com/politics/2026/02/putin-tried-to-freeze-ukraine-instead-he-sparked-an-energy-revolution/,-1
MotherJones_L,https://www.motherjones.com/politics/2026/02/measles-cases-vaccines-rfk-south-carolina/,-1
MotherJones_L,https://www.motherjones.com/politics/2026/02/trumps-favorite-appointee-right-now-is-the-one-who-didnt-challenge-his-power/,-1
MotherJones_L,https://www.motherjones.com/politics/2026/02/fema-federal-program-cities-disaster-preparation-frozen-court-order-lawsuit/,-1
MotherJones_L,https://www.motherjones.com/politics/2026/02/black-history-month-nikole-hannah-jones-jelani-cobb-trymaine-lee/,-1
MotherJones_L,https://www.motherjones.com/politics/2026/02/trump-wants-you-to-forget-that-george-washington-owned-slaves/,-1
MotherJones_L,https://www.motherjones.com/politics/2026/02/nevada-sex-workers-brothel-union-ai/,-1
MotherJones_L,https://www.motherjones.com/politics/2026/02/donald-trump-tariff-loss-supreme-court/,-1
Truthout_L,https://truthout.org/articles/trump-hikes-global-tariffs-to-15-percent-following-supreme-court-ruling/,-1
Truthout_L,https://truthout.org/articles/israel-is-expanding-control-in-west-bank-under-guise-of-heritage-preservation/,-1
Truthout_L,https://truthout.org/articles/calls-for-accountability-mount-in-ice-shooting-of-ruben-ray-martinez-last-march/,-1
Truthout_L,https://truthout.org/articles/palestinian-women-arrested-to-bait-their-relatives-israel-labels-as-wanted/,-1
Truthout_L,https://truthout.org/articles/epa-repeals-regulations-for-mercury-and-toxic-air-pollutants-from-power-plants/,-1
Truthout_L,https://truthout.org/articles/us-attacks-in-venezuela-and-greenland-lay-groundwork-for-billionaire-fiefdoms/,-1
Truthout_L,https://truthout.org/articles/loophole-in-illinois-sanctuary-laws-lets-ice-hold-immigrants-in-county-jails/,-1
Truthout_L,https://truthout.org/articles/democrats-call-for-refunds-for-americans-after-scotus-strikes-down-tariffs/,-1
Truthout_L,https://truthout.org/articles/as-trump-threatens-iran-were-on-the-brink-of-a-generational-catastrophe/,-1
Truthout_L,https://truthout.org/articles/trump-attacks-justices-as-unpatriotic-and-disloyal-after-tariffs-ruling/,-1
Truthout_L,https://truthout.org/articles/republican-leaders-target-teachers-and-schools-amid-student-anti-ice-protests/,-1
Truthout_L,https://truthout.org/articles/trump-admin-contradicts-itself-on-rationale-for-potential-iran-strikes/,-1
Truthout_L,https://truthout.org/video/palestinian-activist-targeted-by-trump-hails-order-that-blocks-his-deportation/,-1
Truthout_L,https://truthout.org/articles/uscis-aims-to-expand-social-media-surveillance-of-immigrants-and-us-citizens/,-1
Truthout_L,https://truthout.org/articles/journalists-jailed-by-ice-are-revealing-the-horrors-of-incarceration/,-1
Truthout_L,https://truthout.org/articles/guards-steal-destroy-childrens-letters-at-texas-immigration-detention-center/,-1
Truthout_L,https://truthout.org/articles/study-more-people-were-killed-in-first-16-months-of-gaza-genocide-than-reported/,-1
Truthout_L,https://truthout.org/articles/rfk-jr-supports-trump-push-to-ramp-up-glyphosate-output-angering-maha-backers/,-1
Truthout_L,https://truthout.org/articles/trump-says-us-giving-10b-to-board-of-peace-12-times-uss-un-contribution/,-1
Truthout_L,https://truthout.org/video/former-prince-andrew-arrested-amid-growing-global-fallout-from-epstein-files/,-1
Truthout_L,https://truthout.org/articles/incarcerated-women-featured-in-true-crime-media-face-flood-of-sexual-harassment/,-1
Truthout_L,https://truthout.org/articles/reforms-didnt-end-police-violence-in-2020-and-they-wont-end-ice-violence-now/,-1
Truthout_L,https://truthout.org/articles/health-care-professionals-scientists-and-children-sue-the-epa-over-recent-move/,-1
Truthout_L,https://truthout.org/articles/in-the-span-of-just-6-weeks-6-people-died-while-in-ice-custody-in-texas/,-1
Truthout_L,https://truthout.org/articles/democrats-warn-of-grift-in-florida-trump-airport-rename-plan/,-1
Truthout_L,https://truthout.org/articles/us-builds-up-air-power-reminiscent-of-iraq-invasion-as-trump-mulls-iran-attacks/,-1
Truthout_L,https://truthout.org/articles/watchdog-group-seeks-fec-inquiry-into-donations-potentially-tied-to-trump-pardon/,-1
Truthout_L,https://truthout.org/audio/living-under-a-concentration-camp-regime-and-fighting-back/,-1
Truthout_L,https://truthout.org/articles/trump-black-history-message-pushes-bill-critics-say-disenfranchises-black-voters/,-1
Truthout_L,https://truthout.org/articles/a-new-era-of-scholarship-is-shining-a-light-on-the-black-philosophical-tradition/,-1
Truthout_L,https://truthout.org/video/both-the-us-and-iran-have-incentives-to-escalate-conflict-expert-warns/,-1
Truthout_L,https://truthout.org/articles/mn-unions-vow-largest-rent-strike-in-100-years-amid-ice-fueled-eviction-crisis/,-1
Truthout_L,https://truthout.org/articles/amid-obama-video-controversy-1-in-2-voters-view-trump-as-racist/,-1
Truthout_L,https://truthout.org/articles/3-in-10-americans-support-or-sympathize-with-christian-nationalism-poll-finds/,-1
Truthout_L,https://truthout.org/articles/human-rights-groups-call-on-congress-to-stop-purchase-of-israeli-cluster-bombs/,-1
Truthout_L,https://truthout.org/articles/docs-show-ice-agents-were-trained-on-law-and-deescalation-theyve-ignored-it/,-1
Truthout_L,https://truthout.org/articles/our-mosques-are-rubble-but-we-are-determined-to-create-joy-for-ramadan-in-gaza/,-1
Truthout_L,https://truthout.org/articles/states-are-expanding-trans-bathroom-ban-bills-to-encompass-private-businesses/,-1
Truthout_L,https://truthout.org/articles/lawmakers-call-for-rep-andy-fines-censure-after-racist-anti-muslim-tweet/,-1
Truthout_L,https://truthout.org/articles/illinois-had-massive-gaps-in-mental-health-coverage-we-organized-to-fix-it/,-1
Truthout_L,https://truthout.org/articles/native-activists-launch-prayer-camp-outside-mn-immigration-detention-center/,-1
Truthout_L,https://truthout.org/articles/judges-have-ruled-that-over-4400-ice-detentions-since-october-were-illegal/,-1
Truthout_L,https://truthout.org/articles/campaigns-against-occupation-and-genocide-are-winning-divestment-of-israel-bonds/,-1
Truthout_L,https://truthout.org/articles/peter-thiel-is-unleashing-a-neocolonial-billionaire-fantasy-in-honduras/,-1
Truthout_L,https://truthout.org/articles/protesters-demand-amazon-cut-ties-with-ice-and-palantir/,-1
Truthout_L,https://truthout.org/articles/exposure-to-ice-violence-threatens-childrens-health-and-future-wellbeing/,-1
Truthout_L,https://truthout.org/articles/heres-how-israel-is-continuing-to-deepen-its-occupation-of-the-west-bank/,-1
Truthout_L,https://truthout.org/articles/israels-yellow-line-is-a-death-trap-for-palestinians-we-drove-into-it/,-1
Truthout_L,https://truthout.org/articles/grassroots-organizers-in-wisconsin-offer-blueprint-for-beating-back-data-centers/,-1
Truthout_L,https://truthout.org/articles/hundreds-of-anti-trans-bills-have-already-been-introduced-this-year/,-1
Truthout_L,https://truthout.org/articles/trump-admin-to-spend-40b-to-turn-warehouses-into-massive-immigration-jails/,-1
Truthout_L,https://truthout.org/articles/the-love-we-see-in-minneapolis-isnt-exceptional-its-how-we-survive-together/,-1
Truthout_L,https://truthout.org/articles/for-gazas-students-international-scholarships-offer-both-hope-and-heartbreak/,-1
Truthout_L,https://truthout.org/articles/trump-threatens-to-close-newly-built-canada-us-bridge-following-gop-donors-call/,-1
Truthout_L,https://truthout.org/articles/doj-drops-charges-against-two-minneapolis-men-it-accused-of-attacking-ice-agents/,-1
Truthout_L,https://truthout.org/articles/dhs-system-for-confirming-voter-citizenship-is-making-widespread-mistakes/,-1
Truthout_L,https://truthout.org/articles/ron-johnson-erupts-during-senate-hearing-as-ellison-defends-protesters-rights/,-1
Truthout_L,https://truthout.org/articles/palestine-action-defeats-ban-in-uk-court/,-1
Truthout_L,https://truthout.org/articles/ive-witnessed-trump-weaponize-georgia-ballots-for-years-then-he-stole-mine/,-1
Truthout_L,https://truthout.org/articles/minnesotans-skeptical-as-homan-announces-drawdown-of-dhs-operations-in-state/,-1
Truthout_L,https://truthout.org/articles/pregnant-migrants-in-minnesota-have-postponed-abortion-appointments-to-avoid-ice/,-1
Truthout_L,https://truthout.org/articles/black-men-endured-sexual-exploitation-under-slavery-their-story-is-rarely-told/,-1
Truthout_L,https://truthout.org/video/netanyahu-meets-with-trump-early-days-after-us-and-iran-held-nuclear-talks/,-1
Truthout_L,https://truthout.org/articles/bondis-paperwork-at-epstein-hearing-suggests-trumps-doj-is-spying-on-congress/,-1
Truthout_L,https://truthout.org/articles/israel-destroyed-gazas-hospitals-now-its-banning-doctors-without-borders/,-1
Truthout_L,https://truthout.org/articles/trump-orders-defense-energy-departments-to-reinvest-in-coal/,-1
Truthout_L,https://truthout.org/articles/texas-democrat-henry-cuellar-joins-house-gop-to-pass-voter-suppression-bill/,-1
Truthout_L,https://truthout.org/articles/the-trauma-of-ice-raids-is-rippling-through-public-schools-across-the-us/,-1
Truthout_L,https://truthout.org/articles/january-jobs-report-gains-mask-year-of-downward-job-revisions/,-1
Truthout_L,https://truthout.org/articles/raskin-trump-mentioned-more-than-a-million-times-in-unredacted-epstein-files/,-1
Truthout_L,https://truthout.org/video/trumps-epa-is-set-to-scrap-a-landmark-emissions-policy-in-deregulatory-push/,-1
Truthout_L,https://truthout.org/articles/virginia-senate-passes-bill-to-join-national-popular-vote-interstate-compact/,-1
Truthout_L,https://truthout.org/articles/grand-jury-declines-to-indict-dems-who-who-urged-troops-to-reject-illegal-orders/,-1
Truthout_L,https://truthout.org/articles/children-at-dilley-ice-jail-in-texas-describe-their-anguish-and-fear/,-1
Truthout_L,https://truthout.org/articles/children-are-getting-sick-inside-ices-massive-family-jail-in-texas/,-1
Truthout_L,https://truthout.org/articles/trumps-war-on-consumer-financial-protection-bureau-cost-consumers-19-billion/,-1
Truthout_L,https://truthout.org/articles/aoc-says-cuba-blockade-part-of-new-era-of-depravity-ushered-by-gaza-genocide/,-1
Truthout_L,https://truthout.org/articles/believing-borders-make-us-safer-is-like-believing-the-sun-revolves-around-earth/,-1
Truthout_L,https://truthout.org/articles/immigrants-have-filed-over-18000-cases-challenging-legality-of-their-detention/,-1
CommonDreams_L,https://www.commondreams.org/newswire/scotus-blocking-of-trumps-emergency-tariffs-is-a-small-but-meaningful-check-on-a-lawless-president,-1
CommonDreams_L,https://www.commondreams.org/newswire/supreme-court-strikes-down-trump-tariffs,-1
CommonDreams_L,https://www.commondreams.org/newswire/epa-dismantles-protections-for-mercury-and-air-toxics-from-power-plants,-1
CommonDreams_L,https://www.commondreams.org/newswire/donald-trump-to-pollute-tennessee-air-with-more-mercury-arsenic-lead,-1
CommonDreams_L,https://www.commondreams.org/newswire/supreme-court-ruling-curbs-trumps-authority-but-tariff-chaos-and-higher-prices-remain,-1
CommonDreams_L,https://www.commondreams.org/newswire/center-for-food-safety-responds-to-trump-administrations-executive-order-on-glyphosate,-1
CommonDreams_L,https://www.commondreams.org/newswire/despite-relentless-attacks-nearly-half-a-million-workers-unionized-in-2025,-1
CommonDreams_L,https://www.commondreams.org/newswire/niac-with-90-chance-of-war-on-iran-congress-must-act-now-to-prevent-illegal-u-s-military-adventure,-1
CommonDreams_L,https://www.commondreams.org/newswire/lawsuit-challenges-trumps-climate-science-tailpipe-rule-rollbacks,-1
CommonDreams_L,https://www.commondreams.org/newswire/ucs-joins-lawsuit-challenging-trump-administrations-unlawful-endangerment-finding-repeal,-1
CommonDreams_L,https://www.commondreams.org/newswire/350-org-urges-countries-to-support-vanuatu-s-proposed-un-resolution,-1
CommonDreams_L,https://www.commondreams.org/further/fuck-this-guy-the-hunted-becomes-the-beached,-1
CommonDreams_L,https://www.commondreams.org/newswire/ctu-on-the-death-of-ofelia-torres,-1
CommonDreams_L,https://www.commondreams.org/newswire/trump-appoints-gambling-ceos-to-ctfc-after-ousting-enforcement-lawyers,-1
CommonDreams_L,https://www.commondreams.org/newswire/uk-high-court-rules-ban-on-palestine-action-under-terrorism-legislation-unlawful,-1
CommonDreams_L,https://www.commondreams.org/further/on-fascists-mean-girls-and-screechy-pedophile-allies,-1
CommonDreams_L,https://www.commondreams.org/newswire/lawsuit-seeks-to-protect-monarchs-under-endangered-species-act,-1
CommonDreams_L,https://www.commondreams.org/newswire/trump-administration-takes-chainsaw-to-science-based-endangerment-finding-endangering-us-all,-1
CommonDreams_L,https://www.commondreams.org/newswire/repeal-of-epas-endangerment-finding-will-have-devastating-impact,-1
CommonDreams_L,https://www.commondreams.org/newswire/house-republican-moves-to-block-climate-lawsuits-as-oil-industry-pushes-for-immunity,-1
CommonDreams_L,https://www.commondreams.org/newswire/minnesotans-fought-back-against-ice-and-cbp-now-its-congress-turn,-1
CommonDreams_L,https://www.commondreams.org/newswire/cair-mn-welcomes-end-of-ice-siege-of-minneapolis-as-community-victory-warns-of-lasting-harm-and-ongoing-risks,-1
CommonDreams_L,https://www.commondreams.org/newswire/house-member-crafting-legislation-to-stop-climate-lawsuits,-1
CommonDreams_L,https://www.commondreams.org/newswire/revised-data-paints-a-grim-picture-of-2025-jobs-market,-1
CommonDreams_L,https://www.commondreams.org/newswire/tennessee-valley-authority-goes-back-on-commitment-to-retire-dirty-coal-plants,-1
CommonDreams_L,https://www.commondreams.org/further/anti-them-a-joyful-colonial-at-the-heart-of-empire,-1
CommonDreams_L,https://www.commondreams.org/newswire/fpf-complaint-targets-prosecutor-over-washington-post-reporter-raid,-1
CommonDreams_L,https://www.commondreams.org/newswire/new-report-exposes-mahas-corrupting-influence-in-hhs-and-beyond,-1
CommonDreams_L,https://www.commondreams.org/newswire/new-trump-administration-policy-politicizing-federal-workforce-endangers-federal-operations-largest-federal-employee-union-says,-1
CommonDreams_L,https://www.commondreams.org/newswire/trump-administration-illegally-seeks-to-cancel-millions-in-funding-for-electric-vehicle-charging-again,-1
VoxPolitics_L,https://www.vox.com/videos/479915/ice-history-video,-1
VoxPolitics_L,https://www.vox.com/politics/479959/kristi-noem-dhs-ice-drama,-1
VoxPolitics_L,https://www.vox.com/politics/479992/supreme-court-foreign-policy-tariffs,-1
VoxPolitics_L,https://www.vox.com/the-logoff-newsletter-trump/479948/trump-tariffs-illegal-supreme-court-ieepa-briefly-explained,-1
VoxPolitics_L,https://www.vox.com/politics/479917/supreme-court-tariffs-decision-trump-prices-refunds,-1
VoxPolitics_L,https://www.vox.com/politics/479919/supreme-court-trump-tariffs-learning-resources,-1
VoxPolitics_L,https://www.vox.com/politics/479821/trumps-slush-fund-venezuela-oil-gaza-board-of-peace-tariffs,-1
VoxPolitics_L,https://www.vox.com/the-logoff-newsletter-trump/479877/trump-white-house-ballroom-east-wing-kennedy-center-arch-east-potomac,-1
VoxPolitics_L,https://www.vox.com/politics/479819/trump-iran-war-questions-buildup,-1
DemocracyNow_L,http://www.democracynow.org/2026/2/20/mohsen_mahdawi,-1
DemocracyNow_L,http://www.democracynow.org/2026/2/20/trump_gaza,-1
DemocracyNow_L,http://www.democracynow.org/2026/2/20/trump_iran,-1
DemocracyNow_L,http://www.democracynow.org/2026/2/20/carole_cadwalladr,-1
DemocracyNow_L,http://www.democracynow.org/2026/2/20/headlines,-1
DemocracyNow_L,http://www.democracynow.org/2026/2/19/jeffrey_epstein_prince_andrew,-1
DemocracyNow_L,http://www.democracynow.org/2026/2/19/ice_jailed_people_illegally,-1
DemocracyNow_L,http://www.democracynow.org/2026/2/19/social_media,-1
DemocracyNow_L,http://www.democracynow.org/2026/2/19/social_media_addiction,-1
DemocracyNow_L,http://www.democracynow.org/2026/2/19/headlines,-1
DemocracyNow_L,http://www.democracynow.org/2026/2/18/analilia_mejia_new_jersey_congress_aipac,-1
DemocracyNow_L,http://www.democracynow.org/2026/2/18/alexis_goldstein_cfpb_consumer_protection_doge,-1
DemocracyNow_L,http://www.democracynow.org/2026/2/18/trita_parsi_iran_nuclear_negotiations_sanctions,-1
DemocracyNow_L,http://www.democracynow.org/2026/2/18/headlines,-1
DemocracyNow_L,http://www.democracynow.org/2026/2/17/alfredo_alejandro_aljorna,-1
DemocracyNow_L,http://www.democracynow.org/2026/2/17/remembering_jesse_jackson,-1
DemocracyNow_L,http://www.democracynow.org/2026/2/17/bernie_sanders_jesse_jackson,-1
DemocracyNow_L,http://www.democracynow.org/2026/2/17/rip_jesse_jackson,-1
DemocracyNow_L,http://www.democracynow.org/2026/2/17/headlines,-1
DemocracyNow_L,http://www.democracynow.org/2026/2/16/the_alabama_solution,-1
DemocracyNow_L,http://www.democracynow.org/2026/2/16/leqaa_kordia,-1
DemocracyNow_L,http://www.democracynow.org/2026/2/16/headlines,-1
DemocracyNow_L,http://www.democracynow.org/2026/2/13/ernesto_soberon_cuba_oil_blockade_embargo,-1
DemocracyNow_L,http://www.democracynow.org/2026/2/13/william_barber_north_carolina_voting_rights,-1
DemocracyNow_L,http://www.democracynow.org/2026/2/13/ari_berman_house_vote_citizenship_requirements,-1
DemocracyNow_L,http://www.democracynow.org/2026/2/13/headlines,-1
DemocracyNow_L,http://www.democracynow.org/2026/2/12/becca_balint,-1
DemocracyNow_L,http://www.democracynow.org/2026/2/12/jafar_panahi,-1
DemocracyNow_L,http://www.democracynow.org/2026/2/12/mouin_rabbani,-1
DemocracyNow_L,http://www.democracynow.org/2026/2/12/pramila_jayapal,-1
DemocracyNow_L,http://www.democracynow.org/2026/2/12/headlines,-1
DemocracyNow_L,http://www.democracynow.org/2026/2/11/trump_climate_change_policy,-1
DemocracyNow_L,http://www.democracynow.org/2026/2/11/al_green,-1
DemocracyNow_L,http://www.democracynow.org/2026/2/11/ice_congress,-1
DemocracyNow_L,http://www.democracynow.org/2026/2/11/headlines,-1
DemocracyNow_L,http://www.democracynow.org/2026/2/10/mica_rosenberg_propublica_ice_dilley_children,-1
DemocracyNow_L,http://www.democracynow.org/2026/2/10/joaquin_castro_senate_democrats_homeland_security,-1
DemocracyNow_L,http://www.democracynow.org/2026/2/10/carole_cadwalladr_epstein_jeffrey_justice_department,-1
DemocracyNow_L,http://www.democracynow.org/2026/2/10/headlines,-1
DemocracyNow_L,http://www.democracynow.org/2026/2/9/gaza_update,-1
DemocracyNow_L,http://www.democracynow.org/2026/2/9/olympics_corrupt,-1
DemocracyNow_L,http://www.democracynow.org/2026/2/9/naacp_trump,-1
DemocracyNow_L,http://www.democracynow.org/2026/2/9/minneapolis_ice,-1
DemocracyNow_L,http://www.democracynow.org/2026/2/9/headlines,-1
InterceptPolitics_L,https://theintercept.com/2026/02/19/israel-palestine-antisemitism-azapac-michael-rectenwald/,-1
InterceptPolitics_L,https://theintercept.com/2026/02/18/sharif-street-philadelphia-israel-palestine-congress/,-1
InterceptPolitics_L,https://theintercept.com/2026/02/13/jasmine-crockett-texas-senate-corporate-cash/,-1
InterceptPolitics_L,https://theintercept.com/2026/02/12/pam-bondi-domestic-terror-list-nspm-7/,-1
InterceptPolitics_L,https://theintercept.com/2026/02/12/aipac-illinois-kat-abughazaleh-congress-pal-pac/,-1
InterceptPolitics_L,https://theintercept.com/2026/02/10/epstein-files-american-consequences/,-1
InterceptPolitics_L,https://theintercept.com/2026/02/10/google-ice-subpoena-student-journalist/,-1
InterceptPolitics_L,https://theintercept.com/2026/02/10/aipac-new-jersey-mejia-malinowski/,-1
InterceptPolitics_L,https://theintercept.com/2026/02/09/new-york-cait-conley-ai-palantir-dhs/,-1
InterceptPolitics_L,https://theintercept.com/2026/02/07/washington-post-layoffs-jeff-bezos/,-1
InterceptPolitics_L,https://theintercept.com/2026/02/07/pete-hegseth-speech-overtime-pay-maine-biw/,-1
InterceptPolitics_L,https://theintercept.com/2026/02/05/schumer-ice-reforms-elizabeth-warren/,-1
InterceptPolitics_L,https://theintercept.com/2026/02/04/aipac-new-jersey-israel-lobby-donors/,-1
InterceptPolitics_L,https://theintercept.com/2026/02/04/gavin-newsom-2028-presidential-campaign/,-1
InterceptPolitics_L,https://theintercept.com/2026/02/04/texas-jasmine-crockett-house-primary-frederick-haynes/,-1
InterceptPolitics_L,https://theintercept.com/2026/02/04/eeoc-lawyer-discrimination-mens-rights/,-1
InterceptPolitics_L,https://theintercept.com/2026/02/03/ice-dox-unmask-safety/,-1
InterceptPolitics_L,https://theintercept.com/2026/02/03/kansas-trans-bathroom-bill-bounty-hunter/,-1
InterceptPolitics_L,https://theintercept.com/2026/02/01/melania-trump-movie-review/,-1
InterceptPolitics_L,https://theintercept.com/2026/01/31/minneapolis-protester-witness-killing-alex-pretti/,-1
SalonPolitics_L,https://news.google.com/rss/articles/CBMiiwFBVV95cUxPUzZPMjNxSlB1MTItcGx1WmtQa0piV3RDYWZhOWFGMnNhQ0VYczA0dUg4ZXhLZ2FYZWhpaDQ4eGt6eV9kX2E2b0pQY1lQTmpHNmtnc3FDM2hlZU03SjJodzI0SGJqR3hhbDFNaVp1T1N5STVHSUtjSnd5b0hCYXJvczI5dmcxWGRlUjlZ?oc=5,-1
SalonPolitics_L,https://news.google.com/rss/articles/CBMilwFBVV95cUxOVmxsLWx6c3ZKM09Ea2QyQktHSlEtRGpCV05FcXVUTmlBcTRZd1hXM0djOGc5aDdUcWtTYU1CU3RUWVRfMjc0UVNHV1dpT0F3UC1PMHVyVTBmeHhMVGIzM091RkZsZUNLOFY3bWllNVV3WDhHMDdvUFdIT010VlBOUEQ0NHE3eHN5UWRqbFdOY1EwaVFyXzNR?oc=5,-1
SalonPolitics_L,https://news.google.com/rss/articles/CBMihwFBVV95cUxNdlloMldhTFV3cGg5V0h1bG5HbFBDdWN5U0U3RVRxb1hBLUJhcFp4bWN3UkxVeFUzQXlTR01mYlEyNm9FVFVMd2RqSGJ0bnVVR2k0MkZkNWh6SlMwM1RkRFlETGE3YV8wcXQyWWZTekJjQVdGWmxQUGNPR3N3c0RkZ0s2VFRUWjA?oc=5,-1
SalonPolitics_L,https://news.google.com/rss/articles/CBMimwFBVV95cUxOTW51aWRaYWE1aGJ1YWJTaFludnlhVkc0S3VwRTNGXzlTVEx4eVlZb3B1NzZzYk43MGJsT0N6cmgxMm4zcnk0endYeVFCc21jSG82UnRhT2dKSDZfdkJHYjdzTl9yMmg0LW94WE5WRGY2QkxxS3FzSzc5bmhJbzRQeTluemU0X3FvalNnUDQ5bXVLbEtmcENLdjhZdw?oc=5,-1
SalonPolitics_L,https://news.google.com/rss/articles/CBMijwFBVV95cUxOX2Y1NmFYb01wMFpuWG1pQ0o5aGRpeURqY1dJS1pxUU9SOEpBdXFQNmhEeFNtYWhJY1c5dXhYaXJhTFU0RXNpX25nc2tPaHJiSHhqR290d2ZMWW45SHd3T200TlpmZXdNeE9FR1RhVEd3eFphTUtZTHBIWHU2SVlHU01wWVFFYk5ZTzN0NTJ1aw?oc=5,-1
SalonPolitics_L,https://news.google.com/rss/articles/CBMihgFBVV95cUxPZ0tvRGVTRkpJWEQ2amhGYU5CTmpmUkpKYjJkQ045NTRVbEVrdWRCRGpNQnRDNTZwQ0p5cW1EOXplc3FKVVN6cURKODRpMms5a05lc2pPSVlyV0dGMWhkU2V3Vlg4SDhQeEpjUEF0UzIxU19nNEJDNTZyODA0REgta0xkdm5Jdw?oc=5,-1
SalonPolitics_L,https://news.google.com/rss/articles/CBMingFBVV95cUxORHlWS1VHdDBxdTZjQU9oc01uaDdvdHJudzZTVEJfd2xqYm1rQk9xdFZZQjRYX01Mc0xaSnhvLTdvNVlRb0wtZWFocnd1XzhkQ1E2djNlVzJWeWR2RFF0VjgwaTZkS1diVkREZ1NXbW9BeE5tVHdyUUxHMEZvdVlOSzBWNk1Zc2tPbmVSd2tHaklNcUE3MXJrVWVNT3lTZw?oc=5,-1
SalonPolitics_L,https://news.google.com/rss/articles/CBMimAFBVV95cUxQb1B1ZVFaOHMtaXFGMXhBUVhHSGc3VU1IUHBEYUtuUlI3XzB3dHZWM0t0ZTJhYlh3QTAxcTk3REEtS00tRmpIdTJrMlVGMkVBeDJOYUxYbHA4Ny1YcHByUURvYjJtaUpkdVo3SEREdzhBN2FmMVkzUVczNlFZZ3p1MmtBYUpJNG5PMlIyem5nVkt0SlE1UFp2dA?oc=5,-1
SalonPolitics_L,https://news.google.com/rss/articles/CBMijwFBVV95cUxOZm9rTzB6NExUZzBUT3F4a2tvV2p6cjNkNHRuNHdtY1pOQURaejFUb2VTS1pTN2ZzdXd2Z3ptNU5xZzIxYmR6ckZXb3lrb0hBOTBSM1U3eFdySzNWdF9IdW53bV9zV0hLRzM5U0p0SWVhZGVSMXVKa0xSb08wczBhNUFvWVllNGJxNnE4MVhmdw?oc=5,-1
SalonPolitics_L,https://news.google.com/rss/articles/CBMiqAFBVV95cUxPYTZXcExPcFMzaExFalJGTHdkeTg5MnpfbUxweHFCVFllb2x5Z0dXZ2Z6cHM3dDE4YWNET1dUV0dFZ3ZtRzZTR2hGYi04cEw5S1lGRUNaYVJnQzlXcmc5YlcwOENSWXFHZTNCV2ppQTNCc3Bvakh5RjdHTnlWMXhLUzNVV2ZPUEVaYy1kckVmOG9uM1hTOFZtWHhlYnVQR2JXaE9Fb2REanI?oc=5,-1
SalonPolitics_L,https://news.google.com/rss/articles/CBMingFBVV95cUxPUDJESzVqbmJlTmliNzdwM2xUdjhoRExIUkY0U04waHlFbGVXRngyTF9IQXlQODdhQU8ya3JBdmstRy16Wlc4RlY2OWdDQVRKakFpSGxoajFRTmdSNUpDSVVoTEhuQm5iTU5uLUltSlp5alpHMzcxUDc2ZkNkMmJRWE5ZZWtnYkZRSXNXbTFGWWpYcndpVlRTQXB5T0ZTZw?oc=5,-1
SalonPolitics_L,https://news.google.com/rss/articles/CBMimwFBVV95cUxNYVB4QzdWYm0zQWhsZTAtaTZJNVZqZU82aU56cnB4WXdfWF9ZZHkwc0R2YnRBbTJyRGw1OEdLd1h3Z1pCUWxvNlVETE9GRWlhMkUzLU1QQ2FZZlRjeEFEOG9UUnBveTJoOEJXN1N1ZmMxQUdUQUcyRjF2M2hNN01yeDF3VC1uTllnN1hSTXJaS1ZCNmdfU2J5aWNLVQ?oc=5,-1
SalonPolitics_L,https://news.google.com/rss/articles/CBMirAFBVV95cUxPWE9xSDd3bE14RGdsQjdJWU9uWUF0dDJiV2c3N2ltbXY0NFFNWko2Vl85M0llQ2ZobzlqX1YxY2o0ejRhTW15dzlWV3NCa2UyWkdSWjdJOTZ1YlZkdHBBRlY5aENma3pEbDJOLWNOYUkya3J4X2NrSXhnTUViTXg4cWNjRHI1Wkd2eVdZRjVPVGxHUnVneTIwRUh0d2tUMTVWU3BhVEsyRFJKUl9I?oc=5,-1
SalonPolitics_L,https://news.google.com/rss/articles/CBMiuAFBVV95cUxPeDV6UWdoM08tQno0VU1MZi1Ua3RTdEZ0MUFKa2ZxNEZKT1ZmQVNXYUdGOWs0ZVRFZUowTExBNFNCYjJCLXVOSXE5Z0lsaE8yOW96cHBZZDFSSGFPVms5bGlFWHVnM2lLdHdLMDlKQzJ4Y2JBbEpfMXhIdUYxQlRIYk9OcXAzS3ZXcTBTdWFoWVhwN05VdURCTUs0RWt5dzBhbHVyWWlkTm43bldpcmx1bEtud3U0NDJ6?oc=5,-1
SalonPolitics_L,https://news.google.com/rss/articles/CBMihgFBVV95cUxPRG85bGdiSDF4bXBpOXQtSjc5TnNNVDZBOUpBdzRkWUppelNpbHQ4SjlLc0pacFJuR2ZpLVVUVTlKN1FQeXRBODluNHJCbmFTVm1DLXV1ZFZMS1JJdUZrVW1SQVhmNWJoZ2c4NUNvS3lTYjBJRzFyRFFNSUMzdzYzQ1VPaV9vdw?oc=5,-1
SalonPolitics_L,https://news.google.com/rss/articles/CBMingFBVV95cUxPSFZ4MWhRa1U0ZEZUWEpIVjV6MlpNZVNvTHZUOW9UQVpqQzRpdUdVemkxaHN6TmxKSHc2Z1BUTk5JOGpTcnhtd1I2YU9FNldnM1NPQjc3U3I0ZnZDV0VFX1pCcVdhT0hXT1ZEZHNNR1M0amdrTGI1UkRpTjlZeDZFMFdVeWVIaGtBNmk4dU5nSDlGNG5sbGNzV2Y3Vk9CQQ?oc=5,-1
SalonPolitics_L,https://news.google.com/rss/articles/CBMiwgFBVV95cUxPLVB1VjZ5MWhLb2VfeXppb3J6OEhvQThkZDdZM1hzVTJObkZIeHh3bGN1YjRJb1V4X3QyMk5KbXFZdGI4V1JNYWxwazRqYzF3VmJNSENRNHVUZlVDSkxLUW9QeGdBRTctNi0xcVVoNS1lcFoxQWdOUE0yU1E5akx2czJqbnlpUFhpZzU1WXl5a0YybkFZQjlvWkZtR21BZmxiNDJFMXRVVzB2WFgtdmt1TjJSMmMyQXp5MjAwZHJuenZLUQ?oc=5,-1
SalonPolitics_L,https://news.google.com/rss/articles/CBMijAFBVV95cUxNREpYU3NldWFGYU1HUUFKMzBISW5qRGpLRHBPanhQTGZBMHlXVk95N19fQXBZTU1lQzZzR1pOMFY1Wjc1elliRGY4WDVwQkdRdHlpNXpKeVpWYWZDTzhEOTlsSVV1NnZQcXh3Q19nbDdqRUV6ZnhUTEZvS3FHYnlSRGU3WllNdDFWYi1ILQ?oc=5,-1
SalonPolitics_L,https://news.google.com/rss/articles/CBMilAFBVV95cUxPY2p0TXdtRnh2ZTBRVGFPMEZWbWd3SUVrWk1sbkR3aENHdTlXUFNtLTZFNDFRN3h0RjN1dnN3bGM1NUxTeFl3LWp5WGNOdXVFTDd0elpKcFdHV1RVejZZSjlIckUtM0I0bG9sTmZDdlVOR2pKNUJ4b3psV2p1VU5aNGpvSV9RSjB5UU9sNHFUOUJad3V0?oc=5,-1
SalonPolitics_L,https://news.google.com/rss/articles/CBMimAFBVV95cUxQSlR4VGplTWl6MEUwREh2OXdBWHZuTHNkbExVUndtc1p6dkc1NWlaWUhuS1NWSnBiZ1lZSGljN01pR0xjQ2dBSTByaG1JaHNTV1d0VnhNZE5tTUZkamNfQWlxWDlYMnYxV29WRm9PbkZxZlFWVl9OUjdnQngyc2xXTFlLMUpMWWlQUlJvWVozemF2YnpEcENqOA?oc=5,-1
SalonPolitics_L,https://news.google.com/rss/articles/CBMiUEFVX3lxTE5GRU5kXzh5MElPREVoQ3ByRXljZUhOYkdqVU1oSng0Z2pHWlhxUFNLTXlHWUFXSkNFVXVWMXhNWU8wOW1lV3Bfd2RCRWhaSnhu?oc=5,-1
SalonPolitics_L,https://news.google.com/rss/articles/CBMivAFBVV95cUxQRjRkdUJ2dFhCOUlHaFlwQ0xfbTFGQzA5WjNBY0lGbVJYQ29qYndRVE9vcFVpOTR3aTdja3FKaktzRVVSM2hLRFA2U210QV9WcFZndnlVaFY1aWw2cWxRVExKdXROUnlsbVY1Z0kwZnRnejVPTmxlZTlmdGR3eW1LVkUzeE1MU2l2Tnpnck5QNEJKZzFZcjVvTDhyVkkwbjNmSnlBWXVSLWthRTVFb08tV1o5NGtNMUVPU0RfbA?oc=5,-1
SalonPolitics_L,https://news.google.com/rss/articles/CBMinAFBVV95cUxOajhneGtxRjNUZGRoZlZycTdfS1puaW9naFc2UDJIelQ1bEdoTlpDeTRNcjJtc2toc210MVZQWnhWUzBCTi1GRkt4R2hibE8tUzNFbzBVLWF6REdDZTdkMEYwd05GS2hWZ3IteXM5TTlURDBtOTlMVnhxQVAtUlRLZ1BGSFgzODE4RTkzLUNPN0ZKS25VNkRZSjB4TEE?oc=5,-1
SalonPolitics_L,https://news.google.com/rss/articles/CBMixwFBVV95cUxNWkk4c3MxbG1yOEVoTmdHTnJKZDVJSXFZR1Y2RWVveFhzVzdFeWVzbGpJQzI5Z2d3RFAwNVc1clFqVGc0ZDhrX1BiVi1jNmo5Rl9zVTg5ckNfVTcwS29qVU9UM1FLa2NQemMyaUJOUzI5SUcxZjlwUENWVDItc1ZkeFlmanpBMDB3UW9fWnUyU3AxTWVOYkdOelpGcGZXUjBIbUNpaHoyRXA1S05MTlM0ZlE4anQwcmRqZTlaQjhFYUJEUXJVSmpn?oc=5,-1
SalonPolitics_L,https://news.google.com/rss/articles/CBMinAFBVV95cUxOTzJRWGtFOFFPbkIzTWZqcjJQNXNOdkJEMEp0ZWVfckE3QzdrcURrdnhIN0VEbENISkRNR2pGcnlzZHhwVGpadVFlcmp6bmhTY05mS0p2djk2a1A0c0g1UWJsYVVxMWhlNWYyS3N3bFk2eXZwT1RKQUc0U2VxNW1MMmVYMFJKMGo2Q25obXVad3Zyal9JcXZtbWI3YV8?oc=5,-1
SalonPolitics_L,https://news.google.com/rss/articles/CBMirwFBVV95cUxOQVZDQUJPSWlxMHRESnhJVlNBUURucXdseHpZQ0ZUZUF4ZHJaenRYSnVOSjBHQWFrbGZOMjJKN1h4ckFvT0pCd3BGWjNVZDZuUjJoR01fZmg5WXE3R19TMUdTaFh4Y3FlbDlIQTFQMWk5ZVR5NFN4dkxtX3pEUnVwZkxrcHFBWGZ6ZFQ2QWVlblFqdGlsdm5VUWZSdzJjUUxHWURpOWFmdGkxRkRKQ3ZV?oc=5,-1
SalonPolitics_L,https://news.google.com/rss/articles/CBMimgFBVV95cUxNYXJCUkJWT2oyTERwOUxVbHgtU19jQ2hQek1yRHJaaURyWUJsQkVKRDR2QnVVbnU3WHZKT1RGQVhqMXc0Nlc5MFMtZXhISGJrcXYzTV8yWkRmVFdpZ0MwZGNMNWVOYWM0Rnl5bTUySE9ieVR3VldBSS1pSF9xaVAxanRBOHV2cGwxMXF0NE9lOEUtaDNRNHZ2d2hR?oc=5,-1
SalonPolitics_L,https://news.google.com/rss/articles/CBMiygFBVV95cUxNUERodTFqQ0hHRzhCY0RFaFBzZnU5LU16eUdVX3NDM2RLd1VMZmpUclU2MFpHT2dxUWlMYXdqVEtQT21OZlNxMlllYnUwYmxFY3FzWDdtT0tYeWluaXNmYUFYUHNIRmd0aWR6YmZoYWlPbzQzR2hsaHFPdVRLbEFIbEhzTzBrSE9QWnk4V0ljQVhVWFVJN0ZzekdSYk9vbmxQRmtBSW9FQUFjdkJrQnFGNWdFazg1VjF4QThESFlyTmVJekJCN0RKMjNR?oc=5,-1
SalonPolitics_L,https://news.google.com/rss/articles/CBMiywFBVV95cUxPbnZibUtWZEt2TlBCX3c4MXdMR3BGdVF0djRUVmUyWGg2bkgweDJaeXNXc0hJTWgzSE5COEcwdkgxSzJuelc5emE4cjQ3NjdQMTZJQWJsSXBUMDVROVVIZWhFX3RUYXktYk1yUzRMVlk3Q1BjR2NlT3FSaFR0SUd2U2QtTDNJc2V5QmQxazdrcGoxU285cDJUNEl4TDRxUUVYbjZXQVNXYmVwQmdEY3VvMUFDaG9tOWs3UGNMZEVqRmJpbjZiZWdUNTFpWQ?oc=5,-1
SalonPolitics_L,https://news.google.com/rss/articles/CBMieEFVX3lxTE5oOUl6SUM3ajR3QnA1LUxOUlB0bkEtZ1paLU1SWXBRZHkzcjBuLXVxX25tUHJPRnBFWGc0OU9TVHRoR3ZNYjZGX000UWZJVmxXWTVjSERrODgzSnJOUWFLelEwc2hGaU94QVRmWnZmcE4xeWpJMlQ0dg?oc=5,-1
SalonPolitics_L,https://news.google.com/rss/articles/CBMi0AFBVV95cUxNMkg5eHp3LXBLMUpHSW4teGlXeHFtbzdsMWItdVNXTkdmUnBFdnNsR2pKSzVoYWFBVFZNZHlSaEVBbk9GSllEZXRrVUNQNGtTeGo0TU1vWTlBU2xXLVhLV18zM2p6bXc2bUVzYndxU29JS2JCUWZ2T0JyTWw2VkpfR3JZOXZwNFZrbWc0LV91VjZ4R3gzcy0wS2xvbGwzcmVTbVNENzAwRlRmNTJuY01EY2YzVTYxZnhKV1Y4YmFsX014bmdraDZNeXJ0bzFxbVNj?oc=5,-1
SalonPolitics_L,https://news.google.com/rss/articles/CBMiwwFBVV95cUxPbzR4WVBYaklWbDRMYmpjVFJQWmNqbXdxXzM0b2JkMnNOXzd0c3hYcEtXbWozdW9XRkFWc0hFbUE5Wmp5eFNPVmdJWFhzbXhpS0dwcHJLLUYwZ3ktSnI4MzhPTXhGM0wteDZBVTEyTlRsaEJZaWVQXzVRTldhSkFhLVJqai1XN1FsbGJIVzFzZHJVNGlfVHJWbDJJN1pGdWNFSFdzMmJzUF8wRmRCOVdBZ0dORDdaMHI2UFNSWmdHZXpoblk?oc=5,-1
SalonPolitics_L,https://news.google.com/rss/articles/CBMitwFBVV95cUxOTUNaZklpMlQ3UUFIOTdzUkotNGVjN1ZNRzNfWmdBVktBbm1hamVJdURqMGFobms2OFVhMUIyWGQwRi1rUkpBelg1emxNS2JHRk96NHBjbkd4aWdCVXRCZXRRZXlVWHN4ZElqcllybGkyeUJuQmNZcGRKUGs3S29FNzRmNXQ4TVlYSEpDcU1FNmFJVnVTYWptbzBYdEdDd0hxeWMxMXhKY25xZHdIcHhVM0UzZ2JsdFk?oc=5,-1
SalonPolitics_L,https://news.google.com/rss/articles/CBMivgFBVV95cUxOQ2thMlRyckg1V25rU2gzQ1RIUG45R1dKUnJjOF9VV3RoWm5lcWJULUlmNENiZFZGTUlobm1NdVZrWk1zOFk0QXhoenBsUnYyYXU5RDhtN0lfd2tFeGtqTGM2cTNuM1J4dm9MZnpKRk1OSC0xOXBaTWFZVjhiaVFKeTl3cVgxdld2cV84TWpGNTVtMHoxQ2hObHdaTGhrU2FnMDhIWEFFVHo2VEMyajBTY1BWc2JUdzBZNUw1bG1R?oc=5,-1
SalonPolitics_L,https://news.google.com/rss/articles/CBMikgFBVV95cUxPdnVwU09lbER1RnE2VnNEUGJRYnBOQkh0UTBncXE1b1BZaVlxMmxyYV9NSU40TnVMTzZPVW4xS1MwcE5UY25fV1JmVUFOT2s5UmdMdG9aSi1DU2NaTkxOeENkaUtjbWVNVl84SU9FdGFxNFppY2JFbjRCWXJ4N2s2bERoWFNwVHBVbnUyRFliN0ljZw?oc=5,-1
Guardian_Opinion_L,https://www.theguardian.com/commentisfree/2026/feb/22/russia-cultural-liberal-elite-putin,-1
Guardian_Opinion_L,https://www.theguardian.com/commentisfree/2026/feb/21/ukraine-us-betrayal-donald-trump-vladimir-putin,-1
Guardian_Opinion_L,https://www.theguardian.com/commentisfree/2026/feb/21/ramadan-gaza-pray-share-candle-hope,-1
Guardian_Opinion_L,https://www.theguardian.com/global/2025/jun/26/sign-up-to-matters-of-opinion-a-weekly-discussion-from-our-columnists-and-writers,-1
Guardian_Opinion_L,https://www.theguardian.com/commentisfree/2026/feb/21/the-60-second-rule-colour-theory-yet-more-ways-were-supposed-to-live-our-lives,-1
Guardian_Opinion_L,https://www.theguardian.com/commentisfree/2026/feb/20/andrew-mountbatten-windsor-prince-face-car-window,-1
Guardian_Opinion_L,https://www.theguardian.com/commentisfree/2026/feb/20/labour-no-10-influencers-content-creators-social-media,-1
Guardian_Opinion_L,https://www.theguardian.com/commentisfree/2026/feb/20/atrocities-el-fasher-sudan-predictable,-1
Guardian_Opinion_L,https://www.theguardian.com/commentisfree/picture/2026/feb/22/rebecca-hendin-andrew-mountbatten-windsor-public-life-cartoon,-1
Guardian_Opinion_L,https://www.theguardian.com/commentisfree/2026/feb/22/the-guardian-view-on-the-funding-crisis-at-the-national-gallery-the-public-should-not-pay-the-price,-1
Guardian_Opinion_L,https://www.theguardian.com/commentisfree/2026/feb/20/the-guardian-view-on-trumps-board-of-peace-serving-private-interests-more-than-public-good,-1
Guardian_Opinion_L,https://www.theguardian.com/commentisfree/2026/feb/20/the-guardian-view-on-the-southbank-centre-ministers-must-support-innovation-in-the-present-as-well-as-the-past,-1
Guardian_Opinion_L,https://www.theguardian.com/commentisfree/2025/jun/26/broken-housing-market-inequality-europe-far-right,-1
Guardian_Opinion_L,https://www.theguardian.com/commentisfree/2025/dec/22/barcelona-madrid-different-ideas-tackling-spain-housing-crisis,-1
Guardian_Opinion_L,https://www.theguardian.com/commentisfree/2025/oct/23/switzerland-zurich-housing-cooperatives-europe-housing-crisis,-1
Guardian_Opinion_L,https://www.theguardian.com/commentisfree/2025/jul/10/housing-crisis-in-europe-vienna-renters-social-housing,-1
Guardian_Opinion_L,https://www.theguardian.com/commentisfree/ng-interactive/2025/apr/25/brazil-right-precarious-workers-pay-conditions,-1
Guardian_Opinion_L,https://www.theguardian.com/commentisfree/ng-interactive/2025/apr/18/how-to-beat-the-far-right-global-left-mexico-politics-morena,-1
Guardian_Opinion_L,https://www.theguardian.com/commentisfree/ng-interactive/2025/apr/11/in-slovakia-our-grassroots-movement-helped-oust-a-neo-nazi-we-can-do-it-again,-1
Guardian_Opinion_L,https://www.theguardian.com/commentisfree/ng-interactive/2025/apr/04/bnp-east-london-local-politics-margaret-hodge,-1
Guardian_Opinion_L,https://www.theguardian.com/commentisfree/2026/feb/19/stripped-of-finery-detained-by-police-as-an-ordinary-citizen-now-andrew-and-britain-enter-a-whole-new-era,-1
Guardian_Opinion_L,https://www.theguardian.com/commentisfree/2026/feb/18/no-10-council-nigel-farage-local-government-reform,-1
Guardian_Opinion_L,https://www.theguardian.com/commentisfree/2026/feb/17/donald-trump-world-health-organization-hypocrisy-nigel-farage,-1
Guardian_Opinion_L,https://www.theguardian.com/commentisfree/2026/feb/16/keir-starmer-prime-minister-left-right-centre-polls,-1
Guardian_Opinion_L,https://www.theguardian.com/commentisfree/2026/feb/15/labour-send-special-needs-reform-schools-children-parents,-1
Guardian_Opinion_L,https://www.theguardian.com/commentisfree/2026/feb/15/keir-starmer-britain-government-labour-party-minimalism,-1
Guardian_Opinion_L,https://www.theguardian.com/commentisfree/2026/feb/14/toxicity-social-media-ethical-racism-misogyny-far-right,-1
Guardian_Opinion_L,https://www.theguardian.com/politics/2026/feb/22/labour-must-take-drastic-action-to-regain-its-standing,-1
Guardian_Opinion_L,https://www.theguardian.com/education/2026/feb/22/employers-should-contribute-to-universities,-1
Guardian_Opinion_L,https://www.theguardian.com/society/2026/feb/22/falling-measles-vaccination-can-have-terrifying-consequences-for-families,-1
NewYorker_Politics_L,https://news.google.com/rss/articles/CBMinAFBVV95cUxPRWF5OFVkdVd1aWpoQ0NqZ1diaUpGM2NXb1Nvc0I2LXJobjZFX2pKVWZ2RERXTWZ0RWR1Mk5TQVYzZmx5SkVUYUdYZm9VblFJdjhJYXlPZHU5RGhhakhWYlVuQlJJSF80RmM0NndpRGdkY2luc3luaG5NX09BWXo5WlAyQWpBMlZJbWdab04zeDJLX0EtWjB0RVRUSjE?oc=5,-1
NewYorker_Politics_L,https://news.google.com/rss/articles/CBMiuAFBVV95cUxPODhNeERSNGxLV1h0a1VtcTJTcllUWWVpU29NMTRjZzBtSkRqd2FiVHFpYk4wUnlXVVhmcWRrZ2tJV01iaGxxMmtIU0ZVN3ExNW40a1NWYzJ2N0FiMXFsUHAtUmxuS1BXMHNxcFpKelpNWHhtZElycUY1TC1rVGRjRHZPNmRodThmQS03aDlUekpNRDE4cklWZUo4YldhanZDTmVSbmdJVVZsUnotWFJlOUtiN2owS0Jl?oc=5,-1
NewYorker_Politics_L,https://news.google.com/rss/articles/CBMikAFBVV95cUxQeVF3WEpNVHBXeWwzVjExeTVBRDYySzMxT3ltV3FDX3ZkOTY4YVNpTDYyR1ZJX0hGdGhoOEtUeUVJUG16RlhpMWltMkRxUmNuTHNIUUZrUFpIbEl6SEdONk55aWJIMWZOOFY3cE1hMEZ1YVRkaUxkV0FCMlN5bW9ncG5Tazc2eHB5ZlFMZTJOUEI?oc=5,-1
NewYorker_Politics_L,https://news.google.com/rss/articles/CBMimgFBVV95cUxOZk5Ubnh5b21Gd2pDTWhQdGRYZjd3ZUZ6c0ZQdExGR0xFcFdfOHZ1T2U5a1VoTmdUYlpKekdLLWloQ0k2QzlNYi1PZ2l4QUVuVm00YnlPQlkyZ0lmUVppTkFUSlJoRjVDRVRURzIxdWc2V3JkczdoTmsySnJnSUY5UGNZSkNxRmR6OURJTWZNeFg4TWUyUFdBdDdB?oc=5,-1
NewYorker_Politics_L,https://news.google.com/rss/articles/CBMigAFBVV95cUxNNUZ2eUJVb3hXN0ZxMkpFY0R4R3Q3d0hISEZUbGlpVHVGVXRrbGRiNW81dThIZW5lenUzWjdUMU9hbzVmUzFqQk5HbF83U1FOenQtWXA2Y1hxVGJCcmhBOHZKak5yWkZMV3RDYUI2NHpGZ1FLRDNjWGhPa2tvc3REbA?oc=5,-1
NewYorker_Politics_L,https://news.google.com/rss/articles/CBMigAFBVV95cUxQOS1nVmxvN1RfZmYzSlhDM2NiLXhKdFR0U1lGSDF2TWl1SHJZYklBblExTHpROTN0bmJUM3Y5YlZGZHNhYllvTEZlRDc0RjJ3R2hBQ1hFdDhEeWVkMDhNWHpPWWJFTmxyS0FxT19oalBOaUVxTTZ1TGZYb1NvZFU5cA?oc=5,-1
NewYorker_Politics_L,https://news.google.com/rss/articles/CBMikgFBVV95cUxNbTdlZVJWektobGJSR1RqQ0xhYlhlYU5wdnVqR2tCRlZQV2NXMHlRTmVFdlA0UnhPNV9vX2dzd2ZXSGtFeWZ6a2V6R2pzZjN1UVR2WTRBQXE1M1Nqekp0TFl2T0dPUnZXNVkxYVdHT05FYWw4THZGNXBFS21YN01ieWVLczNBbUF2Sm1UU1ZTeDFhQQ?oc=5,-1
NewYorker_Politics_L,https://news.google.com/rss/articles/CBMiogFBVV95cUxPaDVEM1k0RGlzZ0JGdXBEcFFpSlRWc251S1k0bmxncnVFaFFKVTN6emFBZ2pLSzFhOTA5SmVzdzFrbFpCVm5XdkUzVGU4Nng5THRyQTZlYUc0cVdJRUc0M1VJUkw0Yzl0NXlMUEZpbnNkYy1zc3dlTkRra0FPdUtULVBlVnhqV3Q1dEhVQTR6MWdVdmhTeVg4cHJ5di1JWEJpekE?oc=5,-1
NewYorker_Politics_L,https://news.google.com/rss/articles/CBMinAFBVV95cUxPQ3Y4SUEyYjlBRkV2VVhWQ0NXRk9GbVdsM2szVnhjUnRyZW9IMG05RF9QblB3VFRIVFNqRjB3TjJSVmZsWVRSVmZwSVlvOExsLXMtdkZnZFN6TXgzTnBCajVaZVNnSTRtd25GeUtoVjRUZlZGZW9WUkl1NC00T3hkRmNRZVpTdEFIRmdYOUwxeVJlU3BaWlhCZWotcEU?oc=5,-1
NewYorker_Politics_L,https://news.google.com/rss/articles/CBMifEFVX3lxTE5Tanh5V3hqT19rVExQRlpJQmNMVUlqTGt6bkc3OGMtWm8za3d5d0tZMUxSTzVxQkwzRmY2QTFtQTloR0ZDeEczMWVEZG1mQ2w1bVJjSk5hejRDS0JwczEtSUpLWUFVNXlIWWJHdFU4VWN1ZDZRUWVzXzUzbXU?oc=5,-1
NewYorker_Politics_L,https://news.google.com/rss/articles/CBMiugFBVV95cUxOdG9zekpMRlkydmtNV0M0bEQzY2hJeDZURlc0SC1zUHFRZHo5cEFWZmN1S1pOVzdHZm51a3U1Y2xfTWhtZklJOU9uWFp0NzNCbHRCTHBLdjRsb0ZQekFKVlVaMEJqaWhGM3B2cS1OSUk4MzJqMzRqb21ud090eVZWUkxOYmNLcmZhekloZ2hLbnV2Z1o1T1BTMlhBZ3NGSlhYSm9ZcHAxV3ZLcmdpdXhPRFMzUjFmMGtzRXc?oc=5,-1
NewYorker_Politics_L,https://news.google.com/rss/articles/CBMitgFBVV95cUxOR25wMkpWd1N6NG5FdV95Z3BjQnJrYlI1SGx1WUtkd1cxa0FiSTg3VjZQbXBPaTVNN2thYnpZem1SUkQ5T1dQTlFyNk9UTkZzamxsU01Xc2Zid3gxbHFrUE83bHFGMWdKOF9XNTNJTTJicWU0U2hsMTBWMGIxaGpEMldJcXB5dlh5VzctU2xPMG5uYXA1MlI3RU1za0dFdXpTT19kS2NpRWp3SFJVM2pTTlVQcS1hdw?oc=5,-1
NewYorker_Politics_L,https://news.google.com/rss/articles/CBMitwFBVV95cUxOWnlFY1BHS195U0x6YkdQY2hzOGoyaXRLeVZPRWZJQ0tBdFExeFNBbW82RTM5LWQ1VmJKcDhCaHEyRXdGcmNmNlhoOVZqUnkweEtHaTFWbm1sM3U0QnJiTGY3RUhVSzBJaWJhYkU1ZDZkX0ZOdi1vTENHZmpqUHlteXNlZU9wM205ZmFBeVpFRy1IZV9rZW5WVnpDeGJXaXZTZDAyWjVURmY3MFU5R2RHNDliVFJmcEE?oc=5,-1
NewYorker_Politics_L,https://news.google.com/rss/articles/CBMiggFBVV95cUxPNjlMUzJ5bURldDZxU2dtNDJtY2hWSnVVeEQ2YXM1MDJlTXlSb3pRTnVIcVZSb2JXZ3VtNWlqVklHZlpMcnlsZ1FHVjhza3YyTnRpbVZrOWd0eFhnX0JNTFp2MmhTYmtKSE1tdXNCUE1zVnNaU3hmY3VWTlZmX2p4OU1B?oc=5,-1
NewYorker_Politics_L,https://news.google.com/rss/articles/CBMipgFBVV95cUxQU2ExbmM5emNSaVJkZDdrNVYzVm40ZlR6aXlVb3AwMjlIOWxOTTk4ZFZpMVlvSXFQUzV2R05RbzFiRDFqRE5tUEQxZGtiX01xdDVtRDR4THF3WnluWW9lN2VRdTdGVzhkdWUtLUp2a0FTT3ZENXFEM1JDcFV6WkpsMU9ESk03ZWMwSFo5UHBsWDV2WUlZZnRSeUk4VWlrSGlnRThoNlF3?oc=5,-1
NewYorker_Politics_L,https://news.google.com/rss/articles/CBMiowFBVV95cUxNM3hqTXd1N2FNSlFsQmN3NEc0ZkhLRHRHZGNCZ1pqSDB3R0MzZkExUmRCd3J0ZTl0LW5fNVdkQTBNdUlqbVFxaXZIYnZaVE1zWERjU0tlb1RZQXNyaXN1dndjc0g0YmN3cF9EcUN3M3JiMzM2Um43LS1CaUNUWVY3MjNsdUkwTnJVLXZ1Zlc1TmFqdVc1cUNKY0paR0JTeWl6ZkNr?oc=5,-1
NewYorker_Politics_L,https://news.google.com/rss/articles/CBMiogFBVV95cUxQekNHVlBQRWJkdF9ic2t5NktQY0NDYWxzWUZfMDNlYlRGUHN5d19id0FOQXdyMndRSkpORjZqYkVBeU91aEItRFdZRlpqSXg2VUJzc1lmN3l0SU1PTXN2a1hVa2JpZDl6VS1WYUhaMGdpcFhyNHRSZnZiY1hPdUdXekZmZExud0ZRWEN4NFlLbjl6RUlUUkRQVTM0ZFZVdkVxdkE?oc=5,-1
NewYorker_Politics_L,https://news.google.com/rss/articles/CBMi3gFBVV95cUxNUWRxMFdXN3I5ZGtPaExMbElBSFdUdU5ENnZ4Q0YxNjNkSUpaY1hiTHVUNUM1bUo2RThKMDNyNVh3TjFkVndnVU5qeGVJSTZPWnp0U0RNRVU4X0JZc3R5OHc2U1Q4OTZ6aGtDd3l3dTE3QXFfTHV3TW5FeEI4UGQ3and6RWpJS3NRY0FsM3pjUDhMdGVROGlMRlNGR3FZSmx6UEpHLXRaUUZhd3NaSHN6N3Q3N3puTHRZY3dIQjdIcHk5R2VRZ2RsN0VqNmJJdkltRnVVbVVMMGNtTUp2TkE?oc=5,-1
NewYorker_Politics_L,https://news.google.com/rss/articles/CBMioAFBVV95cUxQZ0RnVUh5eUxBOFUwdVBWSzhvc1BoUTRJMm0xcW45a0J6dTJGSmU1enNJRUFORFhZcktSTUhXN3dCUzMtVURZeVotSmlWLWVSV0dFaW41bWlPR1QzeS03QjRyVVQyd3EyZm5QZWlZbGVxYV9TNWhQcDVNc3NncHlxb3V0Z1NkcGF5b0F6d2t0emFOSGFDMlJxUjFXUF9pN19s?oc=5,-1
NewYorker_Politics_L,https://news.google.com/rss/articles/CBMikgFBVV95cUxQZXhIbGtPTGFFaWMwSng1NnFBTFlkWVZQdFdUWnA5VGY2S0JmVjBuS01ROGx5NHJ5N0tCVGtUbVdUeGotUVBlZVB2V0FJcXNodWJlSVVNeXpxckwzVS1OMjBKWE1jN1pjQUtiOWFCbmNLNUVVbnM4ZXpjTFNpTUlybmQwaDJZazg4ZWJYUlRZajYtQQ?oc=5,-1
NewYorker_Politics_L,https://news.google.com/rss/articles/CBMif0FVX3lxTE8wZFFuNGdHR1RyX2VQeFNMX3JMbHl3UEd1MmNXc2RyVXBhalFTOUhqbGVJRjdqcDNpeU9PdS1fT3VnanFUSmxEMWQzdVlRamU0M1luSlVOb0ZDaVJiLXhpeUw5S20tR01XRDhvcUpkZjdaU3k3R2pVQW1Lbmd4LVU?oc=5,-1
NewYorker_Politics_L,https://news.google.com/rss/articles/CBMigAFBVV95cUxPQTRrSHdFQVRsUTdUczhjT3NEZnVCSTMzYklXaVU2cU9Jc1EzMnU4Sk1Ic3prNktlYWFEVWR4eklpZDdFX1FpQTRnSTFheXd1d0o2U24xNTJhUGUxWjl5bk5YOVFCc1dDaWhBaDZHbW1qbEdfT25oYlFSQU8yRUxxUg?oc=5,-1
NewYorker_Politics_L,https://news.google.com/rss/articles/CBMirAFBVV95cUxNUGhZbVUwand0czYybnFfSnBpUklQSHg4ZGpFdnFQWXZ6UUFONVpZdjJZNkJUUmZUS0JiNVhLQmFXbldBaTFDRHR4VmhzN00xb0w5ZTFoTHlFdENzaXdXeWJIVkx2SlN0cVZ0ejBoNmQ0dE1adlZvR08xRHBGMGJnWlo3cUtzRGFzX2t1aHZWSkc0NXBQTnZvVWRHMUtmS0MzaVBSaFJqc1QxaWZq?oc=5,-1
NewYorker_Politics_L,https://news.google.com/rss/articles/CBMiV0FVX3lxTE1McjZ3bWRxdUg3QU10M01HUFA3NXlmZzRIc2o5N0NFRDlWNGljRml0WElQV29CNFBhSGNLdGh3Uk1tbk1VMm9lTTVuS1UwbWFVMWkzdTY3bw?oc=5,-1
NewYorker_Politics_L,https://news.google.com/rss/articles/CBMijwFBVV95cUxQSnBlY3RpbUduajZ5MUFkb0NrM2djYlA0N0sxbHlPd09CdC10YUd2MFhEdzVDYTU5OGM2RzI2TjlaMjZoNWhxX2xpWVpoZVJqQUlucXByVjFQQkhGbldHQ2FXaUNpWGRTV3Q1SkVJYmJFdGNvdVVtejZTdm5LUWZGcnZ6S05QTktmQ09aRTZwYw?oc=5,-1
NewYorker_Politics_L,https://news.google.com/rss/articles/CBMihwFBVV95cUxNYUpJbWh1WlJJT19pTXpnWFFFdHl1S2VjY3VtaWVwM2FDd3NUYUVEdVRVTms1c1haSEZSS1U1TjJ3b2xtQk9INmdqWHI4c2dHQmN2SzVLbWNCX0ZrM2stVU9ST29oSWtpd19WOFoxaG1RakRRRXpKTWZoTTJ0aGlRTVFvd2Y0Tk0?oc=5,-1
NewYorker_Politics_L,https://news.google.com/rss/articles/CBMiVkFVX3lxTE1TcFNPNlBfbUNRVG5JZTlpRkVoWXl4ck5CM1FybGlJLWVUYnktYzZJM3JlX2ViOGxZc1AtbXdONjJ0b2tyc1o2S1dpczRqcGxqYjF0YzF3?oc=5,-1
NewYorker_Politics_L,https://news.google.com/rss/articles/CBMiswFBVV95cUxPdl9jWF9Va3VWdWlfbVBSbWdPVFJCVHJJV3M5RFRPOXZmelppTHJlcVItcTdKT3dZSHBrVmpNeDVOd2stSXpnVk5UZHlJM2prQmI5ZkRGQWxvalJPcXlBWWxnY3FCUlotbUU3WHZyUGFGUTlKMjRXNjNzM2N1Q3VISVFFN3o3a0g4dmJfZ1NhZE1sQXVYX0c3T241a2tSUUJtVXh3YUgxMW5uRUZ0bHYwSkpDSQ?oc=5,-1
NewYorker_Politics_L,https://news.google.com/rss/articles/CBMipwFBVV95cUxOTkpnWnN3bTdlbVFubGVBdUhEWi1CNkZmMnp1d2JiaVRwc2dEZEpKRFZIeVoxNnNOYlcybjQ2Tm5LN3VVNTRZSXZtOF9nNDZFR2tDRTlBTGZZUWo2aUR2NVVoZ0l5YV9yOFRSUnRmbVMxbGhOWGhkNXNTLW9OaFEwd0h6TWd6NVRGYjF1bjlSclU1X0FwcUNiZHJvSmNoa05RS19iQVcyUQ?oc=5,-1
NewYorker_Politics_L,https://news.google.com/rss/articles/CBMi1gFBVV95cUxNeDNlR0pDaUFYMVJsQmZqcnI0V0JKNjBRNjA3ZS0wREVnRkFscG5Dc0huUlFoaHRpYTRjVVZqWDdzLXZFdEhzOV91MkR2aGlSdkRiTzRoSmdtYXIwdkExRjItd2dtZDdRS2Z6bzh4WHdBbUN0OTNHa2xHSlZBV3o2Z01HUk1KR1FuLUhrV1RZY0JiQ0NBS2ljRzh4YWtLZ3A3TmdJVm5WLU9mNl81YUVMdkpCRVE3eHA1UGJGN0VnRGxmdmJzeU9zRXRrdmFsTDdERGIxQmJn?oc=5,-1
NewYorker_Politics_L,https://news.google.com/rss/articles/CBMikwFBVV95cUxNTlk3andhVWVuYzViLWwzQzlfblh0UnNXZVMxbG9Sc2ZaUXM0eF8teVZ2ZjZzbGRjU2pFYlhUUEd4VnhMMlVvSnFrWXhYdXdjektGMDlwdFBJbng0NDB0TmdKQmhVZHU4a0ZGNzRKdEZWaFMzeHJSTlhiNjZ4XzluYzBuaGdzN1M4cmszZmstYVVDR0E?oc=5,-1
NewYorker_Politics_L,https://news.google.com/rss/articles/CBMilAFBVV95cUxNTHA2ZUxPLU51RVk0WEF1bGNMcUJpZ1d2Q1hpOW8zSG9xbGQyemVTU28tR3hvb2drTEpmRnpxaDltS2U3bFU2OGhBZ0VoTXpOd3V5TDVkTDZEck5fd0FzbXZSQXM1SGZVYTZucm1aQ2MyYktuMGtZbGl1WGVZVURoY1FEN2ZSNkdvQ2dlQUwzc1JKUVlY?oc=5,-1
NewYorker_Politics_L,https://news.google.com/rss/articles/CBMiVkFVX3lxTE0ybzJ0bmVXcFp1QVNLaWVBVy1RS3gzSS15Z0h3Z09fRE1leWxpZzd5am1hTFcwc3JsMnpNMG5oYzN6dVp4ZER4Zk43dVQ0ZVR1RXNpODVn?oc=5,-1
NewYorker_Politics_L,https://news.google.com/rss/articles/CBMiowFBVV95cUxPNTN2SldwemZKVGE5OGtzaWU2WEJXOFZ5Y3pUdUNVMnhDTVFNcjdLVGtoRmFOaWpUb1BWWmRxNEk5UjBTVU93OHg4d1QxeEhvRFI2NERaUjJKMF90TGRNQ0FCSUtYZG5qOVNZMkRqYUdhaUR3OWpIYnBvdnVHaklkUUItR0NpblhON2lHTkREa2V4eUt2dE5TT3hoNmk1ZTJiZmpB?oc=5,-1
NewYorker_Politics_L,https://news.google.com/rss/articles/CBMixgFBVV95cUxOY0l6ZWNHZ0lxR3FpX0xWT2g0Y0JobkxpX2NTRlhSbElkbDAwdWlHcEpBdmFtUHhZSkJxQ1I5cVV0ejlWaFdfRmlvZHVtLXNzTDdTbnJyV2lDa0JMc2h2VHZBeUlDLVluX2Yya0VMejRsVDJzSmZTWkw3dVdxZ1pJVU8zNTVHVi1CcnVORFl0YjJDRDBVbTBDQ3FnbUdiOWdCMjdhOGZYT0Fxdk90Q24zTnRidUIzZ2I3MUowMS1HWk9jMjAtSlE?oc=5,-1
NewYorker_Politics_L,https://news.google.com/rss/articles/CBMiwAFBVV95cUxNYnV4UmtPWlhGR2M3dUlIRTI1MmVtckY3V1hvMkhsbXQ1SzZ0MExOdnIyZFJuWV9IMDNUWXZ4Y1RmQjBNV0dYY3dDU1kyUkRiQWU2NnpkU3NiTlloXy1aSEhDdXBSMldfdENISzNVSk1zNF9CTWt2X01NOWJ2aHl4Ml9JYURuMXUxSkZIaDRDMjByWmV1YjhTeWR6cUFNOXZoUDBIaVNWTzJVbFJaNGFmbEcwM2FfZTdNRFFheXBZSXY?oc=5,-1
NewYorker_Politics_L,https://news.google.com/rss/articles/CBMimwFBVV95cUxNbU9CblpVRVpTX3lmOHNJZnplNTdCdG1ncEZoNjNjLW9WUVM0QXJKeW5GZ0k3bTdENUE0eEVMZFVFVmMxSEQwSTNaaDhoY3c0LWcwM0VkdDBqalFTQ3lRT2ZnSTRoNUVTZEdITTE1NlZEdE9VTFdWeUZ0MEEzX0FaYmNJWkRXeHlhTE5VVUhtYmNJMVBUakZwbVAwSQ?oc=5,-1
NewYorker_Politics_L,https://news.google.com/rss/articles/CBMihwFBVV95cUxQc0xrRnhhb0FOMHlycWlidjJ4UkoydkU2VVFmNXVJcXhSSnl5czVjeVkyRF9EOElkeVlCVGVHZDlFZDRfZGJ5X0dvYU5jUlhGQ3VHZ2FhMlZDQWNDVll3bDhvZmJockpWUWpNSzhRWjNfR2FLODZXSWRvUGFLR1JZSlFENXJkMEE?oc=5,-1
NewYorker_Politics_L,https://news.google.com/rss/articles/CBMipwFBVV95cUxOSGlwcU1ERmQ1S2k5bXlvdWt2b1pCekpocVgtM1hCcm1QRmVzVzJsNV9fUzQ3aVhDRTYzM2V2blA5emNiR1FQMlRVaUtMZVNjdU1KcU83Y0V1ZXczWS1mODVsQzFURndFa3k2UzBqbGRBVkVpdHd3amMwcTJvbERhcGRfYWdEb2NvUkFfeDlDV2h2akZ5ZEx5MnNLOUxYVDBnOFRqX3dWcw?oc=5,-1
NewYorker_Politics_L,https://news.google.com/rss/articles/CBMiqgFBVV95cUxPRkk4Z0Z6T1VSLTdIUWF5Z1IzTldVbi13U1M1ak5objl1OU1nUDhPaW9XZkxjUVhJVDRIOHE1TFJyWkJpZWtTS1BHU0lKT2J2SzBHMG9xT1pTVWFxYTBIYmEySkZRc29VdE1jWjlQU1U4djZ3MzY0bzlSYmZsQzdsWGxybVVsSlV6cUdhVHo1SEpZaFVnZmhBSVBiRUx3WW5oWFhKVHE0V0g4QQ?oc=5,-1
NewYorker_Politics_L,https://news.google.com/rss/articles/CBMirwFBVV95cUxNYVdJNUtxMkhKNDRPVndONjlPb1Y1eGVNemdaTHR4dVJRMElSQlgzRTBWaUJvbTlmZF9tSWNHSXZJSDJIUEpkekdWcW5kTjJ6bHVGUFdZdTJKZGRJYUVKOXphNXNpWGxfOUVmbDNiaHc3MTJhZHYzVlNGNnZYVzVObFBTQXUwTHJPLXlaMzJ5OXVtMm1LTHc2emU1RXVuYjZzU3ZaT01NVDBrMk8ta1hn?oc=5,-1
NewYorker_Politics_L,https://news.google.com/rss/articles/CBMinAFBVV95cUxPeUFqVENqQkdzSFhXNFEtREZua3NDVGl1U18zbVpwUlZTTUhVRERIelVJV1lsQnF2WHNrMUc5NmZSUjI3cENJRGYtZXcxZWJUT3B5TklrMmNXbjRCWmxuRVN1MlhTVVAyYzdURlI3VVBVOVdHRjAxOVRSOUIwUW9FOGY3ZEFROXFHYlJlREhrbVJFN3RnZG81VE5Xd0c?oc=5,-1
NewYorker_Politics_L,https://news.google.com/rss/articles/CBMirAFBVV95cUxPLVZfXzJmVEFiQ3dQMk5meVdKUHJ4OWVuNFQ2c19KRUtPSlNuX1VvMndRbUJlcGVMRXN0Mml1dXJlNXpybk1OZFdTUWI2R0tzX3R1dkhHai03Nm5pOU9Gc3pEQmRZeHZKRmhDdU9OeVlvVkp1YnJkN1pDclFzbGZSX2xreWo4ODl5anhQS1FnVFhOU3dBbkxwdkYxZnNOR2xpVjNsRmV3WU93MHZT?oc=5,-1
NewYorker_Politics_L,https://news.google.com/rss/articles/CBMiowFBVV95cUxQdnl5elFGY2x3ZnM4NXRUcFBWWkZqVkRoYXVpMkwwekFOalVSeUt0dDFfcnZhbnYxQ01OcVZXaFNyMEhHOHpDOHlSZEZtVWc5cVdjLWtoWHByZjFRdkx5S3JSZzZ3Nk1ra21kUnBMbTNxS2lTV1pBdUdKZUhPcFNWYS1XRElfRS1TNW5zWW54bFdTNkpBbFRrMmVxa1NHRDVvZzdn?oc=5,-1
NewYorker_Politics_L,https://news.google.com/rss/articles/CBMilgFBVV95cUxNTGNTQ2s5eGNvVlRPWjktUVNSLWt5RmdGdUZzMUdqaUd2TDhzZXlTemZ1TmNfM0F0dmZMaWNrZE42SEstVm1ZLU9hN19yWGE0Rm9mTWRIOWw0eEpBZzZwVlNPZ3NieDdJLXJsTWNORU1qX1BkWW9hc05qZG01d0xvS3NEX1ZaZnpHR1pEeXZCd3RFZ3Z1N0E?oc=5,-1
NewYorker_Politics_L,https://news.google.com/rss/articles/CBMijwFBVV95cUxONm81VER0WUFHa3JURGNiOUNiSFJzNVozblFTTld3RzhDUk9pVGlCUGpXTHVmcmxuV18xTGFZLVlrV2dNREV1dlg0VjdfS08ydHRZaXRfOE9rSlBodkw0WXJVSmRxbmItYWZUanlNa1lNTjUtaHNTLVJjZ2p6LUJibDBtLUl5SU1NeFp3Rl9qNA?oc=5,-1
NewYorker_Politics_L,https://news.google.com/rss/articles/CBMizAFBVV95cUxORjJIbEdhTDYtc3g1ZzJnUVBVMmNBY2c0LWZTNmcxbFpMMTFkbjdqV3JseDRVXzFnS2ExYkk5bURsLThYSGRPOFRXU0luS09RTlpaTEJ3NHg2cUs3ZUo0ZndXT0VUTEc5ZW1KMzEzVEduaW16emU2OVJFZHlLYkJOZGFUd2xMUVo5S3VYZFpOT01lQU90R3ptcksxQzV6OVQ1aVpDQU1CaHdyc3BnSUNKQUdEWDBwWG5VcUJWMjNYbjFYSkVUUElkVDZuMnA?oc=5,-1
NewYorker_Politics_L,https://news.google.com/rss/articles/CBMibEFVX3lxTE13OFl6dkQ0VTJ4RXJvN0VJbER4b1UxcXVLSkFIenN3RjFyY2NiYWtNREZYWm1PcVJKVVBTUXBfM3p6NlFrUVE3c3N1X3RLT1lrV1A5MTBhb0hpZUpRMzdRMHAyaXJkR09TREg3Rw?oc=5,-1
NewYorker_Politics_L,https://news.google.com/rss/articles/CBMiREFVX3lxTFBwajlKTDJMUDJyQWpoemtIVVRSTWJsTmxaY2lzRDNMOGgtWTd6Q3VlWU5FR0tWbjhtY1lOWkQyVjhIOTFp?oc=5,-1
HuffPostPolitics_L,https://www.huffpost.com/entry/supreme-court-tariffs-world_n_699a8a0de4b05375e27b0b59,-1
HuffPostPolitics_L,https://www.huffpost.com/entry/stephen-miller-cowardly-tariffs-ruling-warns-heres-the-good-news_n_6999f102e4b05375e27a08a7,-1
HuffPostPolitics_L,https://www.huffpost.com/entry/bill-maher-mocks-trump-over-tariffs-tantrum-hes-such-a-karen_n_6999c2a1e4b050c4ef215fa3,-1
HuffPostPolitics_L,https://www.huffpost.com/entry/trump-tariffs-republicans-divided_n_6999f138e4b069f4556ff0f5,-1
HuffPostPolitics_L,https://www.huffpost.com/entry/trump-supreme-court-new-hero_n_6999d67ce4b05375e27a031a,-1
HuffPostPolitics_L,https://www.huffpost.com/entry/trump-tariff-15-anti-american_n_6999ddb2e4b05375e27a034c,-1
HuffPostPolitics_L,https://www.huffpost.com/entry/tartiffs-trump-supreme-court_n_6999c4a8e4b05375e279fec9,-1
HuffPostPolitics_L,https://www.huffpost.com/entry/trump-scotus-autocracy_n_6998af66e4b0ab1f9f473893,-1
HuffPostPolitics_L,https://www.huffpost.com/entry/ohio-republicans-child-care-fraud_n_69975982e4b0f4c9ebc55091,-1
HuffPostPolitics_L,https://www.huffpost.com/entry/texas-crockett-talarico_n_6997c468e4b069f45569860f,-1
HuffPostPolitics_L,https://www.huffpost.com/entry/companies-refunds-supreme-court-trump-tariffs_n_69993685e4b05375e279b6b1,-1
HuffPostPolitics_L,https://www.huffpost.com/entry/us-iran-target-leaders-report_n_6998f846e4b069f4556f7e62,-1
HuffPostPolitics_L,https://www.huffpost.com/entry/trump-iran-deal-reza-valizadeh_n_6998d1bee4b041f92b44db7f,-1
HuffPostPolitics_L,https://www.huffpost.com/entry/ms-now-senior-legal-reporter-warns-trump-will-use-other-mechanisms-to-impose-tariffs_n_6998aef3e4b0ab1f9f473876,-1
HuffPostPolitics_L,https://www.huffpost.com/entry/trump-tariff-refunds-supreme-court_n_6998b43fe4b041f92b426de8,-1
HuffPostPolitics_L,https://www.huffpost.com/entry/trump-rages-after-supreme-court-tariff-decision_n_69987ce5e4b069f4556c09c3,-1
HuffPostPolitics_L,https://www.huffpost.com/entry/supreme-court-tells-trump-no-on-tariff-power-grab_n_6925ab7ae4b063285310b10f,-1
HuffPostPolitics_L,https://www.huffpost.com/entry/hess-trump-olympics_n_699853c3e4b041f92b413571,-1
HuffPostPolitics_L,https://www.huffpost.com/entry/judge-delivers-blow-to-dems-virginia-redistricting-effort_n_69984191e4b069f4556b2e92,-1
HuffPostPolitics_L,https://www.huffpost.com/entry/thomas-massie-donald-trump-epstein-distraction_n_69983487e4b041f92b409766,-1
HuffPostPolitics_L,https://www.huffpost.com/entry/juliana-stratton-campaign-ad-donald-trump_n_69981445e4b041f92b400e3b,-1
HuffPostPolitics_L,https://www.huffpost.com/entry/les-wexner-attorney-hot-mic_n_6997e4cee4b0ab1f9f43ed6b,-1
HuffPostPolitics_L,https://www.huffpost.com/entry/trump-iran_n_6997e4f8e4b041f92b3f09cb,-1
HuffPostPolitics_L,https://www.huffpost.com/entry/trump-board-of-peace-sleepy_n_69977e26e4b0c98899833608,-1
HuffPostPolitics_L,https://www.huffpost.com/entry/trump-iran-war-obliterated_n_6997680fe4b012cccb42a983,-1
HuffPostPolitics_L,https://www.huffpost.com/entry/trump-reacts-to-obama-saying-aliens-are-real-big-mistake_n_69977426e4b0f4c9ebcaeb13,-1
HuffPostPolitics_L,https://www.huffpost.com/entry/tony-gonzales-affair-blackmail-staffer_n_69975362e4b0f4c9ebc51e98,-1
HuffPostPolitics_L,https://www.huffpost.com/entry/trump-white-house-ballroom-panel-approval_n_699755fce4b0f4c9ebc540dc,-1
HuffPostPolitics_L,https://www.huffpost.com/entry/trump-board-peace-rambling-address-10-billion_n_69973298e4b0c98899795710,-1
HuffPostPolitics_L,https://www.huffpost.com/entry/joe-scarborough-gop-epstein-prince-andrew-arrest_n_69970d15e4b012cccb3e8416,-1
HuffPostPolitics_L,https://www.huffpost.com/entry/trump-russia-ukraine_n_6995d4fde4b0b3532938d931,-1
HuffPostPolitics_L,https://www.huffpost.com/entry/texas-senate-cornyn-paxton_n_69968bd8e4b0f4c9ebbe603f,-1
HuffPostPolitics_L,https://www.huffpost.com/entry/gavin-newsom-trump-rest-stop_n_6996c9cce4b0f4c9ebbf986b,-1
SalonPolitics_L,https://news.google.com/rss/articles/CBMiygFBVV95cUxQR1lCaV9yUWdyVGdaNkRvWmp5cTk2N3BMUFJNUjNvUzdVM1BkeFhTYWRfNDBFUTVSeE1yZE53d0tOaXZzeVVibi1Ud0FLYU9lU1VjSVdtYm9EdzBXNDZycFNXdnZHbzh6TjAweXUxUDM0VDFBbXZRamdKZVlaeE9TTUttVldWQ2VsMVRPZzBtTWRQSmVFbGl6dW8xeGFpckZISWFFZ21MNE9zRTNaWVdiTXJmd2x2SmhWN1UwWkVzU01DT3FIOENvQlJR?oc=5,-1
SalonPolitics_L,https://news.google.com/rss/articles/CBMivwFBVV95cUxNRFd6N00xX3B1T3lWaTU5aGViNnFzVFZyRWMzTVBWanJSTjZDUHV5YklnRXRBQ1ZtYktlVnJOU3hoaXk4cnFDZzFkYkdZY3p4WWk1MURDWnV4THk0WlFFaVJxOVU2ck51bEZ6Zm92MHM1SzhxRGdLNThYemJOZHJjUjdnUFR6UGNGLUxFZG9tcW1tcmlKS2VhRm1EU1dqRXdYS3l1RmZBeUUwMDZKcUc2SE1NM1NMaE9ZNE5DekhlUQ?oc=5,-1
HuffPostPolitics_L,https://www.huffpost.com/entry/lara-trump-eric-trump-first-meeting_n_6996c699e4b0cc086c6fc999,-1
HuffPostPolitics_L,https://www.huffpost.com/entry/newsmax-olympics-patriotism_n_6996b215e4b0cc086c6f9f5c,-1
HuffPostPolitics_L,https://www.huffpost.com/entry/karoline-leavitt-trump-racist-video_n_69968502e4b0cc086c6e9aaf,-1
NYTOpinion_CL,https://www.nytimes.com/2026/02/22/opinion/iran-military-strike-trump.html,-1
NYTOpinion_CL,https://www.nytimes.com/2026/02/22/opinion/men-prison-pardons.html,-1
NYTOpinion_CL,https://www.nytimes.com/2026/02/22/opinion/kidney-donation.html,-1
NYTOpinion_CL,https://www.nytimes.com/2026/02/22/opinion/tariffs-trump-supreme-court.html,-1
NYTOpinion_CL,https://www.nytimes.com/2026/02/22/opinion/immigrants-religion-bible-politics.html,-1
NYTOpinion_CL,https://www.nytimes.com/2026/02/22/opinion/history-hope-delusion.html,-1
NYTOpinion_CL,https://www.nytimes.com/2026/02/22/opinion/olympics-nationalism-trump.html,-1
NYTOpinion_CL,https://www.nytimes.com/2026/02/22/opinion/ukraine-russia-war-four-years.html,-1
NYTOpinion_CL,https://www.nytimes.com/2026/02/21/opinion/concentration-camp-andrea-pitzer.html,-1
NYTOpinion_CL,https://www.nytimes.com/2026/02/21/opinion/paternity-leave-debate.html,-1
NYTOpinion_CL,https://www.nytimes.com/2026/02/21/opinion/andrew-arrest-epstein.html,-1
NYTOpinion_CL,https://www.nytimes.com/2026/02/21/opinion/iran-epstein-power.html,-1
NYTOpinion_CL,https://www.nytimes.com/2026/02/21/opinion/obama-trump-aliens.html,-1
NYTOpinion_CL,https://www.nytimes.com/2026/02/21/opinion/epstein-sex-trafficking.html,-1
NYTOpinion_CL,https://www.nytimes.com/2026/02/21/opinion/scotus-trump-tariffs-epstein.html,-1
NYTOpinion_CL,https://www.nytimes.com/2026/02/21/opinion/iran-us-attack-armada-talks.html,-1
NYTOpinion_CL,https://www.nytimes.com/2026/02/21/opinion/icu-patients-death.html,-1
NYTOpinion_CL,https://www.nytimes.com/video/opinion/100000010723999/a-cocked-pistol-aimed-at-iran.html,-1
NYTOpinion_CL,https://www.nytimes.com/video/opinion/100000010726627/the-save-america-act-is-an-assault-on-democracy.html,-1
NYTOpinion_CL,https://www.nytimes.com/2026/02/20/opinion/trump-tariffs-supreme-court.html,-1
NYTOpinion_CL,https://www.nytimes.com/2026/02/20/opinion/supreme-court-tariffs-trump.html,-1
NYTOpinion_CL,https://www.nytimes.com/2026/02/20/opinion/trump-tariff-supreme-court-ruling.html,-1
NYTOpinion_CL,https://www.nytimes.com/2026/02/20/opinion/shiffrin-olympics-gold.html,-1
NYTOpinion_CL,https://www.nytimes.com/2026/02/20/opinion/ezra-klein-podcast-ashley-parker-michael-scherer.html,-1
NYTOpinion_CL,https://www.nytimes.com/2026/02/20/opinion/wuthering-heights-jacob-elordi-bridgerton.html,-1
NYTOpinion_CL,https://www.nytimes.com/2026/02/20/opinion/tahoe-avalance-backcountry-skiing-risks.html,-1
NYTOpinion_CL,https://www.nytimes.com/2026/02/20/opinion/epstein-files-victims-prince-andrew.html,-1
NYTOpinion_CL,https://www.nytimes.com/2026/02/20/opinion/2028-democrats-presidential-primary.html,-1
NYTOpinion_CL,https://www.nytimes.com/2026/02/20/opinion/birthright-citizenship.html,-1
NYTOpinion_CL,https://www.nytimes.com/2026/02/20/opinion/trump-iran-public-opinion.html,-1
NYTOpinion_CL,https://www.nytimes.com/video/opinion/100000010722916/three-words-that-shape-our-politics.html,-1
NYTOpinion_CL,https://www.nytimes.com/video/opinion/100000010708360/whats-behind-anti-indian-backlash-in-america.html,-1
NYTOpinion_CL,https://www.nytimes.com/video/opinion/100000010708359/is-the-world-underestimating-india.html,-1
NYTOpinion_CL,https://www.nytimes.com/2026/02/19/opinion/pen-free-expression-writers.html,-1
NYTOpinion_CL,https://www.nytimes.com/2026/02/19/opinion/trump-speech-conversations.html,-1
NYTOpinion_CL,https://www.nytimes.com/2026/02/19/opinion/trump-ego-monuments.html,-1
NYTOpinion_CL,https://www.nytimes.com/2026/02/19/opinion/trump-board-of-peace-soviet-union.html,-1
NYTOpinion_CL,https://www.nytimes.com/2026/02/19/opinion/toxic-empathy-christianity-trump.html,-1
NYTOpinion_CL,https://www.nytimes.com/2026/02/19/opinion/newsom-mamdani-democrats-taxes.html,-1
NYTOpinion_CL,https://www.nytimes.com/2026/02/19/opinion/interesting-times-amitav-acharya.html,-1
NYTOpinion_CL,https://www.nytimes.com/2026/02/19/opinion/winter-olympics-roundtable.html,-1
NYTOpinion_CL,https://www.nytimes.com/2026/02/19/opinion/california-elections-vote-count-slow.html,-1
NYTOpinion_CL,https://www.nytimes.com/video/opinion/100000010708352/the-future-is-indian.html,-1
NYTOpinion_CL,https://www.nytimes.com/2026/02/19/opinion/ice-deportation-patients-doctors.html,-1
NYTOpinion_CL,https://www.nytimes.com/2026/02/18/opinion/olympic-womens-hockey-united-states-canada.html,-1
NYTOpinion_CL,https://www.nytimes.com/2026/02/18/opinion/kennedy-maha-moderna.html,-1
NYTOpinion_CL,https://www.nytimes.com/2026/02/18/opinion/jesse-jackson-style-fashion.html,-1
ABCPolitics_CL,https://abcnews.com/Politics/wireStory/trump-republicans-issuing-dire-warnings-listening-130392750,-1
ABCPolitics_CL,https://abcnews.com/Politics/wireStory/climb-gold-medal-us-canada-began-long-ago-130380853,-1
ABCPolitics_CL,https://abcnews.com/Politics/wireStory/white-house-dinner-closes-turbulent-week-governors-washington-130361715,-1
ABCPolitics_CL,https://abcnews.com/Politics/wireStory/house-speaker-mike-johnson-denies-request-rev-jesse-130344782,-1
ABCPolitics_CL,https://abcnews.com/Politics/wireStory/olympic-freeskier-hunter-hess-flashes-sign-stands-statement-130330696,-1
ABCPolitics_CL,https://abcnews.com/Politics/wireStory/texas-senate-primary-race-crockett-talarico-ramps-after-130322147,-1
ABCPolitics_CL,https://abcnews.com/Politics/wireStory/texas-congressman-claims-blackmailed-alleged-affair-staffer-died-130322051,-1
ABCPolitics_CL,https://abcnews.com/Politics/wireStory/judge-dismisses-nypd-commissioners-lawsuit-alleging-systemic-corruption-130320387,-1
ABCPolitics_CL,https://abcnews.com/Politics/wireStory/democrats-citizenship-question-derail-census-test-deter-immigrants-130318877,-1
ABCPolitics_CL,https://abcnews.com/Politics/wireStory/virginia-judge-temporarily-blocks-democrats-redistricting-work-bid-130316368,-1
ABCPolitics_CL,https://abcnews.com/Politics/wireStory/large-banner-featuring-trumps-face-displayed-justice-department-130311987,-1
ABCPolitics_CL,https://abcnews.com/Politics/wireStory/wisconsin-poised-leave-arkansas-state-expanded-medicaid-new-130302844,-1
ABCPolitics_CL,https://abcnews.com/Politics/wireStory/governors-arrive-washington-eager-push-past-trumps-partisan-130290395,-1
ABCPolitics_CL,https://abcnews.com/Politics/wireStory/gov-wes-moore-trump-pray-feel-bad-130290394,-1
ABCPolitics_CL,https://abcnews.com/Politics/wireStory/nations-unsalaried-legislature-new-mexico-asks-voters-reconsider-130274582,-1
ABCPolitics_CL,https://abcnews.com/Politics/wireStory/us-senators-visit-key-ukrainian-port-city-push-130274199,-1
ABCPolitics_CL,https://abcnews.com/Politics/wireStory/bernie-sanders-gavin-newsom-become-adversaries-push-tax-130255246,-1
ABCPolitics_CL,https://abcnews.com/Politics/wireStory/white-house-names-new-pick-nevada-top-federal-130249135,-1
ABCPolitics_CL,https://abcnews.com/Politics/wireStory/pritzker-steps-hyatt-board-deeply-regrets-association-jeffrey-130228580,-1
ABCPolitics_CL,https://abcnews.com/Politics/wireStory/texas-republican-paxton-steps-senate-bid-gop-sen-130212828,-1
ABCPolitics_CL,https://abcnews.com/Politics/wireStory/derek-dooley-vote-years-now-georgia-voters-send-130185352,-1
ABCPolitics_CL,https://abcnews.com/Politics/wireStory/battleground-michigan-3-democrats-test-vision-affordability-senate-130165983,-1
ABCPolitics_CL,https://abcnews.com/Politics/wireStory/trump-heads-fort-bragg-cheer-special-forces-members-130128722,-1
ABCPolitics_CL,https://abcnews.com/Politics/wireStory/professors-epstein-files-hoped-friendship-lead-research-funding-130127957,-1
ABCPolitics_CL,https://abcnews.com/Politics/wireStory/judge-temporarily-blocks-trump-officials-rescinding-health-grants-130125040,-1
WaPoPolitics_CL,https://www.washingtonpost.com/politics/2026/02/22/mar-a-lago-intruder-shot/,-1
WaPoPolitics_CL,https://www.washingtonpost.com/politics/2026/02/22/trump-greenland-hospital-ship/,-1
WaPoPolitics_CL,https://www.washingtonpost.com/politics/2026/02/22/josh-shapiro-neighbor-dispute-pennsylvania/,-1
WaPoPolitics_CL,https://www.washingtonpost.com/politics/2026/02/22/trump-tariffs-emergency-congress-court/,-1
WaPoPolitics_CL,https://www.washingtonpost.com/politics/interactive/2026/congress-midterms-lawmakers-quit/,-1
WaPoPolitics_CL,https://www.washingtonpost.com/politics/2026/02/22/trump-disapproval-post-poll/,-1
WaPoPolitics_CL,https://www.washingtonpost.com/politics/2026/02/21/congress-higher-pay-lawsuit/,-1
WaPoPolitics_CL,https://www.washingtonpost.com/politics/2026/02/21/virginia-redistricting-maps-spanberger-trump/,-1
WaPoPolitics_CL,https://www.washingtonpost.com/politics/2026/02/20/trump-banner-justice-department/,-1
WaPoPolitics_CL,https://www.washingtonpost.com/national-security/2026/02/20/virginia-us-attorney-named/,-1
WaPoPolitics_CL,https://www.washingtonpost.com/politics/2026/02/21/trump-us-iran-maga-base/,-1
WaPoPolitics_CL,https://www.washingtonpost.com/politics/2026/02/21/supreme-court-trump-tariffs-presidential-power/,-1
WaPoPolitics_CL,https://www.washingtonpost.com/politics/2026/02/20/jesse-jackson-lie-honor-us-capitol-mike-johnson/,-1
WaPoPolitics_CL,https://www.washingtonpost.com/national-security/2026/02/20/washington-post-reporter-search-fbi/,-1
Guardian_UKPolitics_CL,https://www.theguardian.com/politics/2026/feb/22/reform-uk-ice-style-agency-end-leave-to-remain-zia-yusuf,-1
Guardian_UKPolitics_CL,https://www.theguardian.com/world/2026/feb/22/nigel-farage-accused-of-maga-stunts-chagos,-1
Guardian_UKPolitics_CL,https://www.theguardian.com/uk-news/2026/feb/22/lib-dems-home-secretary-delay-new-dual-national-border-rules,-1
Guardian_UKPolitics_CL,https://www.theguardian.com/politics/2026/feb/22/tories-scrap-high-interest-student-loans-says-kemi-badenoch,-1
Guardian_UKPolitics_CL,https://www.theguardian.com/politics/live/2026/feb/22/uk-education-ehcp-attainment-schools-andrew-latest-news-updates,-1
Guardian_UKPolitics_CL,https://www.theguardian.com/uk-news/2026/feb/22/why-is-the-send-system-being-overhauled-and-what-might-change,-1
Guardian_UKPolitics_CL,https://www.theguardian.com/commentisfree/2026/feb/22/the-guardian-view-on-scottish-labour-keir-starmer-needs-anas-sarwar-act-of-betrayal-to-pay-off,-1
Guardian_UKPolitics_CL,https://www.theguardian.com/commentisfree/2026/feb/22/westminster-restoration-mps-asbestos-mice-britain-parliament,-1
Guardian_UKPolitics_CL,https://www.theguardian.com/business/2026/feb/21/dont-be-fooled-by-recent-good-news-the-uk-economy-is-still-in-a-precarious-state,-1
Guardian_UKPolitics_CL,https://www.theguardian.com/commentisfree/2026/feb/20/gorton-and-denton-reform-labour-greens,-1
Guardian_UKPolitics_CL,https://www.theguardian.com/commentisfree/2026/feb/20/first-crappy-job-youth-minimum-wage,-1
Guardian_UKPolitics_CL,https://www.theguardian.com/commentisfree/2026/feb/19/keir-starmer-labour-win-next-election-pm,-1
Guardian_UKPolitics_CL,https://www.theguardian.com/commentisfree/2026/feb/19/keir-starmer-tech-firms-abuse-women-online-violence,-1
Guardian_UKPolitics_CL,https://www.theguardian.com/uk-news/2026/feb/22/how-a-welsh-village-saved-its-forest-and-its-future,-1
Guardian_UKPolitics_CL,https://www.theguardian.com/news/ng-interactive/2026/feb/22/reform-uk-matt-goodwin-gorton-and-denton-nigel-farage,-1
Guardian_UKPolitics_CL,https://www.theguardian.com/politics/2026/feb/21/nigel-farage-women-problem-trump-style-provocation-prejudice,-1
Guardian_UKPolitics_CL,https://www.theguardian.com/commentisfree/picture/2026/feb/18/ben-jennings-nigel-farage-shadow-cabinet-cartoon,-1
Guardian_UKPolitics_CL,https://www.theguardian.com/commentisfree/picture/2026/feb/17/ella-baron-nigel-farage-keir-starmer-latest-u-turn-cartoon,-1
Guardian_UKPolitics_CL,https://www.theguardian.com/commentisfree/picture/2026/feb/16/ben-jennings-online-safety-social-media-teenagers-cartoon,-1
TimePolitics_CL,https://news.google.com/rss/articles/CBMiWkFVX3lxTE8tOXYwbjdWTnNvSDhMZ1FZbWtYU0V0S2NsZkdENVR0OUJBc0FUZDMyRk45bWNuOXN6ZDJjM0xVMXpnaUhRQXdrVGdGN1Y5d1VJOGtUdmJMTF92UQ?oc=5,-1
TimePolitics_CL,https://news.google.com/rss/articles/CBMic0FVX3lxTE9YamFCbWJDX3VBUUxFcE5vWXpicXVJVEdCVmtFWUY4a2lSUWExQjlKUmotWlBiUEpRd2ppZUptTEFFejFVVVRvOHlCWGEzZmQxN1ZJblE4alpDUnVZMzlKY2VvdVc1X0I5VWNiRzlZNUxjR0E?oc=5,-1
TimePolitics_CL,https://news.google.com/rss/articles/CBMigwFBVV95cUxNanlyYjJXdmppX1RDWVc2LTJscF9MS3ZtQkRJc2NOVU9ZS0dmcC1ONHFyUllDRkpFSHVCTnpuN0I3WmtrV2dPWDdFcEpNcTNXaEdmSl9uVkRpajk4aXFpenNUdWltR1dwZnJ2MkNxYmhKXzB1UlVoYUlzOVprRGk5bnBuYw?oc=5,-1
TimePolitics_CL,https://news.google.com/rss/articles/CBMiiAFBVV95cUxPRGFJV0MzZ2ZtQV9pQ05DaDdLdnhOLVZuVzQyczNWWDZFbmxtWm5fbkRNY3RPa1E2dTJneFVVTXlzNDZhclVMYUZPeERDTHRDcW1Rc1R5MzBHdUpDV1pndmtlUkcyQnpiQ094M0ItYUhOWThOaUlRTFJfRTQyUUpFNEExUTYtMzEx?oc=5,-1
TimePolitics_CL,https://news.google.com/rss/articles/CBMibkFVX3lxTE5ETUdqaTdvM3hYcDB0VEpXdElWYkFDWnBweklqbHk4dDVuTEJmdm8xNnpnb2U3ZjZHdEtFQTRGdS05ZmFsamowZFNJTkhsbW9MM2tkUkdZQnJDVlJlMGZqd0dJM043OEoyRkNFWkRR?oc=5,-1
TimePolitics_CL,https://news.google.com/rss/articles/CBMif0FVX3lxTE5MRS1LVTFlNjB0bVpMYi1XVjk1SmZaUkZXa0lKMHVPR0ZRYy11WlhwemVSeU5SejQ2NmkxZndJV2U0cXhNWENFMHRpblJSZlJBOXVOYlpkb3ZfYjd4R2JzQ2pHeTYzV0ZiOXNUb1BnS0VMdEZYenoyR01PX1JfNlk?oc=5,-1
TimePolitics_CL,https://news.google.com/rss/articles/CBMinwFBVV95cUxPZGVpTUpvNnk3UUF4NGZPWnlSN051djZFbG8tcEkxTU5yYkdQZnJJZlc2d2dRYllzSGFNcjFNeG11UTh2WkI0VTNGdGlvTGxJemZkTmtrQ1hkY1JYN19SS05lNFZnOTZyWWVkWl9wTGhSZ0otcTl4VDgzZk1iSVhNcHZyZUZQNjhDaFBvN0M4VzRFSlhXWURFRm5uWlZpa0k?oc=5,-1
TimePolitics_CL,https://news.google.com/rss/articles/CBMiekFVX3lxTE1LX01oZFdqRVJkQllXckxpeFZYQXY3YWdzeUUzZFB5VTBIXzE1c00ycFBveWh2NkV1ZHZWTklBSXBwVkpYYmJBdnhPbjZfNlBMYXU3RlRsOXdtM21OR3IwdG53OGh1VFMwUlZOSzBlZWFRZFlQZ2lidzh3?oc=5,-1
TimePolitics_CL,https://news.google.com/rss/articles/CBMieEFVX3lxTFB0alJfTThOV3NwUnowVzBNWUhrRGM2ZnBRU0k2dWZJOUM2N0NObVZSSEhWejE4NjFHSkRtNmJzMUVGMEc2QVRMeHByYnNMVk5teWhabWRQNHhNMjRTY0VkN0xSOFFLX2FPYnFnbGcyYnAwU2NaZ3A1VQ?oc=5,-1
TimePolitics_CL,https://news.google.com/rss/articles/CBMia0FVX3lxTE02TjY2QjFTc2N4VnM0dFNtVHVkRndQZEZSNWkzV1JuaGpJOWwxOU5ZLWJ3ZXN3VEFyUG5ZRnJjeGxPWFE5bVFRYWFSUmFHMTN4VTZxRGVFMDl5ZzV0ZllUNFlncEpjQzF1SmY0?oc=5,-1
TimePolitics_CL,https://news.google.com/rss/articles/CBMigwFBVV95cUxQbWtiOGVVX0EzSGdRRno2VDFvX1Z0M0dRTWpCU21JTzBTVkIwRFNJdURBamJYWGVGakV6Y194OEdMM1VtbHZwSWx6Umc3cUNyeUliWEFXTkdYSDduVUdRcjF6dnV4M01EQTNGTnJmNzZ1cjI4cFUtbjMzbDh3V0JhdVRYSQ?oc=5,-1
TimePolitics_CL,https://news.google.com/rss/articles/CBMiX0FVX3lxTE9nVE9PMG5YM01fcGZuWGxUOXNOMWo0VGl3bHZDZDNYbWNfUkFUeS1zT25VM2lWajliMFNkOV8tLUtzWlVtY1Vhd0ZZUnpfTF81eUNVZkNMa2c1TjZ6VHZF?oc=5,-1
TimePolitics_CL,https://news.google.com/rss/articles/CBMijgFBVV95cUxPbkNIekFLZnEzSVlvdU5hdFFzZ2dPdFlBYXRpNmtiME9SNzVZeHp3MUswX3JwaFZoN28yVjZNMzNvVXZPeTQ3SEtEODZnVHV0SXVaLVlLYlp4aDJYSzNKMzJuTE9Ja2dFZm05dTNHV2RhY1NNNFl6NC1hQ25nRi1GVFZJQ19uZ3pzbjQwWWd3?oc=5,-1
TimePolitics_CL,https://news.google.com/rss/articles/CBMigAFBVV95cUxNS3ROZ2RNMkR1c0lwekhKRG5UaE5wMHhVSHFOSmI5WW9DUnMxblNSUWJnSDZiU3E5MmF0NThtREN5MnpYOXVFMVVWR1dyTkgyaV96NDZYTDg0TmZUVG1SY01MR1JkYktkb2pEMmd1RUdJdlU0LVVlU3NGVExHaDRiNA?oc=5,-1
TimePolitics_CL,https://news.google.com/rss/articles/CBMibkFVX3lxTE0xNFl6MXRnR09ja2U4SXdKcVFsZk9OYmxYSkFpNlMtOXRnV1p6Smd0SHNueXRvaXdUOFk1QkxuTVk3ZFBaVU9SWnRvbWwwMG5RblhRWFZ2X1F6dTNPT00xV1F1ak53Z2hEc0E3QmNn?oc=5,-1
TimePolitics_CL,https://news.google.com/rss/articles/CBMijwFBVV95cUxNMTQ5emNzc1NkMEpvLTZWOVE3QVYtbjg4bklqR1JpUWg0UndBTFpVN2xFcXpUbzNmNUc5aFFvTDVmRUNrdktSU2xmMDNnb1FIU2U1QjB2U2tvMHlvUEdxSHppYXNfZjNjTHZGMHpyMXFzWjduT0Rkcm9NaUhTUWo0T2VRdWdJb2gyT0VYcnA5cw?oc=5,-1
TimePolitics_CL,https://news.google.com/rss/articles/CBMiiwFBVV95cUxNY0RMY2drMWZvNE1EZjFNQzhfVDNETE9Sak9qbU55cEI1bmRkMVZzS204Ri1ieFE4STBKLWczUEdSdGlFWDBuMktxeUlUV2drV1Qwa2NhVGF1djV0cjh0bGpvYTRaUHJrejM4NkJaWmQ1MjR2czF1UEpNX1NFcXpQNFkwdzF1X2J5M3U4?oc=5,-1
TimePolitics_CL,https://news.google.com/rss/articles/CBMiYkFVX3lxTE5OcmdkMTA1dlRiNmFqRE9ySklxZi1VR3B6a19FLVh3MFhGbzlmQlpYeVJQOHRXdUlDRE1fVDVtX2FTZ1JOZFlZRHk4aDFlb1RUWW9KV1BzZ1AyeUdfU0tRal9n?oc=5,-1
TimePolitics_CL,https://news.google.com/rss/articles/CBMiV0FVX3lxTFBtRElwT1hmOUpHbTNQZXF5Sm9uVnRNYW1xMnoyUU5CMUc5X0N4M0tQcjhlZkVzNXh6TDBLN210QmhkRUJQWUhkMHpLN3Z2Z3U0N3dVNGViRQ?oc=5,-1
TimePolitics_CL,https://news.google.com/rss/articles/CBMibEFVX3lxTE1PeW1mSlhLcEhFR0M1VkY4TldRZklkUDdWbzhJRU5qMDVXXzVCejY1SXJRb08zVHgta2JpSlkxTDBrYUtoaUtIYjNUdlE3SlBKdXJranp6R3BHem1TSGpHZHJyR081elZScG9xLQ?oc=5,-1
TimePolitics_CL,https://news.google.com/rss/articles/CBMifEFVX3lxTE8zNmdyUDNUbDVGZGZaVXpuNm5hbnRSc09obEQtX3JDYlNMcUl1UEpjZXhTTi1HU1pXOWsxZWR5RWRrSnI1c3lPU2pSdXQzVGRxYldxbFpZOWhTVUdBa2hjbkRFT3k5TEVyeHFZTUkyMUlhMlIyWGZ0SHJrcGo?oc=5,-1
TimePolitics_CL,https://news.google.com/rss/articles/CBMid0FVX3lxTE1PeHlUY0wzRFN0ZDNBejI0bEtzOW82SXBOTDlSdDlSazZoVHZhOGItR1M0ZUM5SVM4d2k5UDJhc1dtWXNWZ3FXZUs0ektCMFY4bDl4NEc5ZDBoQ1hIQkhkSzVOaDVLS1dLOWZuN1d6YU9udDMtY1Fv?oc=5,-1
TimePolitics_CL,https://news.google.com/rss/articles/CBMijgFBVV95cUxQUF80aVZFNllRWkdka1Q5TXB6RVpvRHBfai15VWtVbzVjbGktdUVxMERZMXBGdGF6NUl4Uk5QazhCRGJkRlc4ZWxEeHpVOG1CS3p3aUZwdmYzcDR5MXNNWG9oQkxBZkpoNThZQVU3R09CQ2JzWmNmQ0ctVjV2SDdLV0hPanBSQ2wxQ2RlUVJ3?oc=5,-1
TimePolitics_CL,https://news.google.com/rss/articles/CBMiakFVX3lxTE5pc2lVMF9wVHNwaFhtVEdlUDA0ZFhlR1Q0U2w2TnByVF9pQnVNR3Axb3VDN0hKaHc4a3cxMnpuMGZrQzByVjRPYnNCWlI0eEszWkJZN214M21hUHFFWTgtM3ZUZjlsOFM2X1E?oc=5,-1
TimePolitics_CL,https://news.google.com/rss/articles/CBMigwFBVV95cUxPdlhJakxTWWU2alYyT2dXNTd5c0xMd3ZEelZSRlpXYm5scWY3Q3d4SFZ4cFlBRUQyc3VOVGtoMzNWa0R4czFhUDc4NkhrV0sxSE05NmZfR0xVQzE5NGQxUWNKVTJIaGsyc005WnN4UGpxLS1CVHdYTFJQRm80N2ZZNWRxUQ?oc=5,-1
TimePolitics_CL,https://news.google.com/rss/articles/CBMifEFVX3lxTE5uRnRWcU5aNTdsRjhkR1VPbTVtblJ0NmxqMERkZHR0YmVlM0UxMzVnaGxhX0dKczgxX2FFMHNTVk12eG04cmJMeWNGYVh5ZGRsXzVtUGxsLVhqT0tVTnJUVHNTNHdOdHhGaGEtbFExSHhTMHdZd21tcWdWQ1c?oc=5,-1
TimePolitics_CL,https://news.google.com/rss/articles/CBMie0FVX3lxTE8zb1hkbWRqUUFucXMyYVJsdUdMbmxzNDJnOWRVNEl1Zi1WMGRHVmVJV2djU055WmtiNTBwd1lPdWZHTWEwYm5JdGV5X1RZNDBQdXdObmJTUVFEdzJTSk1qZjB6elpqTDAtM2todnZybEZ4RnhhYkxzWDRkZw?oc=5,-1
TimePolitics_CL,https://news.google.com/rss/articles/CBMiVEFVX3lxTFBnc3k5MlA3aEotaWNHaUx2LVFZb1FNRGZBMmV3X0hIdTBramszWkt3VUU1TzBnOEM3MlVROXg1UEZqdE5CekluT2hJYi1CM1pwWjg2Nw?oc=5,-1
TimePolitics_CL,https://news.google.com/rss/articles/CBMigwFBVV95cUxOQWs3VVZ6bmdXTEJUbFR3b0c4MVFPTFRrQVhGWV9IVTE0UWtsQXQ2bVphU3Frb3FaazNDeEhmazNfYU9TbXpualdDR04wanE4UkFQd3JTbjFuUjhzcDJVVEVrU1dxNmJ6d1VIaDJtWHlHZXpWNGNzV0NSZ0VPb1NSa3E4Zw?oc=5,-1
TimePolitics_CL,https://news.google.com/rss/articles/CBMiakFVX3lxTE5LdHJDWVhySjYtSV9HRjBabnpkeWJTaHlhNVk0UFFXVElKUUZMZ2YzdVpMaUN3U0dFOVphTmF1bkY5eVJLeDJCWm1yeENYQVdrZlh1RW42T1hiQk5hSXhrLVlFVnprd3d1MEE?oc=5,-1
TimePolitics_CL,https://news.google.com/rss/articles/CBMihwFBVV95cUxQVEU1TUJ3aXdCM2Z2Sk1WLWJ6czBzNlVXRzBoT3NMaGlhVkRQOGV6UGtvaXFDWVM3ckFaQWExRHdoTWNoeGxSUmZLT3UxVFZoc0hwV19YaVU5OFlMWC15Snp0dUlOT2VDS1JsR182LXFRTXUyX1N3OGgzdVZkTE5zN2ppN09zeVE?oc=5,-1
TimePolitics_CL,https://news.google.com/rss/articles/CBMilgFBVV95cUxQN3dzMGxsMzN5VldDamxLbTR0MjZDWlNaU0RwWE9vakRmYUhZQUNKUFlJUVlMRlJIYm1YeVdReEdNaG9tczJIeGFVLU83Vnp6RFlqcUhKSFNKbE5Nam1iNnFkcjRNLVJQVXpjWEFJMXU0ZzFVTWVFMk8xOEdfVEFGdGZmVlJfWWx6dEpuSDlJSW14OXNqZGc?oc=5,-1
TimePolitics_CL,https://news.google.com/rss/articles/CBMiiAFBVV95cUxORDdxVzctYjFiNE9zMmRKUnZmSFM1NTFTM1VfLTk0bkpDQlc4QzJGbEVKX1lUcWlyUVRlN3ZmY0tLZm41eUt0VTFTcWozUElES0RMdC1VeXM0djlkMGNYRlRGdVhPNjd3WVpIX3otaWdBOWxJaEVRb1g0T1RCeWFPaGFWbE1OWkp3?oc=5,-1
TimePolitics_CL,https://news.google.com/rss/articles/CBMiggFBVV95cUxQeWtQZm9NMlQ4UnUtcHotT29uelUxVG5SRl8yY3luTEFtQXRjelUtVDcySGdad1YwRS1OdFVvS1Q4cjgwaXpNZlV4dVh5elpLazJTUWV1OXlWTHdqTkh2TUg0eXEyWjF2M09ONVR6dDQyR0t6WnFQXzNDcmZvMzYyamV3?oc=5,-1
TimePolitics_CL,https://news.google.com/rss/articles/CBMid0FVX3lxTE9jVk85U0FMUWpwckh3cWR5YXpjR1p6NDU0WXQ1eWUyYjcxdlpQVlFUOVF5YmZWWklOWFhVMWNUVHpObktVaS1Wb1Ffcm9FSEVXZGRDeDRMZzlQODczeUM4YUJOQ0ZfUnFWVzVXSWx5NFhwSDlQNVc4?oc=5,-1
TimePolitics_CL,https://news.google.com/rss/articles/CBMijwFBVV95cUxNSEJORWhpV21TX2FrVURGdmNiMEU1bl8wb3FSSlBCRDNVZEE5aFVYcHk2ZVU5dXQ3UWo4ME9wVEhKLTlGZHMzQlFHS1FrT2k0UW9HN1M4SER3Qk9kR1FuMHZfSi1BMFBaZEJFVFhrU1RWM2lqbkZ6QVNWVmFTMUpTRjc0TVJCeHNsM0JEdTZjMA?oc=5,-1
Axios_CL,https://www.axios.com/2026/02/22/democrats-2028-retreat-ai-data-centers,-1
Axios_CL,https://www.axios.com/2026/02/22/maga-hockey-olympics-gold-medal-canada,-1
Axios_CL,https://www.axios.com/2026/02/22/iran-us-talks-friday-nuclear-deal,-1
Axios_CL,https://www.axios.com/2026/02/22/tsa-precheck-air-travel-storm-shutdown,-1
Axios_CL,https://www.axios.com/2026/02/22/mar-a-lago-secret-service-shooting,-1
Axios_CL,https://www.axios.com/2026/02/22/vance-rubio-2028-trump-question,-1
Axios_CL,https://www.axios.com/2026/02/22/faith-leaders-white-house-faith-office-ice,-1
Axios_CL,https://www.axios.com/2026/02/22/graham-trump-iran-strike-aides-oppose,-1
Axios_CL,https://www.axios.com/2026/02/21/alien-files-conspiracy-theories-usa,-1
Axios_CL,https://www.axios.com/2026/02/21/trump-tariff-supreme-court-increase,-1
Axios_CL,https://www.axios.com/2026/02/21/ipods-music-genz-nostalgia,-1
Axios_CL,https://www.axios.com/2026/02/20/supreme-court-trump-energy-tariffs,-1
Axios_CL,https://www.axios.com/2026/02/21/trump-iran-plan-kill-khamenei-regime-change-deal,-1
Axios_CL,https://www.axios.com/2026/02/20/democrats-stage-trump-counterrallies-state-of-the-union,-1
Axios_CL,https://www.axios.com/2026/02/20/trump-tariffs-supreme-court-republicans-congress,-1
Axios_CL,https://www.axios.com/2026/02/20/trump-tariff-plan-section-122-trade-act,-1
Axios_CL,https://www.axios.com/2026/02/20/trump-scotus-tariff-refund-battle,-1
Axios_CL,https://www.axios.com/2026/02/20/trump-response-tariffs-supreme-court,-1
Axios_CL,https://www.axios.com/2026/02/20/summer-lee-state-of-the-union-working-families,-1
Axios_CL,https://www.axios.com/2026/02/20/philadelphia-slavery-exhibit-250th-anniversary,-1
Axios_CL,https://www.axios.com/2026/02/20/trump-tariffs-overturned-companies-business,-1
Axios_CL,https://www.axios.com/2026/02/20/supreme-court-tariff-ruling-trump,-1
Axios_CL,https://www.axios.com/2026/02/20/trump-tariffs-supreme-court-illegal,-1
Axios_CL,https://www.axios.com/2026/02/20/jesse-jackson-southern-strategy-democratic-party,-1
Axios_CL,https://www.axios.com/2026/02/20/noem-lewandowski-homeland-security-firings,-1
Axios_CL,https://www.axios.com/2026/02/20/ai-populist-moment,-1
Axios_CL,https://www.axios.com/2026/02/20/gas-prices-oil-cost-iran,-1
Axios_CL,https://www.axios.com/2026/02/20/overdose-crisis-polydrugs-fentanyl,-1
Axios_CL,https://www.axios.com/2026/02/20/trump-alien-ufo-government-files-release-obama,-1
Axios_CL,https://www.axios.com/2026/02/20/congress-war-powers-act-trump-iran,-1
Axios_CL,https://www.axios.com/2026/02/19/prince-andrew-virginia-giuffre-epstein,-1
Axios_CL,https://www.axios.com/2026/02/19/howard-lutnick-haverford-college-epstein-files,-1
Axios_CL,https://www.axios.com/2026/02/19/prince-andrew-yoon-suk-yeol-epstein-america,-1
Axios_CL,https://www.axios.com/2026/02/19/prince-andrew-arrest-epstein-files,-1
Axios_CL,https://www.axios.com/2026/02/19/kennedy-rfk-hhs-vaccine-panel-meeting,-1
Axios_CL,https://www.axios.com/2026/02/19/prices-costs-affordability-corporate-america-midterms,-1
Axios_CL,https://www.axios.com/2026/02/19/trump-iran-strike-10-day-deal,-1
Axios_CL,https://www.axios.com/2026/02/19/battle-iran-upend-oil-markets,-1
Axios_CL,https://www.axios.com/2026/02/19/ukraine-russia-war-europe-aid-arms,-1
Axios_CL,https://www.axios.com/2026/02/19/republican-angst-voter-turnout,-1
Axios_CL,https://www.axios.com/2026/02/19/anthropic-pentagon-ai-fight-openai-google-xai,-1
Axios_CL,https://www.axios.com/2026/02/19/hollywood-chinese-ai-bytedance-seedance,-1
Axios_CL,https://www.axios.com/2026/02/19/coca-cola-bottler-work-discrimination-lawsuit-men-women,-1
Axios_CL,https://www.axios.com/2026/02/18/les-wexner-epstein-oversight-deposition,-1
Axios_CL,https://www.axios.com/2026/02/18/trump-iran-meeting-military-strike,-1
Axios_CL,https://www.axios.com/2026/02/18/zuckerberg-testifies-landmark-social-media-addiction-trial,-1
Axios_CL,https://www.axios.com/2026/02/18/democrats-jeffries-maryland-redistricting-map,-1
Axios_CL,https://www.axios.com/2026/02/18/trump-iran-war-reasons-military-strikes,-1
Axios_CL,https://www.axios.com/2026/02/18/fed-interest-rates-minutes-january,-1
Axios_CL,https://www.axios.com/2026/02/18/ice-federal-agents-accountable,-1
Axios_CL,https://www.axios.com/2026/02/18/jesse-jackson-trump-jamal-bryant,-1
Axios_CL,https://www.axios.com/local/columbus/2026/02/18/les-wexner-jeffrey-epstein-ties-testimony,-1
Axios_CL,https://www.axios.com/2026/02/18/republicans-christian-nationalism-trump,-1
Axios_CL,https://www.axios.com/2026/02/18/americans-interracial-marriage-friendships,-1
Axios_CL,https://www.axios.com/2026/02/18/iran-war-trump-military-strikes-nuclear-talks,-1
Axios_CL,https://www.axios.com/2026/02/18/marco-rubio-cuba-secret-talks,-1
Axios_CL,https://www.axios.com/2026/02/18/trump-equal-time-colbert-youtube-cbs,-1
Axios_CL,https://www.axios.com/2026/02/18/older-winter-olympians-redefining-their-prime,-1
Axios_CL,https://www.axios.com/2026/02/17/randy-fine-muslim-censure-democrats-congress,-1
Axios_CL,https://www.axios.com/2026/02/17/meta-nvidia-gpu-cpu-deal,-1
Axios_CL,https://www.axios.com/2026/02/17/bayer-roundup-settlement-monsanto,-1
Axios_CL,https://www.axios.com/2026/02/17/capitol-police-arrest-gun-washington-dc-suspect,-1
Axios_CL,https://www.axios.com/2026/02/17/colbert-cbs-talarico-interview-fcc-trump-carr,-1
Axios_CL,https://www.axios.com/2026/02/17/doorbell-cams-and-surveillance-tech-face-growing-public-backlash,-1
Axios_CL,https://www.axios.com/2026/02/17/ukraine-russia-negotiations-zelensky-donbas,-1
Axios_CL,https://www.axios.com/2026/02/17/trump-iran-nuclear-deal-talks-geneva-progress,-1
Axios_CL,https://www.axios.com/2026/02/17/subpoenas-democrats-midterms-corporate-america,-1
Axios_CL,https://www.axios.com/2026/02/17/jesse-jackson-civil-rights-activism-photos,-1
Axios_CL,https://www.axios.com/2026/02/17/jesse-jackson-dies-civil-rights-leader,-1
Axios_CL,https://www.axios.com/2026/02/17/trump-tiktok-ban-charlie-kirk,-1
Axios_CL,https://www.axios.com/2026/02/17/wall-street-ai-bet-risk,-1
Axios_CL,https://www.axios.com/2026/02/17/ai-data-viruses-biosecurity,-1
Axios_CL,https://www.axios.com/2026/02/17/epstein-new-mexico-ranch-state-house-review,-1
Axios_CL,https://www.axios.com/2026/02/17/trump-maryland-moore-potomac-river-sewage-spill-blame,-1
Axios_CL,https://www.axios.com/2026/02/17/trump-iran-us-nuclear-deal-consequences,-1
Axios_CL,https://www.axios.com/2026/02/16/epstein-associates-consequences-usa-world,-1
Axios_CL,https://www.axios.com/2026/02/16/meta-ai-chatbots-kids,-1
Axios_CL,https://www.axios.com/2026/02/16/trump-pardons-don-bacon-republican-congress,-1
Axios_CL,https://www.axios.com/2026/02/16/anthropic-defense-department-relationship-hegseth,-1
Axios_CL,https://www.axios.com/2026/02/16/prediction-markets-insider-trading-integrity,-1
NewRepublic_CL,https://newrepublic.com/article/206808/jeffrey-epstein-academia-democracy-corruption,-1
NewRepublic_CL,https://newrepublic.com/post/206818/accountability-crime-eradicate-trumpism-democrats,-1
NewRepublic_CL,https://newrepublic.com/post/206878/fcc-air-propaganda-america-250-anniversary,-1
NewRepublic_CL,https://newrepublic.com/post/206881/donald-trump-treasury-secretary-tariff-revenue,-1
NewRepublic_CL,https://newrepublic.com/post/206882/trump-commerce-secretary-lutnick-sons-money-end-tariffs-supreme-court,-1
NewRepublic_CL,https://newrepublic.com/article/206874/supreme-court-trump-tariff-defeat,-1
NewRepublic_CL,https://newrepublic.com/post/206876/guards-azerbaijani-president-attack-protesters-dc,-1
NewRepublic_CL,https://newrepublic.com/post/206872/republicans-celebrate-supreme-court-ruling-trump-tariffs,-1
NewRepublic_CL,https://newrepublic.com/post/206869/trump-attacks-supreme-court-justices-blocked-tariffs,-1
NewRepublic_CL,https://newrepublic.com/post/206868/donald-trump-right-destroy-countries-tariffs-ruling,-1
NewRepublic_CL,https://newrepublic.com/article/206866/trump-tariffs-supreme-court-ruling-epic-loss-worse-think,-1
NewRepublic_CL,https://newrepublic.com/post/206867/donald-trump-new-tariffs-supreme-court-ruling,-1
NewRepublic_CL,https://newrepublic.com/post/206864/mcconnell-trump-election-overhaul-bill-save-america-act,-1
NewRepublic_CL,https://newrepublic.com/post/206858/donald-trump-economic-growth-tariffs,-1
NewRepublic_CL,https://newrepublic.com/post/206857/georgia-voter-fraud-elon-musk,-1
NewRepublic_CL,https://newrepublic.com/post/206861/fox-news-begs-trump-stay-away-war-iran,-1
NewRepublic_CL,https://newrepublic.com/post/206854/trump-backup-plan-supreme-court-tariffs-ruling,-1
NewRepublic_CL,https://newrepublic.com/post/206850/republicans-epstein-shame,-1
NewRepublic_CL,https://newrepublic.com/post/206848/veteran-sues-trump-administration-ice-detained,-1
NewRepublic_CL,https://newrepublic.com/post/206828/maha-moms-pissed-trump-order-pesticide-glyphosate,-1
NewRepublic_CL,https://newrepublic.com/post/205430/supreme-court-donald-trump-tariff-ruling,-1
NewRepublic_CL,https://newrepublic.com/post/206838/doj-ghislaine-maxwell-epstein-files-trump,-1
NewRepublic_CL,https://newrepublic.com/post/206827/donald-trump-labor-secretary-husband-banned-alleged-assaults,-1
NewRepublic_CL,https://newrepublic.com/post/206824/donald-trump-releasing-files-aliens-ufos-epstein,-1
NewRepublic_CL,https://newrepublic.com/article/206821/transcript-trump-epstein-evasions-collapsing-maga-fury-explodes,-1
NewRepublic_CL,https://newrepublic.com/post/206738/trump-water-sewage-potomac-iowa,-1
NewRepublic_CL,https://newrepublic.com/article/206753/judicial-contempt-curb-trump-abuses,-1
NewRepublic_CL,https://newrepublic.com/article/206812/red-states-fascist-campaign-colleges-professors,-1
NewRepublic_CL,https://newrepublic.com/article/206800/transcript-britain-floundering-labor-party-warning-us-dem,-1
NewRepublic_CL,https://newrepublic.com/article/206762/revolutionary-crappiness-day1776,-1
NewRepublic_CL,https://newrepublic.com/article/206776/prince-andrew-mountbatten-windsor-epstein-arrest,-1
NewRepublic_CL,https://newrepublic.com/article/206805/britain-floundering-labor-party-warning-us-democrats,-1
NewRepublic_CL,https://newrepublic.com/article/206819/trump-ramblings-epstein-take-revealing-turn-maga-fury-boils,-1
NewRepublic_CL,https://newrepublic.com/post/206815/trump-mail-in-ballots-midterms-50-years-rigged-elections,-1
NewRepublic_CL,https://newrepublic.com/post/206807/obama-lawyer-epstein-advice-private-white-house-information,-1
NewRepublic_CL,https://newrepublic.com/post/206811/donald-trump-attack-iran-winter-olympics,-1
NewRepublic_CL,https://newrepublic.com/post/206802/judge-new-york-ice-raid-street-vendors-released,-1
NewRepublic_CL,https://newrepublic.com/post/206803/donald-trump-department-justice-banner-face,-1
NewRepublic_CL,https://newrepublic.com/post/206798/donald-trump-expensive-plan-replace-world-health-organization,-1
NewRepublic_CL,https://newrepublic.com/article/206773/samuel-alito-book-supreme-court-midterm-elections,-1
NewRepublic_CL,https://newrepublic.com/post/206788/donald-trump-military-base-gaza-future,-1
NewRepublic_CL,https://newrepublic.com/post/206790/donald-trump-10-billion-dollars-board-peace-slush-fund,-1
NewRepublic_CL,https://newrepublic.com/post/206784/donald-trump-sleep-board-peace-launch,-1
NewRepublic_CL,https://newrepublic.com/post/206786/maga-representative-randy-fine-sheriff-endorsement-muslims-dogs,-1
NewRepublic_CL,https://newrepublic.com/post/206782/donald-trump-military-build-up-iran,-1
NewRepublic_CL,https://newrepublic.com/post/206778/jeffrey-epstein-accomplice-jean-luc-brunel-missing-testify,-1
NewRepublic_CL,https://newrepublic.com/post/206771/reporters-arrested-trump-secret-deportation-compound-cameroon,-1
NewRepublic_CL,https://newrepublic.com/post/206779/donald-trump-forgets-names-titles-world-leaders,-1
NewRepublic_CL,https://newrepublic.com/article/206768/southern-bellwether,-1
NewRepublic_CL,https://newrepublic.com/post/206765/department-justice-fbi-interviews-donald-trump-accuser-epstein,-1
NewRepublic_CL,https://newrepublic.com/post/206764/prince-andrew-epstein-arrest-donald-trump,-1
NewRepublic_CL,https://newrepublic.com/article/206759/transcript-trump-erupts-panic-2026-polls-take-brutal-turn,-1
NewRepublic_CL,https://newrepublic.com/article/206425/affordability-corporate-power-voters-angry,-1
NewRepublic_CL,https://newrepublic.com/article/206289/end-cold-war-saved-siberian-tiger,-1
NewRepublic_CL,https://newrepublic.com/article/206557/democrats-cash-deficit-republicans-midterm-elections,-1
NewRepublic_CL,https://newrepublic.com/article/206730/eat-real-food-industrial-agriculture,-1
NewRepublic_CL,https://newrepublic.com/article/206743/trump-erupts-angry-panic-2026-polls-take-truly-brutal-turn,-1
NewRepublic_CL,https://newrepublic.com/post/206752/tucker-carlson-says-detained-israel,-1
NewRepublic_CL,https://newrepublic.com/post/206745/trump-family-crypto-forum-world-liberty-financial-mar-a-lago,-1
NewRepublic_CL,https://newrepublic.com/post/206742/donald-trump-black-history-month-listing-friends,-1
NewRepublic_CL,https://newrepublic.com/post/206740/trump-confuses-two-black-countries-black-history-month-event,-1
NewRepublic_CL,https://newrepublic.com/post/206739/donald-trump-jay-bhattacharya-cdc-critic-temporary-head,-1
NewRepublic_CL,https://newrepublic.com/post/206737/donald-trump-sons-corruption-cryptocurrency,-1
NewRepublic_CL,https://newrepublic.com/post/206736/robert-f-kennedy-jr-fda-warnings-treatments-autism,-1
NewRepublic_CL,https://newrepublic.com/post/206728/democrats-boycott-protests-trump-state-union,-1
NewRepublic_CL,https://newrepublic.com/article/206682/canada-mass-shooting-response-transgender-rights,-1
NewRepublic_CL,https://newrepublic.com/post/206719/pope-rejects-trump-board-peace-invite,-1
NewRepublic_CL,https://newrepublic.com/post/206720/ice-raids-detained-families-kids-letters-expose-abuse,-1
NewRepublic_CL,https://newrepublic.com/post/206722/jd-vance-fact-check-fox-news-donald-trump-popularity,-1
NewRepublic_CL,https://newrepublic.com/post/206717/lauren-boebert-son-tyler-child-abuse-charges-second-time,-1
NewRepublic_CL,https://newrepublic.com/post/206712/ice-sends-detained-two-month-old-baby-mexico,-1
NewRepublic_CL,https://newrepublic.com/post/206707/drug-trafficker-honduras-president-treatment-trump-pardon,-1
NewRepublic_CL,https://newrepublic.com/post/206710/maga-senator-save-act-marriage-certificate-voting,-1
NewRepublic_CL,https://newrepublic.com/post/206702/republican-representative-gonzales-affair-aide-suicide-fire,-1
NewRepublic_CL,https://newrepublic.com/post/206704/stephen-colbert-cbs-lie-defense-talarico-interview,-1
NewRepublic_CL,https://newrepublic.com/post/206698/kristi-noem-homeland-security-employees-asbestos-poisoning,-1
NewRepublic_CL,https://newrepublic.com/post/206695/robert-f-kennedy-jr-workout-video,-1
NewRepublic_CL,https://newrepublic.com/article/206693/transcript-minneapolis-mayor-trump-will-never-break-us,-1
NewRepublic_CL,https://newrepublic.com/article/206686/transcript-today-democrats-can-learn-jesse-jackson,-1
NewRepublic_CL,https://newrepublic.com/article/206673/trump-delegitimize-midterm-elections-four-ways,-1
NPRPolitics_CL,https://www.npr.org/2026/02/22/nx-s1-5719174/politics-chat-trump-says-hell-raise-tariffs-despite-supreme-court-ruling,-1
NPRPolitics_CL,https://www.npr.org/2026/02/22/nx-s1-5712709/democrats-and-republicans-agree-on-one-thing-regulating-the-use-of-ai,-1
NPRPolitics_CL,https://www.npr.org/2026/02/22/nx-s1-5707254/power-trump-congress-house-representatives-voters-control,-1
NPRPolitics_CL,https://www.npr.org/2026/02/22/nx-s1-5722770/homeland-security-suspends-tsa-precheck-and-global-entry-airport-security,-1
NPRPolitics_CL,https://www.npr.org/2026/02/21/nx-s1-5721786/vietnam-veterans-sue-trump-arch,-1
NPRPolitics_CL,https://www.npr.org/2026/02/21/nx-s1-5722111/trump-global-tariffs-15-percent,-1
NPRPolitics_CL,https://www.npr.org/2026/02/21/nx-s1-5721761/us-military-airlifts-small-reactor,-1
NPRPolitics_CL,https://www.npr.org/2026/02/21/nx-s1-5721734/court-louisiana-ten-commandments-in-classrooms-take-effect,-1
NPRPolitics_CL,https://www.npr.org/2026/02/21/nx-s1-5721206/a-look-at-the-scotus-ruling-on-trumps-tariffs,-1
NPRPolitics_CL,https://www.npr.org/2026/02/21/nx-s1-5718238/week-in-politics-scotus-shuts-down-trumps-tariffs-u-s-iran-update,-1
TheAtlantic_Politics_CL,https://news.google.com/rss/articles/CBMipwFBVV95cUxNQVZHSGxoSjNqRXhlZUxlR29zb1hyYTFXb1BEVUExQ25GSTc5bTAxUkFjU2dNZmJ6cGFNYkMtSUdTUFc4UUdRRDZIckdJcThKT3pTMkI4SXNhNnVzOW00bVNDODhEYkJYSUY1MlFxb28wRjZESVVaTC1ITmRoLThBaHZhU3g3UkxjcnR0alZ6V0M5Y2M2SnlDZkdUeTdjakt4aW1GakZOVQ?oc=5,-1
TheAtlantic_Politics_CL,https://news.google.com/rss/articles/CBMijwFBVV95cUxQbDN1VG15aENTazIybDRQaGlLZTRUWDdmaDRjNjNsOVRkVFRwa2RlZ0YzWjdveGJHdzhzMVljcXc5Y25SN1YzaC1ueEhCR3BYdi00Vm9yMkRCSy1KZDdCS0xIY0loUVVTenlqV0llQVZFVS1Fd0t1NUhvU2s2TlE5bkpjR3FIOThFcW9NcEVmOA?oc=5,-1
TheAtlantic_Politics_CL,https://news.google.com/rss/articles/CBMipgFBVV95cUxQbm4zbGtJdGpUZEdlRGllaHJmS2JSNWQ2Z0hKbGhuSlhEMjJOMUlUMnBFM1V3MXhjVEVQNDJqeWtSUWtJczVPV1JoMmkxVnlpVjgtVTNjdW5qa18ySmpmdWlWU1Y2eWowckg3VjNnVEVwM2plWEQyTFdNTm1ldnlQXzI4OUJtVC11UURZb0tvdE9KTHZlT0xybmdjZHhuWEFYZmlvZmpR?oc=5,-1
TheAtlantic_Politics_CL,https://news.google.com/rss/articles/CBMigwFBVV95cUxOQlVLdHVwcW43ZGJ0TlE4b0lCSnFuanctLURGNDNDTXRaT0ZEcHl4bWctYnd2a3Vad1dMQy1QSFpkUE9GZWFCdUlJdkdtMTUzR2xTUjB5cDNyTVlhQVRfX2Y2eVZSZlpkN1dpZ19mLWtXa3FLMFhmZjNUQldCSnl6ckt6dw?oc=5,-1
TheAtlantic_Politics_CL,https://news.google.com/rss/articles/CBMiekFVX3lxTFBPazc3YnRhbkRMZ2VfVWVrdWdoVldYWThDUkdNbTB1VmJoMDdPMUpwRUtXTjNWclR2ZVNfdmRIR1llZDF2WW9vUGd1OVZ6ZWh3YTZlTkdUemN4QnZ3V2UxbGY1SVNLVURJb1lPaWJvNm1pdGdrOXRtMWtR?oc=5,-1
TheAtlantic_Politics_CL,https://news.google.com/rss/articles/CBMinwFBVV95cUxPNG5yU3hjemRqeXhBWTMtcTJZbFR5blRQLVFzOTlKYmE2N1ZlN1cwbmJoYy0taVpLb1pxcTJVVXUxdjdnb0Z0dEJMcHpXWk9zUUVmb1NQY2Y2c2VQWllIMmJvdDNCSlF5cTRXRDVTcHVibGpXUFZ6TDB5OGMxMUxraXJmS2RBUW5FVzItWTVrUjhiU3p5R2tyWjl2TG1lcUU?oc=5,-1
TheAtlantic_Politics_CL,https://news.google.com/rss/articles/CBMitAFBVV95cUxQaEl2Z1dGRENGZlhfSXlxRHNtY2REWEl1dWNvUmhjLXE3RUVtMklRbldPdTQ0NUpXVVhYWnBqbGFLTFp3Y2hUQzV2Vkw5aWlBbVdybnkxSjUtZnRVVmJmWVVCck1KaHJMN0RPSkdNOUhncG83NWQ0WDZaLVllbHRPMDNpcjhwZXFpX1dHNzQ0LVMwdEJXWmUxTDRtU2tyNzF2cWE0aERMa0I5V3FhRlVPQTNxUmU?oc=5,-1
TheAtlantic_Politics_CL,https://news.google.com/rss/articles/CBMihAFBVV95cUxQOWxNTGtzNmxNVzZqRDBmcGJDNTUxemFBcTRnQko1aVE1NUNwUEw2X1VTVVRULUVqNFVmaFp3YV92aFNFZS11TkZ1amRiMm1QNTBaaFBDcC1Ma1BCVEppWXhpQkVERUw0VzBqVWk1VW1PTEdkQjNFUGl5eGM2MTJndVV1MXI?oc=5,-1
TheAtlantic_Politics_CL,https://news.google.com/rss/articles/CBMimAFBVV95cUxPbHNqMjNGU2lNbDZNdm81YkhFdXdhR0VzNUhESlN1MThmNS1BbFh3TVZZb202TkNTOUoteFdSaFMtSzZLRzlwSHB4b1V0QzNQV3JWZHhOTWFIR2RUNFZRMF8zcWw2YlpKemVmWF90WUI4NnFTd0V2dEQ3cGtiSDI1amJERi02dHJTbTZTLUEwaUdKRWhqUmtYYw?oc=5,-1
TheAtlantic_Politics_CL,https://news.google.com/rss/articles/CBMiiAFBVV95cUxNUFRNanRwSGx0ZkpQR3RRc2YzWE5xMVpyOC0yUkZYaTBVbXF3R2FFMm15X21La19pdEFkNm9XVmVleEpHY1pFQ1l4alZXMFRYZnJxM2Y3eE9jZ2phbDNydEJxVEdDSm1jbGluM0R5SUMxTkN6R215N2t1NVo2aVVYcHFqOUYySWJi?oc=5,-1
TheAtlantic_Politics_CL,https://news.google.com/rss/articles/CBMihAFBVV95cUxQNGVHSHFXRnZtUkNFbnZkOHhGX1FRNFphRkc3cjN5QWUzZXVRakJLUVdOZFZoYlEyWFptdTBVNlBoalYwcl9LaWJpWHBxNmM0eldFOHZYRnZPV29wNGFzU0xpbVFBTmxGdmh0VnMzd0hOQWdybExsaHA4UjE5X2pZNG9vSU0?oc=5,-1
TheAtlantic_Politics_CL,https://news.google.com/rss/articles/CBMihwFBVV95cUxON2t2d3g1RkNwQW12d1NUWDhia2ZMRVBUNXZkamVGa0tUdlFQenBqX2hnb2JKaGdhRUdQeGE0QjlkQnJrN3FKRVhVTVJLRFJrYlZBczM0UHFQSWduLXV1MFNCWmV2Q0V4NkZwT2NPWUk0YTZsMFBzQjBjRUpCNFl3dzZuTTFhcFE?oc=5,-1
TheAtlantic_Politics_CL,https://news.google.com/rss/articles/CBMiqgFBVV95cUxNczB1ZUcxY2lTVi0zVnJYODB1TGVTaUhOU3c4YWFWZmVTMFBlaXAyTTEtbkU4TWIwcEZSTEt3Tks3SkZOZ2ZVcFZoTTlHVi1wM3NGTHY1ZHNRR3Z5azZkNlVPN3VOYXpJai1YVk9PTzB0d0c1d01idGNkLU1HOXpYTUdOaWdKLUFoak5GU0doQzdDTkJ1Q2FsM1QyWWM2N2RPanM0WFZSdHhidw?oc=5,-1
TheAtlantic_Politics_CL,https://news.google.com/rss/articles/CBMihAFBVV95cUxObGpVWkhwXzhoOXVmS05LbUVQUDY4OGZwczIwbzVxTVhhZ29MdUFEOUdlU19YM3ZJOXZCZWd3SXRyeGw4VGxNU0NhdnRLSmdsaUxZWTNNY2pUbThoN09XdDRycmh5WFJDc3EyUWFYczVwdVZEWDAtUFZqcFE5Vzl4eTZOMGw?oc=5,-1
TheAtlantic_Politics_CL,https://news.google.com/rss/articles/CBMilwFBVV95cUxOV1RCR3BvemFMcmF1SzdhQkpzTk9MNjZaYXJ4WGFINnF1NTdiNi1vOG1KY2xxWUxNT2tJVVJmWkU0N3M0R0h0MzlYUXNRendhQktBZUc5TC1nNnVvMXgzLURXQjVXNVBjRFozXzJEellsdW1vZXlJVzg0RnF5cFFHaDJoTFQ1dERLM0lsQzZKMUxTUldiRjFR?oc=5,-1
TheAtlantic_Politics_CL,https://news.google.com/rss/articles/CBMilwFBVV95cUxPSGtkcVhBd2JNTVA2OGFQek5adUliaFZGb25EOHEwQkNNWjZaWmh4VHRVUnhONTAtRy1ic1l0S2Rsb2hNTnZrWXYzamk4NmFKanl0UFRPdVlZdTdQVjdJbElqajBvMFF4Ti13azNpbnBhdVVIUC1XYm94S09uM3VEOXg0MmhSMWxDVG5HRE05eFEwNFBOSXU4?oc=5,-1
TheAtlantic_Politics_CL,https://news.google.com/rss/articles/CBMigAFBVV95cUxPZkwxT212ZjJ3Q1c0TkstN1N2c0pSY1FuWGRWRUVmeml2ZE1DM2FhTDMzM1R1RENGU052VU9LMk5Gd1lKSC1QNG5NM0xDekh4bmVrZWpSbXkwU3lJcUQ3UGdKR2M0My1Zc2w4OGxZR2dJaTB6VWFXQktSdm40VkpSaA?oc=5,-1
TheAtlantic_Politics_CL,https://news.google.com/rss/articles/CBMioAFBVV95cUxOd3VXY2hIU09mSXNSdjlZWkxxYm1jRDJGMUk1RzZlb1dKV2lROXgzWXI3cXRLV09YN2llZHI4TjIxM0pKeUlIOWZVS3JZMG1tN1R0cnptVURhdGVVR2VKX0V2Z2J6YkMyb2RjRk5pTTgzZUVJYnhkTGxLYUVieWFqc1FWRUF0bVd1dXQ5T0NVMVNzT190RWVmajdYb1BFSElw?oc=5,-1
TheAtlantic_Politics_CL,https://news.google.com/rss/articles/CBMilgFBVV95cUxNUV9ab1lqWDdVT1BKWHN1UWU5cUpYQkU2V0xwN3J2U3pKTmpFM09YTGIxTEFmaHdSWHVabDJCbG04MlNqNkJCa2xwMkNJVHU5SGdpWEpzV0RkTHY2Y3FWemI0OXg2ODBiWGttUW96SGpFRWZMQ3lXdGRtYUZMbXRfZ1M1VzJIQlBtTHRJWnQ0Y0ZJRk1DZHc?oc=5,-1
NBCPolitics_CL,https://www.nbcnews.com/politics/trump-administration/bill-rights-test-trump-immigration-crackdown-minnesota-rcna258102,-1
NBCPolitics_CL,https://www.nbcnews.com/politics/donald-trump/law-enforcement-shoots-kills-man-mar-lago-secret-service-rcna260141,-1
NBCPolitics_CL,https://www.nbcnews.com/politics/donald-trump/trump-withdraws-endorsement-colorado-rep-jeff-hurd-rcna260085,-1
NBCPolitics_CL,https://www.nbcnews.com/meet-the-press/video/congress-needs-to-be-involved-in-trade-policy-after-supreme-court-tariff-ruling-gop-congressman-258051653739,-1
NBCPolitics_CL,https://www.nbcnews.com/meet-the-press/video/trump-hints-at-limited-military-strikes-to-try-to-nudge-along-nuclear-talks-with-iran-258050117691,-1
NBCPolitics_CL,https://www.nbcnews.com/meet-the-press/video/trump-absolutely-fuming-after-supreme-court-ruling-striking-down-tariffs-258051653571,-1
NBCPolitics_CL,https://www.nbcnews.com/politics/immigration/no-expense-spared-luxury-jet-dhs-wants-buy-deportations-rcna259425,-1
NBCPolitics_CL,https://www.nbcnews.com/politics/immigration/noems-use-coast-guard-resources-strains-relationship-military-branch-s-rcna258904,-1
NBCPolitics_CL,https://www.nbcnews.com/health/health-news/national-institutes-health-director-positions-unfilled-rcna257834,-1
NBCPolitics_CL,https://www.nbcnews.com/video/full-interview-tom-llamas-exclusive-with-president-trump-257304133923,-1
NBCPolitics_CL,https://www.nbcnews.com/politics/politics-news/ten-commandments-displayed-louisiana-classrooms-appeals-court-rules-rcna260021,-1
NBCPolitics_CL,https://www.nbcnews.com/politics/national-security/cia-reports-bias-review-trump-appointed-board-rcna260037,-1
NBCPolitics_CL,https://www.nbcnews.com/politics/white-house/trump-raises-global-tariffs-15-percent-trade-supreme-court-decision-rcna260049,-1
NBCPolitics_CL,https://www.nbcnews.com/politics/trump-administration/deputy-ag-fires-interim-us-attorney-rcna260012,-1
NBCPolitics_CL,https://www.nbcnews.com/politics/supreme-court/tariffs-case-supreme-court-justices-bicker-biden-trump-treatment-rcna259922,-1
NBCPolitics_CL,https://www.nbcnews.com/politics/supreme-court/supreme-court-strikes-trumps-tariffs-major-blow-president-rcna244827,-1
NBCPolitics_CL,https://www.nbcnews.com/politics/politics-news/speaker-mike-johnson-denies-request-rev-jesse-jackson-lie-honor-capito-rcna259978,-1
NBCPolitics_CL,https://www.nbcnews.com/news/us-news/doj-seeks-revoke-us-citizenship-former-north-miami-mayor-rcna259944,-1
NBCPolitics_CL,https://www.nbcnews.com/politics/politics-news/supreme-court-deals-blow-trumps-economic-agenda-politics-desk-rcna259986,-1
NBCPolitics_CL,https://www.nbcnews.com/politics/politics-news/epstein-saga-engulfs-les-wexner-ohio-rcna258821,-1
NBCPolitics_CL,https://www.nbcnews.com/politics/trump-administration/white-house-tariff-loss-trump-supreme-court-rcna259910,-1
NBCPolitics_CL,https://www.nbcnews.com/politics/congress/rep-tony-gonzales-faces-ethics-investigation-alleged-affair-ahead-toug-rcna259799,-1
NBCPolitics_CL,https://www.nbcnews.com/politics/2026-election/top-maryland-senate-democrat-says-window-opportunity-closed-redistrict-rcna259935,-1
CNNPolitics_CL,https://www.cnn.com/2022/12/10/politics/kyrsten-sinema-independent-democrats/index.html,-1
CNNPolitics_CL,https://www.cnn.com/2022/12/11/politics/louisa-terrell-legislative-director/index.html,-1
CNNPolitics_CL,https://www.cnn.com/audio/podcasts/political-briefing,-1
CNNPolitics_CL,https://www.cnn.com/2022/11/15/politics/donald-trump-investigations-lawsuits/index.html,-1
CNNPolitics_CL,https://www.cnn.com/2022/11/29/politics/respect-for-marriage-act-what-matters/index.html,-1
CNNPolitics_CL,https://www.cnn.com/2022/08/31/politics/biden-student-loan-forgiveness-faq/index.html,-1
CNNPolitics_CL,https://www.cnn.com/2021/01/08/politics/gallery/kamala-harris/index.html,-1
CNNPolitics_CL,https://www.cnn.com/videos/politics/2024/07/28/gps-0728-ai-energy-consumption.cnn,-1
CNNPolitics_CL,https://www.cnn.com/videos/politics/2024/07/28/gps-0728-politics-of-the-modern-gop.cnn,-1
CNNPolitics_CL,https://www.cnn.com/videos/politics/2024/07/28/gps-0728-the-real-kamala-harris.cnn,-1
CNNPolitics_CL,https://www.cnn.com/videos/politics/2024/07/28/gps-0728-how-harris-united-democrats.cnn,-1
CNNPolitics_CL,https://www.cnn.com/videos/politics/2024/07/28/sotu-panel-full.cnn,-1
CNNPolitics_CL,https://www.cnn.com/videos/politics/2024/07/28/sotu-cotton-full-interview.cnn,-1
CNNPolitics_CL,https://www.cnn.com/videos/politics/2012/11/07/youtube-2004-dnc-obama-keynote.cnn,-1
CNNPolitics_CL,https://www.cnn.com/2021/01/08/politics/gallery/joe-biden/index.html,-1
CNNPolitics_CL,https://www.cnn.com/videos/politics/2024/07/21/gps-0721-the-worlds-first-chief-heat-officer.cnn,-1
CNNPolitics_CL,https://www.cnn.com/videos/politics/2024/07/21/gps-0721-the-evolution-of-jd-vance.cnn,-1
CNNPolitics_CL,https://www.cnn.com/videos/politics/2024/07/21/sotu-polis-on-biden.cnn,-1
PBSPolitics_CL,https://news.google.com/rss/articles/CBMisgFBVV95cUxQdTRUaUFfVXBKbk1kUHhXeGI4MHhSdFIwU1dqS19vUE96VWpxNmtCbUtGVE82Z3hVbXhOYUQ2S1BEM2dQQU4wZk9MZlI0UjZuS2xHQUpwZV8xc0hpTkk2eEFNTVpjQWdqeEVCMEdfdnBydWRlcHpOdmNNZ0Uzd0VrX0hxTGFwdzlFTjBjN2JicDhQR0tiUS1weS02bzV6SGxZeEVaa2ZTNnVOU2JJWTlYX2RR0gG3AUFVX3lxTE9ORkJPLTBUQjVGZ0xVRE9mZ3hJR1lYMUJEUzZ6M05NejE3YUNqWFQ2VGlGd2NnQjNGTWIyZEcwaDdWeEhDX2J3N3R4dlFuVko0am1qUWQ5TmQybFRwM2FhWEwzcG1KSkR1cW9UVUREX240bzVrbWpCRlJ4QzhldW5xTnV4NjRjam14VVdUS292WGN2RmdQZnN4WG40OFV3bGVGbEd1UW01UmthS1lUWlVta0RzcGtIWQ?oc=5,-1
PBSPolitics_CL,https://news.google.com/rss/articles/CBMijAFBVV95cUxPV1lUXzJya21jSnNhc1VBUHVsNGpSRXYtaXY1Qm44ZFFCUjJBNFhybFBQYkFrQUQtQmp6N0JhYk9RYXVITFl1SDJZbDZfeUpFLVU4OEpQYm56OGhnMC1ZbzE3ODBfNk9ldEw4RG0yWW13aHpBX2pmbTQzQWYtS0lmZjdzcDJWRzYwSk5tcw?oc=5,-1
PBSPolitics_CL,https://news.google.com/rss/articles/CBMixwFBVV95cUxPUktjODVaRVJuMHh3OHN5OUNjQVZjZDRkYWtKdXRpX1pycEZ6dm11WDdHeFBxVmIxanNXWFJZc3dvQUpmUmZWZGFQWU05NXk4VEFNZDQzckNyeVBjSnRVSmxuSEJpZnJXdW9na3BnWnFuUzZsdjVfVXEySHRJMk1zeXR1dXNVQkRWbWFuSy1ZSDJtdnAxa0ZnNkYxcmNoQjNxa0oxamd2ZHo4aTluTldaTVAtTGpPZVpkUDgxUS1zYXdrR0Q1NlhB0gHMAUFVX3lxTE01OGV3T1VUbDR2VzI5eE54MjBIZl8tUG1kZmpiN01DY0VNSlp4N3VDdGh0OWRmczlIY2NCRmNMbTF5bGZ1MmVlaXpjTVpFV1FzVk8tQTV2YW1EbFB4RWMyZWNVRW5Bb0VTNnhSckFTTU5oTHZ6bnpCWE1nXzJtY2NsdTdzSEZRSktDaGh2ZXNWVlRaazZjZEpZUnRfeFA4TXRPWHJEYlZ3N01Bc0xQbS0yZW9JbVBqZjBSOGZ4U3BNNkRla1ptU2UyWjFQbQ?oc=5,-1
PBSPolitics_CL,https://news.google.com/rss/articles/CBMiuwFBVV95cUxQYkJVZnd4UG1DYXIwTmx1WENLTVJ3eU9Ha2lOOHliSm56dXZVUFhhQVVQcFpDcEdreE5EbWVFVEl3R1c0YzlucmlZalF5U0dVVkdyT1pRNUNqVm1RTTJLRnh5Tk5aRW1EdEJ4a1pYamZyQmo1NXBjakt4Q191ckl0Ujc3MWo5ejdWaTRsQ3ZnT2E1cUN2b19FTE9Eay0yS2ZUZU5RVTJYREtEMEo0OEpXZG5Qd1RrWGtRVE9J?oc=5,-1
PBSPolitics_CL,https://news.google.com/rss/articles/CBMiswFBVV95cUxPUjJ0bjFuLVcxUGNNcHExb1VsUEV6NUswTTkxdUtxUGpmcTA3NjFSZU85aHJGT0hRUnhQNnp0a3FfZnZkcnpfRWVyMWFXWG9uaS1RbjFSVTRxcmVlWk5sRWxUSDJIV3A4VXlacU03eEdJVHBWQk15Vm9kRmJhN1A3Q053bUo5VUVPLWZEazJTRHR5bnpNQjBJalhqWjdDeXJjYW4wRGN2VmYxckhpUFFhQ01fMA?oc=5,-1
PBSPolitics_CL,https://news.google.com/rss/articles/CBMisAFBVV95cUxNTmtINGVsYWhwdWtTcXN2RGR0X3B3MHU3VGVVRmpRUzhLTlFhSkNtSXpKVU1OTExvRHEtSTljUzBVY19EcEFBT3o5S3lLZS1QQUYtcHRXdGpDeEdQcG10dm84eVlPNEY1VUhrQmNrMG1yVzJSTHZrUjBsVVk3T2RGd0JFLVNnSkR0TU9XSFo4OTlOWkNOeDhydFF5WTZfZVRFMXFCbVVwRFZYdXAwaWROVw?oc=5,-1
PBSPolitics_CL,https://news.google.com/rss/articles/CBMiwgFBVV95cUxQNnVnZ3ZxVXJFVHZxMFBGVW9aMGp1SlBsVGNfc2pIU21EUTE5OHpJQUs1RjNHZUxEVWNqcUlMY3hNTmZzVlBnNU1IdFhGZEx6SXo3M0ZEYXl4YkFHbUYyNktNY2tta18wckVPNXJtMUVEWjJNZUl5OEhuRGw2eC04ZmpKVURUUHJIaERvTUlaRnhaalZBYnE0dFJocmVnZkVIcHF6b3YzWlJ5cm1JMXpxZUp1YlBndjNoTUQ5MW9EN3BDd9IBxwFBVV95cUxORDB0UE9ack5EcTFuNHVZaGZmTEZQWHlPV2pLd3lGZm9rVHhyM0NnY2N1U0VqdzhPS1BRd1ZWOUs4cGFFSG5SV19aQld0aHZ1enRYdmU2dVVZRGRESWl5RkMxRGJEQ2hwS3Zlc1JwUUlUQTRmX09yby1wUWNQNGdjcTRVaGZzTXVjTkppdVdacnZUUFYwWVNTYk5BYUNEb2l2dGUtU2VpY2lDMlI2RjR6OFVKQkdwMnJFLWYzNU1tMkxocU50V3BJ?oc=5,-1
PBSPolitics_CL,https://news.google.com/rss/articles/CBMioAFBVV95cUxPYjlYRkpKRlNpWFZlNk9vaUlpTU9oWmgzOG95SVhfMXFWX29fcDJpMV9qNGk5Y2ZtZVV3MzFMQVFfQTJyaVVsSXdqWXdHX1ZZT2xLSWRGUDFoaG4zMUNUTHpWeTZWbTdqX1BQaVpsaFdVWmpxNDl5WDRWQW9CMDJJeVQ0dGtmOW1wSFY3ZmVUY3ZUdFQ2NFQweGVaWUNTU21p0gGmAUFVX3lxTFBKald3MFowOFNKWVlqT0c0SlA2MDVWMlpzY1VLc0tPSk5jczJfZ1JwODdEV0ZLTU41WWFRaGY0ZEY1eGhBT1B5ZDNuSHd3YzJ1a3VLYWVBNUFQVEhNcjVKLWhQS3luVXVWVnM0bGprRms0Z0Foc1FXZTNkcGRBdHRIYmQ2aXFWYVMwTXNGRy0tTVFnT3loNzRBUTh6OVZzN3ZpN1RTdUE?oc=5,-1
PBSPolitics_CL,https://news.google.com/rss/articles/CBMipwFBVV95cUxOVERacjNUVTZlWjhWbHVNWHo5Y25GVk9ocjBVTzdETWo0d1RPRWhiVHNTNGZBT0cyeXhqRkFFYXhXYTVLVWswSTh0ci15ZmotQkhNWFQ4cDMySnY4cDJQblRkVEQ4dmJJbUNWUUxYTTJNYjNJZkNwSGpOUVFfWU5qMnFNRWtVX1VCWFBSN29Cb0J2ZnE2aTJ3VzY0ZlJOTWVhRUlGUUE3b9IBrAFBVV95cUxQTnNuRjh0aDhvWl9RT3lOenBzbHMxVm4zel84ejVCVVJOb2tIbEVlcmhxUFdxWU1YR25hU2p2aFp1ZThfeW5TWHk3TGVLQ01aNTc4ZmFYOWUzbk9SRnpxQzllSzZLUl9jMHdjM1RaREdnYllNbm9weEpJakloRG45Q3liVkZBRHdleTBOLURXOHlwbWRfZWVwUmV0WDRvbVYzREFiaXp1NlVsdy1y?oc=5,-1
PBSPolitics_CL,https://news.google.com/rss/articles/CBMikgFBVV95cUxNX2V4dl9kTnV3UkdWM2VvUFZWYW5ENVhUOHZFTWZnY0doZ2k1dTJ2YTdKdkVUVHpUVVV0TGJjaHNNWW40TFo2VDRBVVFQZjU3YlVfMkxESzhKUmRhZVVMSDY3bExPTmZNVnhBY0I2TkJRYnRuWmwwZ3g1X1A5bDJUUXZVOUxrSjZsY0dSUXVRRkdoUdIBlwFBVV95cUxQVHdSQ05NV0wyM0dtZVNZeUJtWFdyX2c4eWhGX0k5dF84WkxhUmZVZTNhbGRqdi1idEZZSHdRQWxoWWlLUUdabXc1M0R6T014WGhyeUU1dzlSMmZEaFdLS1pxS0piQkhWQlE0cE9zUWZxM3cwbGFNSHotM2lFNWZUSDFhVWJ0dmxiZzRpN3lHRTNQSWREMkx3?oc=5,-1
PBSPolitics_CL,https://news.google.com/rss/articles/CBMizwFBVV95cUxNMmdvUk41QXlaWktRN0RVNDFyZ2cyUzA5N1pLZFMyUzhBY3k3RWNtYTE4TWxIMlY2VFhlM1QydDU3eDZqR2VfTXdHUEtiR1czVFNsVnRJaGEzZzBVLVE0NUZzNWRrTHNtODkxSVBZeFRQOC1taXZ2T2FFVTdiTUF1ZFJTY04wN2xINlpnRjJaSmJfYnBBNERVMG5zXzZrT01mYXlfcG1hRER6cjhkLVpqcUJJSEFsMXNvTkx2V3QzSFNXT1NhUDRhUEFxcWlYMVE?oc=5,-1
PBSPolitics_CL,https://news.google.com/rss/articles/CBMixAFBVV95cUxOenpISHJDcUZoR3Qzby1XZzFCRy1NOTVpQkhXd0lRVEwtbG41blM4dmhyR1VhSmFjc0pObjcxVzNfNkpsdE9xcDd2WjFVenFITHFvdThqek1rZk5ZUFNaZFVlOTZZeklveEN0QzZBRDFIWkpaLVRrYmlMRUNmbUZodTJwa0Y2RmNsb3B3YlRmY0lQUVUtXzVaaTE3VWlaNGNNSXVNWGFWeWNXdkVRUjZWOXpXdVl0Nm1JSjZ3R1lyajYzTnNV0gHKAUFVX3lxTE5lYnBFUkVoWFFOUi1jaDZZYzVFZ3lWbEQxTkJXVUsyMEFOQ0VvRXBNQm9RbEdPdEtuTEFOUmxvNjdJdzA4eVBTSklWb1ZSTWtXdnpkbi0wRDd6VG8yVHM4Ql90MWpYajFlaGQyMWw4TFJfaHUtcUV6X2c5c3dEZmpaZDIxRlJtSEh4ajczTUFuaV8teVhETHNfNll5TFVBbnhZay16WnRQSHpBd1BLTFN4QVZpUEN5blc1TVBXMjhLZHFxLUdjS1BjUmc?oc=5,-1
PBSPolitics_CL,https://news.google.com/rss/articles/CBMi5gFBVV95cUxNMWI2R2U3ZUcwbjhoTlJ0c0NBaXEtQ1ktckhnTTU4M0dhYWFzR2xQYS1wUENJekVfbjkxWGdWRDkzV2lyX1FKeVFRdTI3U1F2WnJhNXczZHFCc0xCZVVVc09XdktRdW9TdFl6Vzg1X0dFeXhUTnY1UGI2b2g4S3UxMWY4a2FfcE9mVTFpOG9uYk1uTEsxcV9nVUNoQkZPT2MxTUFueDJxTHdtUGhVOE9XZEV3NjhUWFBWcEhRN1dnc3NqcXMzRmJPaDFCbEJFeW9CRUlFS1lZWHRseC1zN29RYXc2TThOd9IB6wFBVV95cUxNbklqMHpiRTVUalV6eFdrMGp0MXlKMHgyVldvVDhVb3JXOFE3VjBreVFKZ3BHck9TUXNYQXRaaUM5VERiYl9JajZOTmgxY01SR2xHS0lWcTg0TjNlSzFGZm5rQnpaYldlVTZQTXdZODZvWV9vb0lCcE0yTmZ6RUV0dWd3S3htWlYxNlB2eHowUVVwSG1XRjlDN044TGZESFpNN3M3WHczRkFGLXFuNEpvODZkSE8wVG9veXZZX0tGNTY2Y3Vxdk1MOVpWMDZBMVJqdHlQYjFZYVRtUnhNaU56QXBPYk1Wd2NSTGpz?oc=5,-1
PBSPolitics_CL,https://news.google.com/rss/articles/CBMitgFBVV95cUxPdEZiQTVsYjd5OFNiWjlaOXRvSGlNcm1HcDNNLUxOb01yVnAtMVk0WGRjZlhGSTNWbXl4T2JIb1pnbldzTzU0dUlWZC0zc0tJQWhtUHVscG93RnNxSjNnWTRMMy02bTBaLXBraDNWREdDUGwyR0JzNnBGR2dVZ045VXNmbTBCd0hTVFdScXNsdkdDejVqVWFNb1RPNEFxTWhrR2FpbDBBcGMzWnFTazVHV0VXYWFndw?oc=5,-1
PBSPolitics_CL,https://news.google.com/rss/articles/CBMiwgFBVV95cUxQQkl3aGllT0NqTGp2VVNJNEEwZXZtcUUzeWJIa29aUGl0bGozUHZQOU56a1VNX1pWbk9ZMWZvZ1NXeklWUXRVMDI4Q2VacmlLNWtjbEZkUzVyVGV4Y0hFc28xZ0FtWFNNaFVaZkdXZ012Y1pPaDNHMGNQcjVLRHUwUmVXSEx3SnlXZUVZNXQ4ZFBjaTFjUEN5Zk1QSV9XaG0xNW9VOTBGbkpaN0ZmLTNfdXE1eEktUWY5ZGowTllNaUsyQQ?oc=5,-1
PBSPolitics_CL,https://news.google.com/rss/articles/CBMi6wFBVV95cUxQX2VDWk5PNmlVVlBPU2F1SzQ3a05YQllrbDRHcTRHYzllaUtVWWx4bFNCRjZscG1pS3F0dTJtVndoQmZvdXlaak1uOHUyM1daVDlhTkY4dlFCQW5pZThONHlwTHBqNWtRNTc2RnJTbnBadUYzQS1FYmFTUFdJVW5fX3g2MERvQXE5Qnl4cnQ2M2Q2Rjl5SFctMXBNVHdLcE1pYk4xdm9rV1JYWDlGb2M2SWFqNTg2TG41OVlreVpmdHAwSFUxNzRFY09jY2VXeHoxQ29MUS1GalZ2c2t0UG5FZmxweGJJZkpXQnAw0gHwAUFVX3lxTE1KdWpjOEM5NllUUFlEZkc3S0VVYW5HRHNFbzNUSmNBYlpxZ2duRXBVcEt2Qi1JR1FCTi1EcXVETEdORHRLUFpmQmdXbDNsMHJqWEY3cmNObEVnNElEUnQ3cjFaRVNtTnA2a1FoOWtqTHFNZzF0N1BzdF9GTmRadlUySWNIOHVGbXNXOXJyMnpDZHFHYWN4M3Q4X0R0QkZ5Y1hKQUc2M2V0cXM2aVRaQzlaaExHZlJ1a3E2Z2l4bE80Sm5famotajNhUlBEUWJTZWxZWldZVFYyZWlXSUhEcWgycV9BTEJidGp4T1NuN0ljag?oc=5,-1
PBSPolitics_CL,https://news.google.com/rss/articles/CBMixgFBVV95cUxPQ2pyWUpudGktUDc5amJ5aDRvV0drMDR2SzdWVEZUZjJra2tSbTlidUVQdllsMEVXbnB3Ukx1RUs3ZzJQTmh5MHFRQ1B2OW9PUWVYb21IeG9zeEVlNWlWY0ptMW05ck95VnRaWjdkS1BTTEpib0tla1ZRSk1Sam1aWWJYb3lYZDBsTUZtZU41NVMwZlhqOXkzNUFHUGhtNWkwZV9zcml3VnhaWkxDWFVuc0ZmQldwc0w2dk5odjRzRkVxQkpXLWfSAcsBQVVfeXFMTzBlNV9NSGh2WmtQa2FNUjlzc1Z4SG85WEtXcjVwSjNVV3JzeWRieGJYWDFDTUJtRy00SWd5YXl4LTl4QWllbnVWeWpfS0xSZERlNWRWaTNBZ0hLU2xBamh1c3hMMU1obkw3UTRHUDVJd0pVZHJmY051Q29vZ2VYZDFEdFFHSXdGcW03MkcxQTRVdmt0ZWtfUmVGQy1NSWRvT0lSMnhaVDZDOUJpTWY2Z3NRcjc5MHhJejFIc0RQcXkxVFZoNnBkZ0hsckk?oc=5,-1
PBSPolitics_CL,https://news.google.com/rss/articles/CBMiwwFBVV95cUxNbDVuTWRLWkRNQ0xVc3JwclVNd05lUmR2QU5ZSlJyMElyM090TG1sYXZrMEFsRDV4QU95amVfQnNINWZMWGFweHBpTWF3OVFxTi1oX2NWUEl0OXFJNVJMZGpZQ3JXR3lMd0R1eVR3VlV3aWRGYTlSX0pwOHRLNVhGd0txd2M2UE9xMUVCbVo4UGtFNjhKaUV4SFNZcFVuYkFCc2x1eG5EYzk3Mjg2MndfYjRPX1duZEFyamlrYloxUmFzOVXSAcgBQVVfeXFMT2JzWkZGZjlieUJyMkJUZkV0bTdXNlIxdU9QRTdiVmF1dUVDb0wzNnRvR19FOTJQODRpeVJTSUVjVXh2S2V5VnU1MUZBcUo1LTBaajBNQ3JlMEluR0NiOUMyYTJiclBueGdzNkFRSU1RbU5sUlFrWk84NDlhS2xGdlJpdzJ4bW5SREYwN1JFSjQ4ZnRLWmVLOS12eWNCRkRwd0VWc082TWJqajZYNlRUdGU5STMxRGhWZjNFU3JSSWpvRWo2ZTlwb1E?oc=5,-1
PBSPolitics_CL,https://news.google.com/rss/articles/CBMiuAFBVV95cUxQSjVkRlVtMkZIeHQySFFacExYZ2VQVVBNTUJfRlVqYWMxMHFMN2NpdTNVbDRIWWljMmtvYi1nemliR24xUkxFT0lUXzdLX1dueXhiUldMd2NLMGRhUXhNNmRJS2JuWFNPSHl3Q0s2ZVV3UGZHaVUxeDVfVEpSN3IzaEZGeEJGQWlndGxJamdKQXI0Z1lyODFPTW4yUXJ4VFJtLWM4NGdwdm9Bb0d6TjhoWndyT2s3VkNQ?oc=5,-1
PBSPolitics_CL,https://news.google.com/rss/articles/CBMi0gFBVV95cUxNZVRQTnlpVDNNQkJkVTFsVG10V3NuazhfQ3RfNTBBZm01aFh2U0pWclBBVXpacURSMkpFWGpOTENwN2xyMUY3QU5xWXdVNWxHeThydkk5UG5aZTk5bTZIdzRkN2d6OVhwODlTV0xFRUg4bkNhVzZDYmlZY3I2YmpMLTFVQ1hRcmZpdWV4ZlAwaFRsX1ZkeEd3NmRhSVU5ODJrN2U3Xzd1MkJsTDhSdmNYbzg2UWdOUDFSWC1iTHlKMkpwQ25nRldvaDdteFNFQzNmYXc?oc=5,-1
PBSPolitics_CL,https://news.google.com/rss/articles/CBMitgFBVV95cUxQdTVnUGpUYmdrR0pkbG5XdTFJU2ZNblNPRGVYYUI5b3ZONUkxUFpMWW5GUjJUSTVhZm5GNFRYYnkzSkxZM2IzOFc3NGZUS0Fmdy1PNnhwUnlzRWpvTFZKQ1VlcWlmdUtpYWJBcnFaR2dSRlpWX19aTWh2aE1BaG9BVXcwNnRQMXU5WVFjeFl5eE1JTkwxUjAwQ2ZkTE5lbGhobWFWQkVXNlc0SUJGekVmZ1ZCWTlEZ9IBuwFBVV95cUxNSjdPVmZINjc3QlZGQV9QYUNCa05INXVqMTlYdTJTdWRZNDlzdkZieS01TzY5MkhWc3l3OFhITWF3TjAzR21EWXdlWGVlT0JiOEsxWDBlYTdVLTJIc01Ja3czVmV6bVJNdHVpYjNLb2p2TVc5YVVLc2lQak9VOThUTU5VSHJ4eWNMQ1UyQnRCUGhfenRPcUktLU00SkhTX25ZbWlPWGVhQUYycWpWU1JMZElZczZ5S1RQT2NJ?oc=5,-1
PBSPolitics_CL,https://news.google.com/rss/articles/CBMizgFBVV95cUxNd3hUbFRJVWpnN3FHN0ttTGRxdmlQMm4zcXZvbVNQZEg2SU9BdTlDX20tZzAtbWpzT0J2bjg5LVF4QjRNZHZ4VS1wbHJudUktdVZlMWFkRmNFVzZJQUc0RG94SjdmSWFXRmdsRk1PWW5XOUlPMjlDaFFCMmFhb1BJMVVGUzdKVHFKZElLN1FlUm1xWU10RkZ2SnRNQ1p3NnNsUFBhYk9lMEZFeUNqT0dRZy1YOGtmRjVYcU5EbjRRMkJKNHFhWTJfWWotVzJIUQ?oc=5,-1
PBSPolitics_CL,https://news.google.com/rss/articles/CBMi2wFBVV95cUxPc3FnaXFGQU42eE40WDMxMkNNSEJhclZPRE91UDRtZEhwZ2J4LUZuRjVXckxRS3lhN3pYbm10OTVlZWpnVUZiazlIZ2lETVFZVUVuUG1sSjVPcEtrUTFsM1prS0M2MmJNRVhHQm51Y2FJY2VyX1dhckRvZU9qN2ZPNFFmMjhrTmp2U0NSbHZISG9vTGJGbGNOaDhKWFJCVU11YjFuTjYyT3c5cHJ3RkNGNmltLV9JWk1ya295Y1ljN1hmLVVnUHp5Q3BXai11Y05lSmVlZWtQWmhfcGM?oc=5,-1
PBSPolitics_CL,https://news.google.com/rss/articles/CBMirgFBVV95cUxPTkZLRmc0MUNYMDdTOGc1T25SRTRtQllvSW9fZzNSSkpnSVZvS0lzQkctM2Z2NUExQ0Zsa1dfRUZiSVdJck1EYjZJQjM5cm9aQVZiRkt2VU45enZZakxQTUtGUkxHM2JSNnhZSG5BdGdrM0JuLWpMb3JmWGJwQ1d1Mmd0UVBFOXhGZ3liZDhvZHdwUERmOGJ0QjlHdVRzblgyVy1yRzk2NGNTM0EtTWc?oc=5,-1
PBSPolitics_CL,https://news.google.com/rss/articles/CBMixwFBVV95cUxQcUVXV2F2OVBVd2NkYkx3S0Q5QnB0UG5IRzdNUExHRlBmV2VhSUUybTZVQUllLUh6MVVadzRUNUtQTEVzejQzNW1vRWpSN0JxTmZ1azBpLWM0b1NrcEpDajRENUo5bGxXZXRYY2VoUkxUZl9WcDVHaVpEWm5mVDBSNFgxVWJGdFVTZzlnSTRLOF9rUm1MdC00ZjI0OS1Md2gxSl9rWTFmRXdiOVNQaFZaTWhhejQ5ZEJTYWpJcGZscEZ2M1NMaDE40gHMAUFVX3lxTE1mbklRTkJGaVRxUjRUaXBIMEpOd3BvWVgtcE9tbW1ZeGkzN3c1ZWNUWS0tOWRuSFA2Qnp5VDdiVjZtM0RoTWtRX21HMDRHZTMweWlPYTZxY1dSOEdzR05WNnVkS1pmS3E3Mzg4Ty0zYWppbjY4LUgwZThvUldqb3RkQzhUcUM4SU11WkNubS1tUFFpekw2MzJjV3lXYTFnM1JqQlRyUmFVbFJDenN4UF9zY3pyZjJOaVdwV3I3d0FjQVd5bzN5cWNwWEZmUQ?oc=5,-1
PBSPolitics_CL,https://news.google.com/rss/articles/CBMixgFBVV95cUxOZzExaE1ybWs4TWc5bjBRWU92V3NGRjMzWmtJaTZrQThKUHNpVjBhRUZRYmY0UWtYODVUMUp6M1dTZlo4X2U4S1BBZVN5ajVWQ19qcFJMcWdzSTJvLW1KYklCUUZNTHgzNjhuZkJ3TlM5bkQxWUVST3hFSFZwbU9GLUd0RnZvOWJkMGVpWkpMcVYtWjVnLVZHR3ROd01PSm9CQUdxZFM4ck00bXVKdGg3VjlGWFRYWVY2SnNDOFNvd1U1Y09NOGfSAcsBQVVfeXFMTV9ma0VZejg1cEtCY1dhTXYtODk0a2hoYTUyUVRLckRjY0ZpY0VoX19uMDJYYTNpUlQ0X3BKM3czUy10Vk5HdDBTQXd1UDZPbXE3TzFWUHZGQm1EU2JySnQtRUdPVDU4eUxhZGV2Y1VoeHBIaWFFd3JsTjlraFZ5NE1VY25icnNTY0VYang1NlpWbHlNRVhVZWc5QkNlN21JNnhXbmNJdWgtVFQyYzhLOF9JWWhBMFlBT0JxbzkwMV9VakZPcnQ1dVJaYVk?oc=5,-1
PBSPolitics_CL,https://news.google.com/rss/articles/CBMi3AFBVV95cUxNR2Jpc2tKbWsweDRUUUJGYjJ3eHhHVUc4alBKb2xxYnNvVFhZM21nSk9nR0pVZ2NpajE2dFpBSy1tQW9UeV9NaURQU0VWNGI5cHRoV3p3YmVheV9rTHJ3RkpLc2Frai1md09FYzI5ZlM4QkJxWkFMbHRkbkdxWS1TY0daR2ZZVmNGZDVkU1RIUXdFMXQxNThhNmdzcVlJTS13OHZtbkJOUzF0bHBEQ296bGtpWWNpZl9XTXlsWURmcjdMRlQyRWVxNHBSVFJYX3AtWFk2UFFXVXFtNHkx0gHiAUFVX3lxTE5fQThsY212Z2hZQXRhVnNIemoxc2hlUUJSYW5Dd21ZZWdzZkVMV2pWa3NiMDlvRk9OM3RTN3ozNzBXQi1STl80ZjVZU09Rbm1TY0xxU01xWlA1NEdERkkyRGp6dC1lRjczYTkzakVqOXRnajA2dDZVXzVEVmpKNmlEZmJYUjg1ZzgzWmhGM0d1VFRZQUNZMmg0X21OQ2Jma2N2T3FXaWhNcEFQNVFIUXVPc2VpTHUxdl9NSDdaZENTZDlJeWtvdTB1TDNWWmZFemhnVmRyVXE1Tm1zclNzNWFBQXc?oc=5,-1
PBSPolitics_CL,https://news.google.com/rss/articles/CBMi0gFBVV95cUxNeWk5U3ktZ1VubEhZbTZiaE5PLUtvbzl0Zm9zdm5xT2ZwQnpUZDJxN1JHd25lUkl2RVZOZUFYSTZ6aUY0bVJtT2g3TXQwSFliNmJJVWxjeEdGVTR3MG9WdldUa1pKRFAtWTFMSVFwNFR0REdPTXAyQ2J3NjE4VlZIeXVHLXRDRlZZWldLbTZsV1hFZXVZU3BhLXE1THFwNjVQbEEwV3N4SUtUdjZDdjNubGkzUnZCQVNCQkFOOWNUdzkzeHd1S2pkSHRWZUxvYnREbFHSAdcBQVVfeXFMTjF0QjBMbTJZRWppNG05bVp3Mms4azlJdlgxNG1TR1l1OFhodDRWZWJVS1VJYjNfUC1hQVdfdUdpQS13eXdPWHd2Zm9ROU1lVE1ROTBKOHdnTVlVcXJqMW9ZdE83T3R6V2tfV0NyTVFGbl9HOEU0RndseThvbzcxTWlWcktEbmVBSHpJT2haSklGZmNLb3NScmU5MEVLcEdKVVdhTkhHbS16ZV9yd1AtSmpGWXQ3VThneDB4eE1NbDBwVGRYeFc3Vl9VRmw0TE1KLUZZMERaclE?oc=5,-1
PBSPolitics_CL,https://news.google.com/rss/articles/CBMitwFBVV95cUxPRlUxQUxLYXpzaVdyNXQzdTVTazdtXzR4dzRza3MxLVpvRzJwSFRHRTVPUjdRWG9keUJnYW5aSTVmSFBCcDRBQkpHUGo1YUlGZXExUThqMFJSQ3d1U01MUUc5eFVQald1M3NBWUVLWnhYbXFpLVd6OVZJb05ScUI3Q0E0MHppSVBSSHkyb05xYWxCS1QycnlfTWJJcHZ5bXJDb1RobHlTbFViOGhOZ0Z2ZEFEOGJ6SG8?oc=5,-1
PBSPolitics_CL,https://news.google.com/rss/articles/CBMitgFBVV95cUxQMzFvNS1peHlMa0tUby1HUUt2Z0lVVExjeFl0UWR3VDlfQnBLUnFOMlRKVnBpaXhYNnpGWW9JQi0yek9UUXNObllfLWdzX0c5LTdtc0VZemtGWkRuWERkNEJuZlhTajZramFpMmZBU1ZvTlpPUU42dGcwclczN1VGblNpMndFa3FNN0ZNSlFrVXpiXzAtR0Z6RXNpZ3Q3djdYdWlaRkN2eUZCXzhiRV9XUm9nWUZ2QQ?oc=5,-1
PBSPolitics_CL,https://news.google.com/rss/articles/CBMivAFBVV95cUxNOE1SdkgyZmxQb3ZFVF96dHFIWDhvUGFQdmJ6S2pCOVRlN2ZyMDRJRjFGTEZZTTQyY2xiUlZONUIxSzkyQjJSbmZaYkhzRVZZTHZsQWJEZ25DcmNqOW9uNklrWnNzMlFpZDFGSVJ1M0ozMVdSY1I2ZmRDcndCSUExdUxJdEpUNVF4SElud3c3SGx1eERDTTR3Q0ZHVjM3T1R1cmxSUDBCMmpjdkFxM3JVXy1HTUxka3N0aVJqQ9IBwgFBVV95cUxNMnl2aWFUMklnV2FQbzVIOW43a1d3aDNDVmdiTUFOV1VLVk94TXZjOFRGQXgxQ2ZWM0dxZ21ZUkdpYTZGU0VabVd6NVBJekpNNjBsakVzeEZ5TXc4ZGJkREZBeWFkVF8zV2JBQ0Q4blBqZTZmVGFLS0dVOFl6TFZxZ0dCa0dKemVpWkZvMzRKZUZnMzBMOWltWkFVMENlbVNxbGJNQUs1UEx1cEpvOHNiaFdiVzZFa1pIdXloSEVuVHFodw?oc=5,-1
PBSPolitics_CL,https://news.google.com/rss/articles/CBMiwwFBVV95cUxPRnNvb2Vqc2hFcmZUTGhrcWJGd25wNnVxcTFTUlNQdldMNkFaZjNrUzVFZXJTaFFxTldOZlowUi1ORHNxME1EUFhUb05qWGItenYwR1N1T0VKWFRSVVdxaFZHN1VYMXFWYkw0dkRURnhMUHZwcUJlYUZaOWtKb1phUEtrQUdqSXZwWHhyNklnUmxvTzlmVWZHNnNGUTA1WkNwZnpzTERPOElocm82a2p6bnp4NWRCNnhxNDhGQmp6RlFPT2vSAcgBQVVfeXFMTjNETU1HYnNsWWI4ZTUySXh0VU5ydWVPVlVBbjZVT2FZTjc0SHRGQ09VVGpQUkIwSjdRUW55alBkZTFPcVNJTk44VmdSODZIUmw2dDRnajVINXd4Q1hNcEp2bjRIUXJ0dEtRM3FXWVdLOGpYNlo0TkhBUVJjai1idlZRZ2o3c3hXd0RLS0kzRUtIclpwRGpUcVpvcXpPcWp2cFE1X0NEeU5FMzFiRlI0RlNyY3lVMGNJZUx1S2wzZk42enctZG4tYm8?oc=5,-1
PBSPolitics_CL,https://news.google.com/rss/articles/CBMirAFBVV95cUxPRzFnX0o1allpWlh1OXo1UzlndjJtMi1EclQ2QlJrSVMtcDNQaXBaQVZqODZDMUJPWUpNN1k4TjJweW1Xc3RwMzR3dTdQcEJtV2hZZ2hTZWkzN3RFNVR6VHhhSTBNNi1zcTZhZldiLVlhc3NfdUFhaUhDXzg4LUFHcFh4SGdVa1hla01pM2duQ21OU2tLNHpEYUZWMmdZb19JZ3gyd3pjSTVieUM0?oc=5,-1
PBSPolitics_CL,https://news.google.com/rss/articles/CBMiwAFBVV95cUxQN0FEVDVYWUQwQVhxNFdWWnlPRk42MWtBU0ZfYVg3RERCNXFqWDVnSm91VWFLQ2dVMnRqdXRGZnpQUGtXRHY3QmZiam8xNUkxa2pxQUN6WDBwOS1yaTJObF9nLXpmUEE2YnB3NlkwUGNPb1E5cGQ2d09oMTFSTFdhcVFRY3NNY0NadFhjVGFYNnljZ3IzMXZCUjVoSVl5UW1GWFk4bGFhdk5PT0dTdW01TFBNR1ZnVzBnQWt0T0I0NHbSAcYBQVVfeXFMTXMxaDZyM050R25DMnR5WUlqQlV6YmJTWlBfTUlvYVRPazZxN09UakZ3dFFrVWwzemFGcmFldld5MGJNS1dFQkdYbDlseFBhRnAzQzdYMkVVdEFzelV4X1h0Rm85SjZ6QWxoVmY1ZFZXeDk0OXpIYjRmQXRGRHBXelBNRFNOVS00alNBX3pQd0ZDbk9ZRi1Idm1IMnlfVW9lY28yUzVmNS10R1U0MzA3QWlNTlFNZ1pkVDR3ZlUzZkNVamNnZzlB?oc=5,-1
PBSPolitics_CL,https://news.google.com/rss/articles/CBMi2gFBVV95cUxQVXhlYVJiaTgzakRQVFpTMW5xbXNsNXpLUjZFZDd1TW5TTk5hRWRmcFZWbWZ0cDJrUC1aOWptOHRrdFdZdl9Ud1ZiYUpMOFhKdTI5YkdHd2c1QkxrSlM0YmxrR29ZR3J0ZFBWcWI0UXhFajN6SDVNeFd4bEJmcTVUaWUxSVVXX1BGOW1ETlpwTGgwUnZpSnpId3N6NU15N2JiMjBZRWo3NXdMem5Sa0dmcGtWNDJoSGlVWlhDcHpMUjhldVJoalpuakU1c1E0enIyM0F3bzFxT0Z6QdIB3wFBVV95cUxOaFl5RThwS0E4OXZmdUx1cGFjU1BqZU16YWNOV1hrcWpGNC1SYTRLSWloV2VZYlp4WGRFY1Q2aTA5TEJ0NnVXNnh5N0JDZ0c2TGQ0dTFzb1NjT05nWlBoS1dQTm1HOUt3VF8tRnowb29remRNQnJFSlV1aF9yaWwwQ3d4MzBUeXFnTGNIdWJKRmFsc2NOcEFlb3hPczhVNXFrbngyODNER2gtQzV2RUF4X3I0QWVneEhLdmRDYm5faDRBd2RMa1M3emNMYVlRMXBHZVdGWHN3SWZrRnRfYmlj?oc=5,-1
PBSPolitics_CL,https://news.google.com/rss/articles/CBMi0gFBVV95cUxNQXplb3RsalVudlN3SEl0bjFtbWtETWRfVlV4LV9WUUl2UXVRaGtBRHM5bW9tZ0NxZFpQYjJFdng2ODlVd3VvdDMtTTlLSElRcHd5YWJjMGE0eG81eGFlZXotQldGclNQWGw3eE5hMHRIQXdvUkg5N2xfNVp1WnZwNnBROHBuYVhHenBrTDlPdkRPTEdvbXNvQXFWMW41TklYX1B4eHY0UnFfeWtTVU1GOGcxTWlYTl93ZHFYTDVlVGZITVMzSVNzd1dyeExtdmxvNEHSAdcBQVVfeXFMT25jTEVES0Q3MF9WNEQ3MDlLRVpKN0MwT2NEcGRpMnBZMzdJU19nbVU2Q3BfTE44eXNaaDBxT2NpQklMdHpDdEhtWld1TjE4anB5cXdZaXhybTNka3dERFJFb2lzVThMQk85bHAyU3JYTGd2SlNfTHpxWk16aGlBV29Yc2YyVDB1NWY5OVBrZDZjd01YeS13Z25NODB2R3B4NlRKZkZkWUxMREFYQ0NTWktETy1kUmZncUlpNFBqUkJxVXQ3dHhJVXVDV0ZCRXhQOTJZNGRFTzQ?oc=5,-1
PBSPolitics_CL,https://news.google.com/rss/articles/CBMiowFBVV95cUxPVGUtSXc2dW0tMWFzaVJRbkQ1ckVjZmhmY0FadFBSbWVoeHdPdkJ3aVdSYTZBZm9vQ2tzVm9XWkRFMUdqZWh0ZDRObWFMWFZVSFNvYWZPVTNaeGVJVmxONnV6ZDlnT1l3TXhqNUNIX0NQWjFPZ0R0UW9pSWJoa1llRlhyWlRfMi1oWUVZdk0zOGg4ZTVYakM3d25PN0ZSUERyVHQ4?oc=5,-1
PBSPolitics_CL,https://news.google.com/rss/articles/CBMirAFBVV95cUxPdVdpbDNLNzNnRk5yVExyMHB4QVlWMjlNR2xOT05TVVR0RjNSbHdiT2Nvc09vWVhXN2RVRGtIRDNReDIyeDVtSnIwelNKaUhIaFlIS0g0Z2J5bHpyWDlKNUVtdGo5MVcwemIwVXpSWXdDWlpqclFycEtyTm9vdGdHTlJXQWdlRUVfcnVIdm9UZThZLXNGejJlb2tYNWpxOUpIZXFPb3FFTWswSkpY?oc=5,-1
PBSPolitics_CL,https://news.google.com/rss/articles/CBMi2wFBVV95cUxQVzB2aDFBVHF4S25lM295cEIxaC1fenF6WFFfeXJ6Z2pHR19sa2NUd0ZsX293OVA0UXlyVkNhNHVkQzNibVB1bGIzX2J2Tlh6Y2RHRWVIQUhZZnY4dldja2MzSkUwLTVnSW5KQTJ3c29MLURfWkpoZ3g3NUxXbmgtczY5bUpZWnA5MzdCQ2hONzRfQzdSajFGNUppcjZRR2dEdzl0ek13eHJEdG9BVDFyb0pRUkxDYnZqS3RnS3ZFWU5rV1VzYlVmZFpFVDF0dWp6VTdkUm1ORlNPQUE?oc=5,-1
PBSPolitics_CL,https://news.google.com/rss/articles/CBMisAFBVV95cUxPeU8zUzJKUHR3a0JleUZYTjBnaVFfSFpoZHNLZjNkUEhHX3pCODJ0ZWdJcWMwSUh0RGNSRUxkWlhtcjF0YUdxRkFmMmNvdnNULVdnTTRYeVhSckRIdURXSUNmX3BuNG04UUxkZnZHYXFmNl9STWZNZlQ4UGU3SWs3TDgzZ0N5RE4zQ2tnY1VxOGFGSGdtbzFVM2pBd0Q5a2RrN19XaEtRQ3FUQ0p2a2t5Sw?oc=5,-1
PBSPolitics_CL,https://news.google.com/rss/articles/CBMiogFBVV95cUxNVk5vU1c3VjY1RG9BOHRPN19ZVWE5NWl2Tm92cW9PdWg3QnM2T2RnQWNMdWtreWUyY0dMREtzdHlEU2tsTm1UQnR2Z0gtVVEyTVFUWUxwaTdKNlUyMldOalJIN0ZaeTNEQmVxZGFYY0c3a2k4YmstRmZUcWlRYnlIOFFxTkFaUXZIUFZvUFl2TktFYnRzZEdieUVtbTVmaTBqX0HSAacBQVVfeXFMT1ZDQTA4a3lJbFh6SFZWNnptb2tZX29LQ0R3Q2JLN25rYVZmRFFtLVlfTHZXM3BMTURGY0R5Ymx2MWtIZXluaklMLU84dmtObDV2NEtvUGVBTlhZZnlscnd3Q2dXRGVWd3Zndzh3RU9Pemk0d2ZqY25fblRsMXZFdzQzaGhJRUlSMi1GaUwzaTN2VVU2eXJjQTRTMWlwbUZJTndFa1Vaclk?oc=5,-1
PBSPolitics_CL,https://news.google.com/rss/articles/CBMiqgFBVV95cUxPa2pUbFpYak9PVTMtR3JMWkktbE1vT3pQa2wxdDV1ZTk2SFVXdjN6VkllYmRpclpaUy1pbnBsZ3RkR1dPM09OOVhvMFdaSnZTZE92NXBXVmQ1aFhFV3VYWThrSkhCWV9reHYwbnpMZnk1bWV5eUQ3WkxzbXpOd3FqS0RTUVNTN0RIS084UXUxa2s4ZlZkY2N2NkFvMTdYQjVGUVpvY3Q3d3lTZ9IBrwFBVV95cUxOcTVzbWZUdmNoOGtZWkhyX2hVb0pQem9uaW1CQ2VjN1hoNTJEbFBuVGhhdGRfel9kS3VHTWNIM3lkSzBmMUh6OGlYblYzWl9YZkozNGdCRGlnZEx3VXV3S2haWFJUX3UtdThxcERCS1JSOWlTNjFsTFV2LWxSRXpIZ0YwSk9sSC1wMGlQdGZKMXRGenZMb1pYaksxUDZneFZ4dTY1eDBLd3lTUzlpMTRF?oc=5,-1
PBSPolitics_CL,https://news.google.com/rss/articles/CBMiswFBVV95cUxPMUVHUzNIdzBVWXVFSDMzbjF0V194cmhHck1BV05SdFhjTlJacHpmNjRWUmlta1NzNklEN1ZvRk9xaVl5MEdPb2xFYVZEVlN6TmNKME9CRExmNjFuYzVKa1J4cVlkY05HUlNkdmJnSC16SmV4M1AyQXp4SC1ub0dMQlJmdFZYdnAwVzBNcUgyYW9JLUhsajh4WFc2SkwtRDdwQ2F1Vk1mRXRnVGdSaTV6SllDWQ?oc=5,-1
PBSPolitics_CL,https://news.google.com/rss/articles/CBMirwFBVV95cUxNSFU4VGpkbnZhZVhGOWNBNG56ZFQtTTFqNWthYWZCY3pkS2xXcUl6dFh5OVI2NUNSQkt5NENuUzc2M0paNjg3NDFPUjg2dTM5amVRWFRHM08xcXRCTWcyQmdPLU8ycDg0NmZrNW1aYTFWXzFKdnFlVzMza0FNenFWLWswdlY2LXBFSXNzR2dJOG51LXRDYzQza0N4TVZ3Q2Y4Zng2SWdqYmY1eEJ1Tkxr?oc=5,-1
PBSPolitics_CL,https://news.google.com/rss/articles/CBMixwFBVV95cUxOakJKdkFnY3p1eFlkQXp5NWpwUU92bkpfWXNLYy1xZVN4d0RTZEQxMF9STXdtdEgyMlByVjA5T2lPN0w0YVpjbjlIa01oUGg1Rk85Nml6aGRaYzZsWF9OQjFoRzVaSzdyWllGaTJMVkVYY0M3Mm5UbzdXMmF5UnR6WThVaFFjSkI3OWpLOHd2NEdrTGk3dGJQNWJWdXVZMW5YMkpJTWpBN1BoamZWZjBYa1k4VlR0czhqQWVuc1hUbDRpMHV0UlRR0gHMAUFVX3lxTE5kUWxkM21VZDFxZVFQQTJJZkU0RzF1elYtTlJxU09vM2VhZmIzQk05aTVYMUxYRjJBdmVlZDJSNXNhRDhFR0JsRVFIT0R1NXc2VUMyRnp6ME45VHFVM0RFYzVFN1FPMG1RWk1UN2xubDhobUVWX2QxamJCbkNvM2dBX1l1Sk1CajhyMi1YSmI1emx6V2xsSzY2OEx3dzVUREtEUEd0WEhZLUlPbmVfMjJHZ2xSQURDQVJDb01xVFNyRUFZNml5SnpENlRJaQ?oc=5,-1
PBSPolitics_CL,https://news.google.com/rss/articles/CBMipAFBVV95cUxPT2JMTURIc3ViOGZoSWxJTHZJMkUyVWxGQkt3bFFza3NDQlp4akNZeFp5S1VwdmJjY1JPX1E0d2FEMTZHamVFQnFlUS1ua1RyaThtNUU3aTI3WE5uUHl2b2I4NVdNWWpLaF9COEttb2EwZTNTUkVpQ0RTMjZQUi1iLUIzSk1VSzVGZlVqTkZWcGhERkY4eFFWUkZEVVppNjA1aHphcQ?oc=5,-1
PBSPolitics_CL,https://news.google.com/rss/articles/CBMiwgFBVV95cUxQaFRyNFNaVDFxNlRJd3ZZRFhRVmdKS25VM2owMllGeXZ4dnBZNTdxSWFnNFFoNW9HSW1jX2w0V1V6dVRCVWNNYXZYMTlPMm9IQnY4RnpFaFdlYl96c1ZoeEkyTTNpRU5HQU1OTkRRRVNWNC11UVY3U0NjYTluSWFvNkNkOUl3bXFMTU51MU5lTkNDbUNBWmJ6Qmd4NFg3bnhnTlpEY01EdmdZSUJVVE8tZTBkX1pKeFZCS0xBUjhGQ0d5UdIBxwFBVV95cUxOcjFjUmZGUm9FNVc2LU5mQk81QUh4QmlMZXMtdUNQZFdtTkh0VTlQSVB4OThzeC1fOXpkWlNXM21xSTNaSXBaWnA0LXBINnI3UG13LVR0OFFhVVpuQjAzVDhSbEppa3N3QjFDY096RVNTMy1nSE1QZjJqbU96QXQyejQ4akY5Q0hBcEN3aDg0SlRmZzd6RVBWejc0SGRWb3NNSm9ra1NVaGJqVk9PSnlTRXN3SUxhSTBDc3ZaS2dJTExmRy11SVMw?oc=5,-1
PBSPolitics_CL,https://news.google.com/rss/articles/CBMiyAFBVV95cUxNYmF2QTFwSXBZRnllYVVQOTNYNVkxTVlvRFlVYUFmRTRXb0pSVmlXTDR5THN3RlJmQXBCR0x1RlA4cmtrTGROTnRRNVdEM1NjYk9Qa2xMRzdxcHVqeF9fVmpjV2VLX3NEc1BTN28tTlNDUVQwTFJGdFRhZzZwQUxadG13YXVYSkJod2NqUmNVbjA4c2hIeGJUMVlUN1JXYnJhYjBra3FYNXNXRnpjZGJ1NUZHOThCNXU1T3RIMTcyZmctOVlRdkQ5ddIBzgFBVV95cUxNaTBNb081dUhPc1F3bTRuMnFGMk5HTV84VXRLTDR6Vk53TUZLUmY0WVZTSWNwVHNXbXJ1Wm5wbkhwUk5IZXFqLWJyZUxmNFhjdFJId01MTjFiWEtGY0tWajR0TjJXNHpaRXFYbUItMmozUjZiNms0MFQwQnZjbjVENVJsNFVTd2xCazloSF9vN0t6dVl0YTlJSWJ1M0tub21aU0tMR2k4OGpPeDNmVUN0RWltODhSYm5TejZOWUYtR2p2NnJKNWstTldwZzN2UQ?oc=5,-1
PBSPolitics_CL,https://news.google.com/rss/articles/CBMiwwFBVV95cUxQREV6X0pVV0dIVmF1ckYycm11azN4WERBbEZlUGlyZHhFUGxVN09zVVMyWkFjc2NYeDZSWW42NU5MajVvZmhtTnR2d1JfUmswMEtDLTlWRU9VVGtCZkgzTEZWQjNBUnBZWnZXUjlYdnY1N1VKNkFDVzAwbFhJQVd5RW12TExzaXlvMzlXdlZ3NFBTNkd2V1kySGNReUlLM0JXWUs1bEU0SWZMTkhDcUhwM1VVREpqU3RPR1RXRTV6cWVDNkXSAcgBQVVfeXFMTzBsTEk5QWJheEZ4dmh4Q0l5Mk5xYUpUd2FUR056TEY0c0ZzcFRtS1c1R1owVDU3c0JFaFJOSjB0SnM2ZV95NUFxa0Z2ZUtmOVAxNTRYd0wyRnZGUkpPMkU5aXlnbXZKQ3dHUmRESEZNeGJwWlk3eXhoWnRnMGxNWjU2OHJ5ZEREZWd2ME12elQ4cDZtTF82UW9xMnRURXIwYzkxSE41OHVZU2JiM1dRX2xZNUN3aFY3WUZYV01idDBOSm5nZTN4Q1M?oc=5,-1
PBSPolitics_CL,https://news.google.com/rss/articles/CBMizwFBVV95cUxPd0lYUUMwdHF3NzhTdkNwY0MtNW92V2NWeFE1T0dueEFfY19XQ3c4UUtQei1EWl9GZlg5QjkyM3NmcWFJc3Z0Wnp5Um5DYkFQM05Wbl9rNjlma0NpV2lnNUxISWQyRWlpMHVGZHdzOGNWR05zU29VYk1LX2YwOEdIUk9QMWYwaFNNNnZydmI5WEdBRGZuNnowYXVqNTZEano2RGp0Z2V3Q3VsZlJzNUItWXhXTXp5dXo4YXBvV1JkXzIxdUtZR3pPQ0pVUzlJX0XSAdQBQVVfeXFMTWlhd2Rza1ZfS3BDVFJYd3ljaUwtci1NZW5VX3JyVnhybS1POEJjY1Bhc2ZZc29JY1Ata1pjVGZ5ZlBNQUxHdmtTNDEtRGZic21yeVh2LUl5UUhkS1NhTmxUOVlhMFMyUExuT1habDZHRGFoN01DVTV5aHpNTndaS09vbFFtOXNrR2NuaW5xZzBTSWhDVTZpTW9jRGpwY2lMVWVnVXF6WHBuSm1WSXhpRk4ycHc2YzExZ1ZQS1dHTS1haU9Wckp1ZEdvdUc3YWVGZnZKekU?oc=5,-1
PBSPolitics_CL,https://news.google.com/rss/articles/CBMiZEFVX3lxTE9GWlNRU0tRZWVSc1Fra1kxamx1MTdJUW5fQ2RqZEl4QVYzelBKb3N0MWpIcGdLaW9aeUFXSm4wMDBpc2pqOTVjZ2lzOW9OeWdiWUlWOFMtOEpxZ2FvUnhyUkRwcV8?oc=5,-1
PBSPolitics_CL,https://news.google.com/rss/articles/CBMiowFBVV95cUxOM1VFQ1NORHJUVkNzU0hXSi1DZUlkMUtIN3lXMmthOWp1RWEzeEVReUMtSVR1eU9ORlRkR0hLeG94Rmo0dDF3VDB4a28xbmUtdmVzQ0N5ZGNkMmxGSFNrN1pOYzN2QkIyOEdOZEswai0yU0Q5aUctWG1rdHR5bzFEZDFyVnRXcDFONU5YOG1XS3JfdWRTVUFmbGlkekJOLV9uajlR?oc=5,-1
NYTPolitics_CL,https://www.nytimes.com/2026/02/22/us/politics/fbi-director-patel-olympics-mar-a-lago.html,-1
NYTPolitics_CL,https://www.nytimes.com/2026/02/22/us/politics/trump-iran-strike-attack.html,-1
NYTPolitics_CL,https://www.nytimes.com/2026/02/22/business/media/trump-netflix-susan-rice.html,-1
NYTPolitics_CL,https://www.nytimes.com/2026/02/22/us/politics/trump-black-people-history.html,-1
NYTPolitics_CL,https://www.nytimes.com/2026/02/22/us/politics/iran-terrorist-attacks-proxies-trump.html,-1
NYTPolitics_CL,https://www.nytimes.com/2026/02/22/business/trump-administration-tariffs-supreme-court-loss.html,-1
NYTPolitics_CL,https://www.nytimes.com/2026/02/22/us/politics/mar-a-lago-shooting-secret-service.html,-1
NYTPolitics_CL,https://www.nytimes.com/2026/02/22/us/politics/trump-greenland-hospital-ship.html,-1
NYTPolitics_CL,https://www.nytimes.com/2026/02/22/us/politics/anti-trump-republicans-divisions-2028-president.html,-1
NYTPolitics_CL,https://www.nytimes.com/2026/02/22/us/politics/cyber-agency-dhs-security-setbacks.html,-1
NYTPolitics_CL,https://www.nytimes.com/2026/02/21/business/trump-tariffs.html,-1
NYTPolitics_CL,https://www.nytimes.com/2026/02/21/us/politics/supreme-court-tariffs-conservatives.html,-1
NYTPolitics_CL,https://www.nytimes.com/2026/02/21/us/politics/gorsuch-congress-trump-tariffs.html,-1
NYTPolitics_CL,https://www.nytimes.com/2026/02/21/us/politics/senate-republicans-talking-filibuster.html,-1
NYTPolitics_CL,https://www.nytimes.com/2026/02/21/us/politics/ai-money-midterms-openai-anthropic.html,-1
NYTPolitics_CL,https://www.nytimes.com/2026/02/20/us/politics/trump-canada-bridge-maga-inc-donation.html,-1
NYTPolitics_CL,https://www.nytimes.com/2026/02/20/us/politics/boat-strike-pacific-ocean.html,-1
NYTPolitics_CL,https://www.nytimes.com/2026/02/20/us/politics/trump-tariffs-republicans-democrats-midterms.html,-1
NYTPolitics_CL,https://www.nytimes.com/2026/02/20/us/politics/supreme-court-trump-tariffs-takeaways.html,-1
NYTPolitics_CL,https://www.nytimes.com/2026/02/20/us/politics/washington-post-reporter-home-search.html,-1
Axios_CL,https://www.axios.com/2026/02/16/kennedy-health-ultraprocessed-foods-fda-gras-rules,-1
Axios_CL,https://www.axios.com/2026/02/16/russia-navalny-death-poison-dart-frog-what-to-know,-1
Axios_CL,https://www.axios.com/2026/02/15/pelosis-new-campaign-boost-newsom-for-2028,-1
Axios_CL,https://www.axios.com/2026/02/15/wes-moore-maryland-legislature-problems,-1
Axios_CL,https://www.axios.com/2026/02/15/ai-coding-tech-product-development,-1
Axios_CL,https://www.axios.com/2026/02/15/marco-rubio-maga-foreign-policy-munich,-1
Axios_CL,https://www.axios.com/2026/02/15/claude-pentagon-anthropic-contract-maduro,-1
Axios_CL,https://www.axios.com/2026/02/14/ice-trump-dhs-immigration-deportations,-1
Axios_CL,https://www.axios.com/2026/02/14/trump-netanyahu-china-iran-oil,-1
Axios_CL,https://www.axios.com/2026/02/14/latino-vote-midterms-elections-maga,-1
Axios_CL,https://www.axios.com/2026/02/13/speaker-johnson-house-slim-majority-rule-rebellions-thomas-massie,-1
Axios_CL,https://www.axios.com/2026/02/14/cpi-report-inflation-ai-jobs-market,-1
Axios_CL,https://www.axios.com/2026/02/14/black-owned-businesses-trump-anti-dei,-1
Axios_CL,https://www.axios.com/2026/02/14/casey-wasserman-agency-epstein,-1
Axios_CL,https://www.axios.com/2026/02/14/gold-silver-prices-valentines-day-jewelry,-1
Axios_CL,https://www.axios.com/2026/02/13/anthropic-claude-maduro-raid-pentagon,-1
Axios_CL,https://www.axios.com/2026/02/14/iran-nuclear-trump-geneva-us,-1
Axios_CL,https://www.axios.com/2026/02/14/elon-musk-doge-medicaid-fraud-hhs-database,-1
Axios_CL,https://www.axios.com/2026/02/13/epstein-files-spying-doj-pam-bondi-congress,-1
NewRepublic_CL,https://newrepublic.com/article/206671/trump-six-democrats-prosecution-backfires,-1
NewRepublic_CL,https://newrepublic.com/article/206426/small-time-contractors-helping-ice,-1
NewRepublic_CL,https://newrepublic.com/article/206690/minneapolis-mayor-emotional-message-trump-failed-break-us,-1
NewRepublic_CL,https://newrepublic.com/article/206667/today-democrats-can-learn-jesse-jackson,-1
NewRepublic_CL,https://newrepublic.com/post/206688/fcc-stephen-colbert-interview-censorship-backfires,-1
NewRepublic_CL,https://newrepublic.com/post/206680/rhode-island-hockey-game-shooter-nazi-tattoos,-1
NewRepublic_CL,https://newrepublic.com/post/206676/trump-posts-old-photos-jesse-jackson,-1
NewRepublic_CL,https://newrepublic.com/post/206678/no-one-knows-trump-pardon-process-actually-works-chaos,-1
NewRepublic_CL,https://newrepublic.com/post/206677/meet-26-year-old-ex-receptionist-overseeing-trump-ballroom-chamberlain-harris,-1
NewRepublic_CL,https://newrepublic.com/post/206672/trump-cftc-stop-states-regulating-prediction-markets-polymarket-kalshi,-1
NewRepublic_CL,https://newrepublic.com/post/206664/two-month-old-baby-ice-detention-taken-hospital,-1
NewRepublic_CL,https://newrepublic.com/post/206662/trump-energy-secretary-boasts-billions-stolen-oil,-1
NewRepublic_CL,https://newrepublic.com/post/206659/report-ice-officials-ignored-clear-warning-signs-killings-renee-good-alex-pretti-minneapolis,-1
NewRepublic_CL,https://newrepublic.com/post/206655/homeland-security-spokesperson-mclaughlin-leaving,-1
NewRepublic_CL,https://newrepublic.com/article/206656/jesse-jackson-dead-economic-argument-30-years-later,-1
NewRepublic_CL,https://newrepublic.com/post/206653/new-mexico-house-epstein-truth-commission,-1
NewRepublic_CL,https://newrepublic.com/post/206650/thanks-trump-prices-soaring-again-inflation-cost-of-living-affordability,-1
NewRepublic_CL,https://newrepublic.com/post/206647/san-diego-man-impersonates-ice-agent,-1
NewRepublic_CL,https://newrepublic.com/post/206646/why-trump-saved-tiktok-charlie-kirk,-1
NewRepublic_CL,https://newrepublic.com/post/206642/noem-pulled-coast-guard-plane-search-rescue-deportations,-1
Axios_CL,https://www.axios.com/2026/02/22/dnc-2024-autopsy-harris-gaza,-1
BBC_Politics_C,https://www.bbc.com/news/articles/clygnnz6d9lo?at_medium=RSS&at_campaign=rss,-1
BBC_Politics_C,https://www.bbc.com/news/articles/cp32n6vxqplo?at_medium=RSS&at_campaign=rss,0
BBC_Politics_C,https://www.bbc.com/news/articles/cj0dme87l84o?at_medium=RSS&at_campaign=rss,0
BBC_Politics_C,https://www.bbc.com/news/articles/c875jj3y475o?at_medium=RSS&at_campaign=rss,0
BBC_Politics_C,https://www.bbc.com/news/articles/c1kgv837wvdo?at_medium=RSS&at_campaign=rss,0
BBC_Politics_C,https://www.bbc.com/news/articles/cj983wrngyvo?at_medium=RSS&at_campaign=rss,0
BBC_Politics_C,https://www.bbc.com/news/articles/c93w4egd3gzo?at_medium=RSS&at_campaign=rss,0
BBC_Politics_C,https://www.bbc.com/news/articles/c3wlx0q1ll7o?at_medium=RSS&at_campaign=rss,0
BBC_Politics_C,https://www.bbc.com/news/articles/c1jk5p0ewx0o?at_medium=RSS&at_campaign=rss,0
BBC_Politics_C,https://www.bbc.com/news/articles/cj98egkl7l1o?at_medium=RSS&at_campaign=rss,0
BBC_Politics_C,https://www.bbc.com/news/articles/c2d154dd47do?at_medium=RSS&at_campaign=rss,0
BBC_Politics_C,https://www.bbc.com/news/articles/c3rz8q3qpwzo?at_medium=RSS&at_campaign=rss,0
BBC_Politics_C,https://www.bbc.com/news/articles/c3wlxj5q22do?at_medium=RSS&at_campaign=rss,0
BBC_Politics_C,https://www.bbc.com/news/articles/cd03lgmkr70o?at_medium=RSS&at_campaign=rss,0
BBC_Politics_C,https://www.bbc.com/news/articles/cdjmlkz20z8o?at_medium=RSS&at_campaign=rss,0
BBC_Politics_C,https://www.bbc.com/news/articles/clyz1vqqjq9o?at_medium=RSS&at_campaign=rss,0
BBC_Politics_C,https://www.bbc.com/news/articles/czx7n9n0xrro?at_medium=RSS&at_campaign=rss,0
BBC_Politics_C,https://www.bbc.com/news/articles/c98q4e59rj9o?at_medium=RSS&at_campaign=rss,0
BBC_Politics_C,https://www.bbc.com/news/articles/c62nq678nyzo?at_medium=RSS&at_campaign=rss,0
BBC_Politics_C,https://www.bbc.com/news/articles/c7951dzg9npo?at_medium=RSS&at_campaign=rss,0
BBC_Politics_C,https://www.bbc.com/news/articles/cd9gx0751kzo?at_medium=RSS&at_campaign=rss,0
BBC_Politics_C,https://www.bbc.com/news/articles/c62g371ewpjo?at_medium=RSS&at_campaign=rss,0
BBC_Politics_C,https://www.bbc.com/news/articles/c0mgzr3e18jo?at_medium=RSS&at_campaign=rss,0
BBC_Politics_C,https://www.bbc.com/news/articles/c80jrg08rk3o?at_medium=RSS&at_campaign=rss,0
BBC_Politics_C,https://www.bbc.com/news/articles/c6264y17z5yo?at_medium=RSS&at_campaign=rss,0
BBC_Politics_C,https://www.bbc.com/news/articles/cr7j7n0nxvlo?at_medium=RSS&at_campaign=rss,0
BBC_Politics_C,https://www.bbc.com/news/articles/crkrpgvkd0no?at_medium=RSS&at_campaign=rss,0
BBC_Politics_C,https://www.bbc.com/news/articles/c3edlg5w855o?at_medium=RSS&at_campaign=rss,0
BBC_Politics_C,https://www.bbc.com/news/articles/cdxg9zxy1nko?at_medium=RSS&at_campaign=rss,0
BBC_Politics_C,https://www.bbc.com/news/articles/cdxg6xr2d55o?at_medium=RSS&at_campaign=rss,0
BBC_Politics_C,https://www.bbc.com/news/articles/cy0dgpx71dyo?at_medium=RSS&at_campaign=rss,0
BBC_Politics_C,https://www.bbc.com/news/articles/c3wz2x7ppz7o?at_medium=RSS&at_campaign=rss,0
BBC_Politics_C,https://www.bbc.com/news/articles/c2k98jw3xnxo?at_medium=RSS&at_campaign=rss,0
BBC_Politics_C,https://www.bbc.com/news/articles/c205g8z36zeo?at_medium=RSS&at_campaign=rss,0
BBC_Politics_C,https://www.bbc.com/news/videos/c4ge4759328o?at_medium=RSS&at_campaign=rss,0
BBC_Politics_C,https://www.bbc.com/news/videos/c8d5q14zy9qo?at_medium=RSS&at_campaign=rss,0
BBC_Politics_C,https://www.bbc.com/news/videos/c2047rm71npo?at_medium=RSS&at_campaign=rss,0
CSMonitor_Politics_C,https://news.google.com/rss/articles/CBMipAFBVV95cUxNajlIMll4Zm1LdkZGRWRMVWZGblM4dXg5WDVRUGNWcjBFRngxanJ0OHFQbFdnaVh0Wi0ybkRfWDZ2OEpBTm0waFNvd2w5c0RtMTYtWXNzcDgydE5tMWFXc0s0dld2M3gwSDN3LVBwTjByMFctLU8tSHRSMkJnSU5VaVVRZ01IcVZ6UWpxZE5zLXlVWEkxWGVDUDZDVnEzRmFia3Zmc9IBvgFBVV95cUxQM01aMWhwcTdaSVMwQW10MG5UdHpZSWhCSmg1MUp4ekFrSzVZcDJPOTB3YlNNWVFpb0xrdzdwZ19zb1RQbW1EUnBUcTM1d1hkQmZ0S19VOEp2d25XVV9fVE84UXc1YlRiTlNUS2VUamc0ZVJRWGVxUmVFMkFVVlkwYmE3TXNOemdKeVVZVTY2Q3pqM2w1ZVlTN05oeERBZ3pUVXZ0UTNNRnJPUkQxTFJIcXQxXy1fWDRMYV9ub1VB?oc=5,0
CSMonitor_Politics_C,https://news.google.com/rss/articles/CBMixAFBVV95cUxNS3hYeWtIdlVIdkg3SG10UWpfenl0bGJQczViZksyanZtTnFTQThab29QNTNmYlJfNkNBZG92TzR5X3JjYnduemRXMTdLVWI3dXBoeXNBUXRqelZMdTBRWF9iMU0zV3ZWN19xTGNGMHZHcjcwSnR0d05TbkJOZUtPbW5Kb2NSWFJWb0tOUUNrM3gzdEEwNDVjTHRJSWJac282M0RmbHZFSVQ4SnNvSnNnYVNVYU54NDhRbW9YcVl1YjlsZ0I10gHeAUFVX3lxTE56aERPczJpOGNjcTlaQ2RHNk9wMHQyWDVkbUpJR2dGMENKRFlJSUo4NkRkOTVWbjB5WHJpTGN4SnN1bTRMT3I2SHVwUi1JMmlYQlA1WG9SYXg1UzRmcnVXWFQ5VzVwcGM5VWt1UE03VzRUaUx3cnYwaUFmdHdod3pSekJaSjJtTTFMWEJ6dTk3ZlV3eUh1cl84bmdxSnd5Z0Z4RXotWjh4VkxLOURxdjd0aURyUFh0UE8yLTM4RUktUWFOY2RRZ08yOGxNSTUzcDRFUlVXWFBOSzNaTWNCZw?oc=5,0
CSMonitor_Politics_C,https://news.google.com/rss/articles/CBMiiwFBVV95cUxQdlJjUW1hZjU1ZnI1dG1HNm9HekIxZ0RWYmNYbE1xaXZkNXJVRjBZcjg3NklsQlFDSzBkWFp2ckVTWUJHWktscHdWNmlUVkl2bF9LZlRvaGNCV2dka1FaSjExUjVCTHNvdzlzOVJtZGRpeFRyX281Y05mNmRwbjF6MnJ0UUVaR1BTZm9F0gGkAUFVX3lxTE0yUDBRd25iaFczYlJZN0JSc3IxT0RBYngwaEZMYldsOGw3dTByU1ZCY2dVNzg2YTNaLTNFRmt6NzR5MTAycEl2TkZpdDBZUkxJcEl1TVptSDBGY2hkbUlJMjBlT3BHZ3NSeDNuZDRaVWNrTjItOVBMaERaTTVtNjFNZmZENFVpOTk1N3RjLVo3VFJIQ2VVTmpIWEVNS3NkRjVVeDMw?oc=5,0
CSMonitor_Politics_C,https://news.google.com/rss/articles/CBMimwFBVV95cUxPd3hIaWVrS3ZRVlNfOV9OZDBrMWpvZzhPbVM0QXRiZ21fSWJELXZIYlBMelBreDhvSGo1OHZOMkdvcC1KZXFSNHhhX0RvUEJnX2FxYjluRjJUTkwwNFBpVWpQa1IxNHJuRVVFdWdGMFpvMkl3YUo4THViTUFCMkhTYUFST2FQVnhVSlFkU01XMG9DcmZyRVRVN1lpZ9IBtAFBVV95cUxOSzZtZzR3NHo4LWY4VnJqOW9ONmVETEI4cjFxS09ReXA3d3JSTjQwdERRaC00QkZMU0ZzMHp5NFpNZDFCNHNCQ3hValRPMVJnZXktaS1lWlRnOUZWT2lHQzlQTUNXNWRDckF6OGVXVFRlcFYybzJHRTNkNnFmZlRCMXJDTDVDME84cmJZamtjWWdIRHpUazh4QjhrdzNCMUgxOG1Lek4yZXhhckloOUE3dFBjUWg?oc=5,0
CSMonitor_Politics_C,https://news.google.com/rss/articles/CBMihgFBVV95cUxOdVl5TldvdnUwU0F1MVBzMnBUUzh3QUhSblZnd2pvMkVScVlnRHZZcTRWZV9FMzZyeS13TXE3d2x2cnJpcjB4Q24tdy1CVzJFanhxT0FSQjRzcTFzbWoxV3N3N0FBUkg4d0tUZnFCR3BBeXJWVFp6TDRjeVF5Vkc0MHowSlIzUdIBnwFBVV95cUxQb3ZlM05ZN2ZQQW51SmJGRnBYdG01NjEzQ0llWE5PeFI4bndZVTNkaXUtNmFCNzQ1OWxxdGI3WGwzWEc4Um5Sd2pMYjJ5aXNWSzZScE53UXllMVMxNlZYbEFnUVdDN1pNUEtxcE5xMG9jZ0czR2htRS16SjFhTHN3VDgwMkJ6VTZpeS1OZ1VLdjl1MVhqUnlheUF1YUg4SjA?oc=5,0
CSMonitor_Politics_C,https://news.google.com/rss/articles/CBMikAFBVV95cUxQUGRWSDRLUFJHMVh1NHRZX2Y0ODgzeTFFWkY1bjgycnhWZDhfRjN2WUlBWU1UR1VpSExhWFA0bEMtMTM5TVRGQUNoTnAydHhPVGZ4R0R6VzFWa2NRMjB5MmdNRzliR1N4TDFQZWgyRzV0QWVpSXFPUE9LWk9YcGRzRF9GVDI1bmN0UGpRaDlWOW_SAaoBQVVfeXFMTnBzS0ZzRnQtbUlKZHRUVnJHUkF6T1lyVzJ1bEdoQ1dtNjhzMUhZZWZuV2s4Z1RQVDlrNDFWMXYzTzYyY1JRQ0x3X1dhUVJVMVJZbFRlazhkYU5Vblo1ZUw1bHhPSDVDMC00MXBrWGlBbmJGNkFmRUR2Wk5LRndISkNsYWJGSUQwMlBteVdyNGRBSWRXUU1sOW9xX1VSTzNCVWxsSzRZTjBGbUE?oc=5,0
CSMonitor_Politics_C,https://news.google.com/rss/articles/CBMikgFBVV95cUxQS21laGZGendLWFBGZmJrQWdybktIZ21pQzVtRzV1ZDgtVV9pbVdkSGViX2s0VlU4WjRHSHdlekZpMzF1bTByV29mV25CVmItMTIzZFdiWGJ4WUhDZ2F5SFRhaGl3VnltRk5PekJOR0pyaUtUSkVNTzBzUW9WZ2VTVEItRjFDQXQ0RmtNbFV5MkFMQdIBqwFBVV95cUxQR3hsNEgwY2dZOVM0a3BhREJ5TDZQbXhrTnFlLVFBMEZuT21maXg1eGtPVGpTU0kycXlwWWU3SU5oSmM1TXotRmdjUmp6SENZVFZYV0QyUVh6dXk1Mk1mMXZDamtLcE9NVk1vRm15djA1QVlQcGpwOXA1TWp2bHVGcXJNMVZ2NnlHQWV3QTc5eGQwX0pSd0E0SWZ1bnpub19EdmpGa3VwYmpreGM?oc=5,0
CSMonitor_Politics_C,https://news.google.com/rss/articles/CBMisAFBVV95cUxQQ2tMTkx2SDZuLUxZTHhJZjdzRUpBeXBfSDFpd1JwQ0xOYWkzdjMyOWt5LTUxb2RaZE5FaGtwWWEtejNuM3UxXy1jOHVxeFRzbE55cVhIRnlEWWFfTXdaU3h5WXlHM2FtS2YyUDNIZGdIRU9tX2REY25Ub2lpby1LWTVUcWprLXZqOUFfR0VST1pnVGZ4eTdVeDZhTmhSUDVqbUROSEFOaVRZdkJfZzV0cdIBygFBVV95cUxPbFY3dVNYR0pEa0FlQ21RV1BRc096YTFZYy1iMmVRNlFMT1o4OTNCdjk0eDhkRFl4SDRjRXMxNm95a2RJWURRdXR6SHotVDgyZ05KRTVrQkxMVEJFNE5FMmRHeHN2aERtcWFMVnp1TTItSkkwblJnYkZTZUZsWmNaRXF3ZnJmUWVWZHM1ejQ3OUNsMzZXTURzendldy1qVEYybF93YnNjczcyWmN4N0FLZ3JPZVlpZlFiNFd6clRiYkhWYkdCZVdvUkVB?oc=5,0
CSMonitor_Politics_C,https://news.google.com/rss/articles/CBMiggFBVV95cUxPeHhYYmxGd2hkR3Z5WVZqU0VDR1U0T3FNdWV6NS1DUGNPcmI3ZUdLaFk2ZXhCQms3T29NN2UyQ2E5MDI0b2FWdnFNMm1ibjN3eXdoZ1hCRlpwdENKaGgteTZOLWU4dzNzV3diUll5NktvdVA5Vm43SjhNMEVxc2ozSUhB0gGbAUFVX3lxTE9WWU9zOVFDUnowZTI1c2ZpbFB6X1R0cm1IN1dtRzVONl9kU01zTmVRaS1OSFRSOVhWWDgyRnZ6Z3RubEIwaUFKd0pxUDZvVDFVbGd5OFlpWm5GQmFMWEw3M0w5Um1DMzlPWGNSQk9PVXF5bU9hZkthMjhlT0hESzE4RE5xOFNHLXE1UmNxT3pUc2Zhd203aDIxOWVV?oc=5,0
CSMonitor_Politics_C,https://news.google.com/rss/articles/CBMiigFBVV95cUxPdXp5TG9LQ29vVGozckxoZWs3NjgxdnR0RVBmclpuak4teU5wMEdWakM3M3poeFUzSXh5bU4tLWRORWw1REJocjlfbXBCVnMxTVR0Qy1NcUJXY29FVFE1YlRpRUhSZnZBbGJrTTBTbWo1dGhnV2dGVXZrempTN0lpQXJRM2JiOVFneXfSAaMBQVVfeXFMTWtxZmFOM2dDNGR6WWJ0Zl95NVVjUXFiTmZDNm1lcnR6MWZrZFZuc195Vk9TTnBKdUxxOEROZGtkN0wwSWlGUlQ4N1htbENRTHNraEJFVTUzTDFvY1pPSmRpZk5HN1UtdDlmcFNMamhlMTNmcm9tYm9Xc1Exd08xUHFFTGxWRXhHVVktd3JLMFp2Zk5nV1FicGlWXzhrbzIwMXA4RQ?oc=5,0
CSMonitor_Politics_C,https://news.google.com/rss/articles/CBMiqwFBVV95cUxNUVNKaHNQNUZ2cmZiX1lJMHNYajktbklxaV9ELUpFanMwUGpJU0xQeXdLYXJ3WkR0VEhHX096TkZrV3VpS0Nwc0RaMU5VbzlWZEFXVVlMVlJibXFUWFJ6OUQwbUYzZEZEUVNvZ2NNV0YyVG5LM1VNa1JOcUVVbFdpTDVIcDNqOFRONzFqZmxXUkRqUXdNdlZLbXhFYW1tT19hbGM3U0kxbVpmTUXSAcQBQVVfeXFMUFRvRFp3U04wa21XNVZUSnhUTWFVR05NZjVzdVdkR25WZ2RPT0RXZlZpRzBCcWdWeGVPaDN4UktWSk9nazhJV092VE80RlJyX0J6dm9qb0cwcW1oN2lXeW5OVm5xaTk0Z1h4VzJjb1hDellWd1hISm1YUjdNb0dpbzdaT0xDeWMzM1JlbFVuSVpWUnRwTjNadmVXVE96TElEcHRhbms1UjhFUUhPdUh5TENQaGo1dGx6Z0tXeDJVRjRNQlVjNw?oc=5,0
CSMonitor_Politics_C,https://news.google.com/rss/articles/CBMie0FVX3lxTE5ldTQ1dTNzNFdMNFZuLTk4V2VreEVwSS00Y3lXSWxoQWZ0MXBqQW5FZUVfbmdPVVNnd2JhR1VUdTFEUkNKdm80aVR1Ui1ITG1LTlhtdXhLVF9WelZxT2lETVRtTlY2VWttXzVieUowUUk2ZmJwQW1RZEFHONIBlAFBVV95cUxONVdkVVNaTWpwc3owdHczYkdLTUl0ODBaSklvQXFwQzhOMmQ2RnhIM3J3d3V5UEhmVnhsdW1yd1QxbG1nQVBacDhzdzlUZTZMalU0emZwWkdqaFlsa09JYy1DNEdGVGZIM1RuNlFNblVTUFYyYnQ0UEpoN3RWcUZJZTRoLURjVWlCaGQxdm0teUhVcjRv?oc=5,0
CSMonitor_Politics_C,https://news.google.com/rss/articles/CBMihgFBVV95cUxPcEJqQzY2aTBIOG1KanQ1UXhMbkR3UGh5Ri00dVlZaEtTaEdfX3JvMldLZ0JiQWZXLUU2dV9tS3pvRkV5b0J6ZlNlY2g3ckVQWGdPcVdseU43RWNNZm1aRDI4WmZtbTRXaUcwMjY4cEZSajFISTUtY3lPbmhkRUdBcDJRR05IUdIBnwFBVV95cUxNV05EQmhHWHBHMC1XM2hncEVzbGQzMEtfSjBaRWxYOFBCYU9leWpxNzBwLXU1T0ZZVWNSTU8tc2NfckxqMjVpdnRFdGFUck9yTE5YTkpYTjhicG9TbWtXeFBkNXEyZFp3Sm54N3lnMGswQ25EeGhETGNUTFVzQ1VMc243c2dFdGkzNkN6RmZKQU1NaHMzeThLU05WejBZSDA?oc=5,0
CSMonitor_Politics_C,https://news.google.com/rss/articles/CBMiqgFBVV95cUxQU0lDWktjSXJXdXBYc0tseXc4TlZIZ0ZreFlOTnZlVUtZMVFoZjlVblZVaVBTNWxkM3pGQ1ZQQ256V3ZEMk5KSmhVZC02d0Njck5relA1Mm4tdTZ1bmpDVUxYTVQxekM4MHE2RGo5WnRjRFlXLXQ4ZnZTZ0NPOEx4ZHVBMmpzMnJnTnVFWnNkWkpRNl9MWkJlaU9xRHNoVk5xN1IzbEY0cTNhQdIBwwFBVV95cUxNZWhOY1JveXU1emJ6VTV2STFLSjJIMEpBM1VRS2h5OGVScXZEQndCekc1ZlNkeVhkaE1zS0lvUE96NTZPYkgwb25IaC0xc0JUQ2ZKSjV1WFljSXM0b3MtcDhueEk5ZW52N0V4c1FTalFkSkpoUklzVVYzLVNjdEl2UEFOQTFYbDRRYnBoVXE2SlhGTGtLaHNBaDl0MlRfS3VFU0V2VGZMWFpkcGVGMHE2MG95QVYtN09qbktaX3gtN0ZXd1U?oc=5,0
CSMonitor_Politics_C,https://news.google.com/rss/articles/CBMiwgFBVV95cUxQS3ZNYkQ3LXJveUNWdUtPaGh1WWVVelNFTkczYm56Y3lkRWtHdDRQT2pNVVlacm1qRXRQYU5IY04tRDhyRy1YbmJUelZJSHBoLW11cHFldl91dXRpcjRxbWVRSXp4S3NzWnRJaHdjYy11Z0tkbUFoNllkQ25La1Zab2w1Si0yRFIwa3c5M2p1aUxDYU4wN1F6aUF2MDgwdmotUF9DWlRvTlhJa3l5LWtrOHg3VmtDMGk4ZnFXeHplLUtYUdIB2wFBVV95cUxOWl9aX3lKUEhkb1VpekpYb3NZRHZRbWRnc2NvVk90cDVzek5FZmRFc0NHSV90Y2FndUh2ZFA5QzAtVlI5QUhyTW9wVkpRZnREaVFlMnk0NmEzeXh6QW5RVGZ4cXVqTk9ma2ZacUg3aDhieUJLb3VOQVF6S3NKMmVnVjczLWo0OGJMdkxnNTdOQlRocmZfVUsteXk3NDNCQ3p0R29xdG9neXFQNi1LeDNyWnBQMjJQTEozdEhFUEVEQ1B4QTZsWVhsM3lWQ0NiLWxkYkR4UFNYRFNtY1U?oc=5,0
CSMonitor_Politics_C,https://news.google.com/rss/articles/CBMipAFBVV95cUxObl9rSnhzTmNwbFJVd2pxODlxdFMtQjRfR1Q5ZW43S19xTmc4X3lWa0pTXzAwLUZzSUhXRTRGVXFZNGI2NTdDMFlRSEhqanM3RmJpQ3cxUW1kZVlPRE0yRWVfZlVPNmJDakxYQmRLNDE3R25Mb1lDdDFyaVlKaDMxRG85ajNmYnljaEZWVmFjRW5qT1pENkFXOW9aWWxRZ05nT3BwTdIBvgFBVV95cUxOWjl2QVA3X0hZeS1Jb2VCT2ZTamFWbjM0NVFNbXFzdEtvYnEtSi0xbTNRa3hPU0JILV93ZnJwVjBaanNFa05nRnpHVFZhSEtsSFUzRW93S2xXY2NEWE5HVWwtQ1Q1bFBrQUh6NjZlNHlCVTZpNVRfd09WMUZ6U3MyV3lGdTYzMFlGQXhmVFNUNXRDWWNlX1k5UlRTd0oySjdfTXYySzd1Q0hOZy1vQnJ0WmNGVFZtckptOVYwRW5B?oc=5,0
CSMonitor_Politics_C,https://news.google.com/rss/articles/CBMirAFBVV95cUxQQlU2NWcxR1BJWXpuME5hXzVqZHVTRjAxbDRJWmR1aVFWdm5rLWhSRlVWRUlwYWVLaXcxYWFSWl84RTk5NEwyODhnUGs2dkU5RjZYSEhBSDBfNWN4bEdqR1JiNFJUQ2swXzdBTEJKUGI3STNNSGprb3I1S1JwX1JVQmo4ZjF2V2hKVnpBQ2hDQXI0Mkg1RncxR3FjdzM0VHNNZ1Bhbl9hRnlpcEo50gHGAUFVX3lxTE55VkJFOWNMV3NQV01BNmRvSGVob3RiQlJyRTlnbWlIWVRyaGR2QXZGdndaZEN2YUhScVJoMDM2aV9rd2drdmNEbHBaM0hod1ctM1ZmMnR5TWdKNXpLNDVCQldQT2Z0R1hrWEJGQXZia1QweFY5X29NT2lUTWUzUzVVZk1jYlg1Tm1iUENLS29WYXRCYWc5VTVfRjlGOVZVa1Z5NHVJVzYxWGJ0b0I0RVpSZkc1d1RvSVFaYUpBR3pPZ0g3UnRBdw?oc=5,0
CSMonitor_Politics_C,https://news.google.com/rss/articles/CBMiWkFVX3lxTE5nbEtLWVJNd2k1YlZ6UzdnOG53Vnl2QlRvVGtKa0R6Y2xhejdISFNydnp2QW0zWDhqc2JYSG5CWnNCRUVXRU5fSjRGYV9walFLYW0zN3dnaUhxQQ?oc=5,0
CSMonitor_Politics_C,https://news.google.com/rss/articles/CBMickFVX3lxTE9qYzFCYWk1M284ZVdnQ0tlWVBPbmRQeWI2dzJsNE8xQXpFZ2VHV000aFJmZlg2U1J5endFZlpHaWVTb0hlRXBYNk9KVERRVXJ2d3pad2piUHc3bW12am5yZTFEMVB4MUZWMnJwUWNOb2dIQdIBiwFBVV95cUxPYy1fRnBreHNRdTJUWnkyaTVDcUJ5bUNFMVp6YkFnYklPU2RmWUd5eXc1UnpaNkR2RXJVLWQ2Y3Zsd1VZbVhQa1BoVUtNam9sdDhUei01X2NpWl9zTDlCNWVuYlRxTjRGeEtCOHhKRkx0SEM0UjJfZDNNWldBYUQzWUR1QUlhRkF6Q3A4?oc=5,0
CSMonitor_Politics_C,https://news.google.com/rss/articles/CBMirAFBVV95cUxPcVRwUFNnNUJkTHdOaVJsSzFFUU1QTG9GeFptRFk3UmFuZ0tBVTNtdl9OU2Jab3lhcXg2UktXUDVJLVlYQ01veFRSODNZMmdhamFmcGp4cWgyZURWRWlnNjdfdFRMSDRKeTlzU18yeUs2bURHYjAwdVBtTUJmM2tLS0toV3hlc0pGaGJGWTRBNHlJTTZZb3hDRnA0djhGNk9pUEExeS0zNzYxS3dT0gHGAUFVX3lxTE5lMzVILWZqX0tvY3lRQlJ0LUhtSldpeEFrZ29BNGVWN2xUWWxuN0JJWmR1a1AxNXg0SzQtRWVDYkxxZDhWOFJ2N1daNTFfams3OVJDaklpaXFjUmI4czVmZUh5RzFkWUx6QzBUbklld0p0VWV3ZkF4Y1pwSkE4NnV2Wk1MSHlLcmR0ZkNXUGdWcURqdVBQNVFYd1oyajFBTmZKdXBwYUVxNml6TDEycERYbjBjeGplTFdKcUJUMVFCU2wxMkVWdw?oc=5,0
CSMonitor_Politics_C,https://news.google.com/rss/articles/CBMi2wFBVV95cUxPcl85bi1FZXRvVm95UElPM0haSDl1bUR2QU1mdU8tVTVkZ2UyN3pCOTlEeTB1SllPUUt2SGVtS0dPQmhSaUtQZ2hrV1JxQllSd0VsRDZtM1lzX0hrQzBHUlNHSHFvVzhZRkd2OVZ6RGxRemhxcjF4Ymo1MC1PMENnVUNPTjZ1bUdnMGxpVmtqRGFYc1JFdnVEN1k2b01qTXhuZFJzWmZFVVZHRmVRV3BmY1VubHJOOFdFQkc4YlpuNGx6Rk91Z09STGNkU2xoM3R2czdHcTVBWlY3TU3SAfQBQVVfeXFMUHY3eHU3Tl9jTnRoQ3ZnWERzXzFrSHRvRXZYRFRKdVM3U2xTQzVtaXVRcUxCQXhJZ0xGWWlUMldXMmtHdXBUUGpwdWR4b3RZVFJ5bEtQb1hpVjNjdFd4V0tTSTVnSHZjamQxZVEtRHBaTWc4cHJXbVBMUXA3YjFJZjJKSXlBN2RlTWpWQWJwY3dSeU11VF9KeGx0d3UxaGFpUWsxR0pKSS1iNzJGUUcxSWNWSE5YY0R0dWowRk1MNDVFcXAtZ0JNSkVKNWF1d0p2LXM2azRmRmFLdWtaWEFVUGJvNHAwaDlxOEdGNUlPcUtXYWxWaQ?oc=5,0
CSMonitor_Politics_C,https://news.google.com/rss/articles/CBMiggFBVV95cUxOZFhKYTBIZHZCcTAwVXN3SzR4VEQtWHB1SkgyLVRRRjNkcm1tVV84REh2N2ZlZy0zeklELVNDMy16ZW5Dd2IwOXBMSTFlLWpsdkcxUzZWbnFFVkZEQUp1czRXNWFYaE1LZGlMZWY1YWNNeVVmc2dBaTNfREJjb0Y1cHl30gGbAUFVX3lxTE5KVW5WSndCUGc2NHhrRnJ1ZTYzc2RwNUhSNEJobVRsd0xObHM2UVRrQ21FRE9KWlhFaFlDVnE3XzFQaWkxVzk1aWdmUUV5ZUQyN282Ulk4SzJySUlrMGJwczI1U0hfS1ZJSlZyVkkyNXRLTEdsbmhDZVI3RlBaUm1UVzVpSXJqZGEwZVZ5TmctcWZUUmM0Nm1LcV9F?oc=5,0
CSMonitor_Politics_C,https://news.google.com/rss/articles/CBMiWkFVX3lxTE9YeXc4dFdSYm1sOTVzRURodUw0QlNlRmFENlY1blZpekxjVjY4c1R4YXR4THdzTnFpQ01vX1piUmh0Q0FublY4MDB2RnY4dDY3aDdyOV9NaDE1UQ?oc=5,0
CSMonitor_Politics_C,https://news.google.com/rss/articles/CBMiWkFVX3lxTE1tTWJTVkZHUjdMZVVtRDhtUG5PdXRsQVEzRFBwQjNfaGtBRWpMbVFJUnQ0b2NJWUJJMzNBMGpfX2RUZUs5UEp0YzlwbnFhTE5OaU9FcV9mV3RPZw?oc=5,0
CSMonitor_Politics_C,https://news.google.com/rss/articles/CBMiwwFBVV95cUxQOUVhcE9qVVJlOGVmVmh0SlNSbjZPM3J5elZtZHkwNGJIRTFPT01oQWIydUJmbnRQQWY0U1l6Ry1nQlJ5TDFvcGFyeDJ5eEczOVEzbThYZ0FOMWhielBRRTBVRmd2YjVNUmp6ZVIxMElrb19MbzNwYmZpR2d4VWlyZnNEZzBZSDZyWlZUSUJSVHdCS0RpYzdvN2p5V0NKQV9ZN0VpRzdZc253ZUFEbGF1V1dDQ1VJNTFGc211dE1QZEUyNTjSAdwBQVVfeXFMUDQtaXVNX0huYlQxbWRRdkMwLVdQdnF5M1lISmIwMzlLNmlodk1UNFFMcE1KR2xLM05KOHRXYjdHcTV6WkJBRi1tUzJuSzNKOUVTaWhBaTl0LUlKOVI4NVNjR2pkN1RPZk50elZBakZuWVUtWmhNT2VjdTctQmVqczlwRUxJVG1QUFVmQVF6Unk4S0VZcHNmeE5TLWxKUkZKVmZJazA1Z0FGdWVUR3cyZkJ6Y3FEejVockk5Nm13aWNTbG9qZUxua0lVdGxKX203Q0gzNF9OYjlOQVhUaA?oc=5,0
CSMonitor_Politics_C,https://news.google.com/rss/articles/CBMiuAFBVV95cUxNVnZ0N0NWYmxiVDRPTE9ZT25iQU1DN3BVaHJmbkNjaXZid1d1R3ZlOEQtTlZoZ3BCLTktaU4zU043X0l2TFAwdmh6SkphSDkwX3Vzem9aYnpCV3djbUx5Uks5MHhIemR3NWxJOWhxT2ZkVEQ5Und5WEY5cWhaNmFQaVc3VXRsN3BiX1doVUVYUjFia2E5TTBzRE9OWFFrSE9odEF4R3FWU1A4R3ZubkJtZWRPZ25vQi1N0gHSAUFVX3lxTE91ZHFFMFhNWmRsZXlyNG54SVFwNzYyclhRWUVjUGVWbTY0b0cyMUc3NTU3dVhidEFseVNqNlpid3ItX1BLNzZ1bmNrdkVyYXVlSVczNVhLVnNTSkxFSENUX01iQlRfeFpaemJnWTFyMmFyM3NTbnJGNS1RcU9odVZLMTRoZ1RHTzgtVDU2V2dlbDJSdDV3b1hTakFUbWJaOEVQcGdld2I5XzZMZUNGQ2JIN1pmRFlETFJfZExVcm5ONXJUc2UyNkw1UGRPMDZ3VXlZQQ?oc=5,0
CSMonitor_Politics_C,https://news.google.com/rss/articles/CBMiW0FVX3lxTFAwd21iYkRTLWlDTHdtcFdjdU5tZEROaU5NTE1ORWJnYnFCNFRfa0kzVXpSbjhXMDlRVkZ0Wk9Nb0xEbnpGNDliUlBhQlZoSWQySHJ5dVczWlY1R00?oc=5,0
CSMonitor_Politics_C,https://news.google.com/rss/articles/CBMiUEFVX3lxTFBhYkZsT1owVnB0LUhaQXJFcWdGQVU4Y0w4S2xxa1VVX1czY2UxdVZJMXA3NElDQldyWklxVFREUHFSby1rYm4tMzNZVXpsa1dE?oc=5,0
CSMonitor_Politics_C,https://news.google.com/rss/articles/CBMiZkFVX3lxTE5nbllwN3pLZ3lMUnJrUmhJQmhSVVBJRURkb2gzYVFrdjNYVUJkZmk1S253VndERlpJakpLZVQwWE12X01qU0VCR1lUdExiUGowcFZ6dmh1ZmhwbUp0VU5oZFg2cm5vdw?oc=5,0
CSMonitor_Politics_C,https://news.google.com/rss/articles/CBMisgFBVV95cUxOUkhUSW1wXzh1MXV4X2xpSFZHZVJscFJmMkR6YVExUk93ZHBHcDNmT0xtQWFpRU5TUnUyV2Y5dVlVekNqdFZxeU85SlFzOXZTOXBEdlByMWZob2JUckp3SzZEYm1waFFxb2RXZzIzODdlc2xBQzJmdUFJaThTU3N6dTM2aklPNWZhNDBiYm92alQxREw3RzlxN1NKOXFwZC14RVVjS1VLaVNWczBCdnMxUXVR0gHLAUFVX3lxTE9WX1h0Q3JxOUxYaWdDT1MwN2hLSGt4VEFrd01mcEZTUFNxYzlfRkNOMGtDZ1UwOWpjdTF1cFEzZHBTMmpHRXRCSUl4eUp3cEJicU9TbnJsNEc5OUpPRnNZQkhlU1lXbGZIOUZoaVJ5d3BmQS1uUkEzUWZlQkUtc1Zud1pfdXJLUGVWM3ZjNVR5Z1phYzJRa245UGZfQWZHYVJBTHNDT2l3NGVHVGNKNnpXS1F6UENvZGZCd0Nfdkx2NkNnRWlZWkJjUDhR?oc=5,0
CSMonitor_Politics_C,https://news.google.com/rss/articles/CBMiWkFVX3lxTE03Yk5VYVZPemJHYzA2TDVadURiQ3AxYm9oekJzVV80Y2IxaV9EaTYzM05hRlBjLXh1MDYxa1NkbXNkXzg0TGg5UHRISTk2aHBQSTUwU1Y1Zmcydw?oc=5,0
CSMonitor_Politics_C,https://news.google.com/rss/articles/CBMijwFBVV95cUxQTnBHSGVhY0RHelphS1BGX21LMnlXNTFLX0l4djc1VklHcG5zZ05ZbDdhOHMtcUpLck80RWJoY25QNFB1Q1F6TGFpM25tUlFaU3JGaVhRUjcwTTRQQ2Y0Z3NtTTBYSGhtNlZkSmFfWGVzcFBjVFhCZXZHa0EtWndOc3dOQ1I3bDJzemdzZmRxb9IBqAFBVV95cUxNcDJ4NmVXZTd4dlVTcldzdkw4NmpNekxOYVFqNFdNZ0RGdDY0NnF5Z2hOd0VsRkN4RUFqMGVvMXpPdkpDbWZVTXdyMFd2cGk0WjhJeUZrc0lGUmRhTFY2SmNUUm1JRnhCZU5lNFZ4cjVUX0tGQVJVWF9MMXdoWUFrWGdzelpUVmZoZzVLY3ozcXJqbnZPUjhLVXFxRl9sc1Bmd0ZPZzhIUGo?oc=5,0
CSMonitor_Politics_C,https://news.google.com/rss/articles/CBMirgFBVV95cUxPMmMza2JVY1VERkx4empjOTdfU1ZjMUJnX29GRUJqaWJuNUtTNzNnNVNQcEgzUGVSN1h0YTEtbG93SjQtMTc3UGpjSmRvRUVCb0lvVE1kUTQzOUxMYmw1U1RIblZVQnlXMGU4aHhkTVJBQlNXMDRnSFJhV0x4eW1XVllxbU0tM3hnR3FCbTQyTS0tcjNDNUVWbnI3VEpQS1JHTlc2MGQ3cUZxcS1XeUHSAccBQVVfeXFMT3ZiRk5EY1F4U1NpeWFwZ0VuSl84Y3ZFOE9teHRBZVhUekNKYTBLUWgtVW95dHppMnFSQTFFeDFCSjlGZi10V1pSM0JlamNIMHRsdDQwN3lSa2ttVXlMMjl5R0JxNk5JNXBfV3BnZjJiSW5FeGNBSDRPZWxXWVlpNGxHaldjWVZHMUR3bTR2RlduUWVKenp6ci1WT3lObm50ZE5WeVpFR3N5d1dXZ0NWZTZ1SjJBM3Fmc3VOZmZKVFVNSVdwZkZsdw?oc=5,0
CSMonitor_Politics_C,https://news.google.com/rss/articles/CBMivwFBVV95cUxPai1IaWV4eVF5VzFaMVRJR3h3R01pQnNnN200ZkthRC0wN0pWVVRNU1hVeDlaWlljQzVHUEtsZ1Y4U1ViYWdzVFNGdnA1S1FSVUxWMWx0ajRmdmN1dEZ5OXMwWGZPU3Z5Q1VUZjZtNWV6UUNTM0NBb0E5UW9qRGZvV05aT3k0cldxc2FRd3g4M21OM0JuOXFWZURTN3pzT2RxWDRMQ1lQUXlDZ09SNHNETEdJaHFSSk5oU2xkWW5RQdIB2AFBVV95cUxNMnhHS0xEb3ZNeVpjeXR6MDlnek1BMkRQYThMR3FuLVQ4S05namI5NGc1aEQtMTA4d00ybWd5TFpqMThGckd4OGE1ejhfZFdEV3lqWlNjanZ5V1ZjU1VyVGtabTFmSjdjcVpULUhEZEZjSXFrT3hhZVFsN2drQVA2U1pNNHdPY2tDbVFIZjA2UnoxUHhHbkloQVdrMGpUTkdKdXdEblc1QlhORFVkbUJrTXBTWlIzQVpWQW16SWV4MlduQldWNWFmUlpmRWotZ3VrLTFkVnp6UEs?oc=5,0
CSMonitor_Politics_C,https://news.google.com/rss/articles/CBMi0AFBVV95cUxNM1ZTYkNXS09veWRzWWNhSlNKdE16ZFRFUlhCbVFOVUxNRnRLeDUzSy1wZnZ6a3E1ZnlPYWpfemw5Y0FNV0p4ZWI1c0NfWHVJNXJ4NGR6TDNXemlWOGlSM3dycGN4ZnE1R0ZaczYyeHM1V2x2VXZqVzkyVGNITlI3RXNza0diN212SXdfNlZOcUdVQy11cTV1ZjJBZk1qSThrYmZSM0NHVm5tOUFBSk54Ny1zOVZrRVpfM21yMlFxWkM4RmYtUHF3ZnUxNlJCMjhE0gHqAUFVX3lxTE1VYVgyYzVTX202ZzJ6cjgzdG1YOHAyY0hydnV4ZFZzNzNYSENyMkV1bFVvd2lxWHRLQUcxTUlzenZNSkNjRGFJbDdkWGNGUWc5TC15V0xHUHF0T2VrQTQ0RGg2UnpXaXltMWE5dXhYYlFqemI5aURrRWhBaXlIQmJHQjNmVDdZYjlEdUdPdmIyclRSc2s5dFpfMXV2ekhQaS15azhjdURTX2txRjNONmpOeDM0SWhhR1B3NU5oRXdjcWFFZTBDZGIzUWV5QlZKVmxhYW1iOTlfR2UzR3dXRzlHcU9KNXRJZVRXZw?oc=5,0
CSMonitor_Politics_C,https://news.google.com/rss/articles/CBMirwFBVV95cUxPWHJkVjlWQUJIeU5Lc2NfcUdQRjZqX3lLTVJTclhaMGlneV9NemVjaTJvTENXZzA1bjhWWmQwVGpGdEpiV19BMnliN2NQTWNXcjJwdEwwbnFNQzRDTnhUbS1qc1ZsSUxoZHBfWk1XVV96SWYzd0N2S04zTUNUSFhZb0MxYkdYZ0F0SEYzMTJYNEpBcnBCUnhoaG1MSmpNRHNJaHhTNDZEVkx0Uzl0R3Br0gHIAUFVX3lxTE9VcWhIVTQwU29oNnZhMFFiaGRBelhWaHl1b29DWUpuVmxSemIxekRqLWRBWm9wR21xamRHdTZuNXdPa0ZwdkhZX1NIT3d3c0JISHdJbW5wODhzWWVRZDM2bV9LbW9VS3RTSEQ1MW5DVDRiU3dLb2ZBTGRZeUpUeUUwbzJZRmF6X29jOU5jSVBGWEhUWW5kbGoxTG03c0Q1YUQ1ZHRJR2xnRmtMY0lTZm8ycmVxQy03UDh1VFNEWlQ3NEpaNG1lU2hZ?oc=5,0
CSMonitor_Politics_C,https://news.google.com/rss/articles/CBMiqAFBVV95cUxPSG9JR1B4X1N4WjQwREJEOEZUOGdzTFNxOHlBMnJWWVJQWFIxUFFrdVQ4UW5NdzhRaDd3MUdlU1doZDVQamlrTV8yZjBBeFNnbm9VNWhPeEdYNnhzcEwycGE1UFlLWnNVTjF5b241U0JyZG5UVlZ5TXNrLTdrVFJYNzVBbGwzRDFNN21VTWVBWW16MUJad2szYWliQndmV3RLS2hSd2VGdkrSAcIBQVVfeXFMTVM3ZVpUWVhFUW9yQkgtajRnNjI4V1JLdFdLZlQ1QTdmbFBjdzBLOEduUVN1YzJtS294elYtWURQWUxPNkFYVFJITzlZX1c3UU0za3FZX0lMYVhnMGxzdFhZYW1BcFY5WnlpZmVSaXJGb3ctVF9qMUZiNzk3OFI3a2g0c1A2VmY3VTJWUEhISGswR1JzeTNvNjN2QWd2Y1JUOGlrREk2eWU2bFlobnhWSjNxUXRvV195UWxINl9hQkdLUHc?oc=5,0
CSMonitor_Politics_C,https://news.google.com/rss/articles/CBMizAFBVV95cUxNcTcyYTZqakJsdE5QbENLOHZEU3o0eXY2WldFSm5yYk5mbzlFXzJ2emliQklaUUlaamdHeENJdDNkQVYzVVNjYkthSzU3aHpZc3h5Um5Hd21IbFY4cjR3MmlFbkk3MnZOMTlTOUtURmlaUEViOERkRnFVeng4T0luTmFjSFBrRU9RQUhqWkMxcl9lc1RhRkJDUE42aFRVNE9NOXQ1NkxvempTdzBfRWs2ZjJLenMtUkZPMFltNTZxWUNaMGJBNWFGejM0NGHSAeYBQVVfeXFMTmxSVm5BZVRPM0hUR1ZlNWc3RWFDcnJtX3E0bVhRU3ZLNm0zckdCZjRMNDlnYXREUTlVSEhJS2FIajBDRTNUZDdCTS10ZEFiVGZQQXpBTWgyZVF5Zjc5cUFSX0lKeklHZTczSDN6WXhROW1GVXpCbjlONlJfSlFnM05nYk43YkZaUTlGbVNnTWktdWVzcjJ3LTZTbkpLOVJkV1JTSXNSZDFHVDBSZjkwa0dxcWFiOWdya2xWSlVfSC0tOEU5NjVYN1pBaXRoVVVMZ044U05mcTVYMFJqMEFscW9XNV9vbFE?oc=5,0
CSMonitor_Politics_C,https://news.google.com/rss/articles/CBMiyAFBVV95cUxPTjdFU09XNTMxUnpRcFJfUjc1X09tSFNNOU1rNDBzYVF0U2FTTHEzNlRUVUw5U2pjNmhSV1JNZ2VpYzF4TTNZOVRqSmF1emEyZk9tcWRuTmZjS3lxbWpmRm44b0c2TVlLME1qdno3WGlicnpTWlE3LWR6QTVzcWlZNmNLYlh0Vkg4Q1ZqRWZUcmpzYnhPWl83S3NtaXBual9KQnZKWmxQcnZyYW5hOHRnWTRjbExoUVFNOXZULTdsNUx3QlRnSXoxRNIB4gFBVV95cUxQLVp4Q081MWlvZE9jNmpJNmR6NTVpdlVLOElhVzQ2SmZ4dExWbTEwa29Eb25GRWZoalhQSTdWTTRBOU1xZWVjZGxXYWdma0dueGJOelJ5TU9Va055XzNxU05VTU00MWgwd0xWelpNMTJERVJVOUNmWmhKMGpKNGdqZmI4V3FLeTlHYXk3cFBxSjVjYU1jaTNneGtvNmlURW02andpUnZnN3hZSEM1anFMVVhhdG4yWV9JT184Y1FMSEVlRldJUmszU1NHZncxalA4Y2pIWkdENDl3c1lMN1B1X2Zn?oc=5,0
CSMonitor_Politics_C,https://news.google.com/rss/articles/CBMijAFBVV95cUxOeHRKN0pRMEhVakNydk5LOUpEYm0xemNiY2F5bG9CdlMtZXQ5WkFuaGI2eUx2TEhEdFF1NFBOZnB5YXc5dl9OWnc4M2pPSkNXZXdJTDhwd3ltMmVGVERELUtndEdiODE4SlhRZ1pXM1A3VXV5bmx3Qy1FNkVKckNQNkF5YlBaSXhsM25NTtIBpgFBVV95cUxOQ0hoTE9uY0pUQ3VLMkloOUk3OThYcTNwcm94Z3V4UkNGOENoRHdRbXNhWWxjVE9oSmRoS0ExLTZwQ1RCeUZJNldCYTNGMkRWUUtZckhTa0hCelJ0aDF1X2g2aF9rWkc3RDBBRGJwTGRHV2V1ZmE1QzhHc3ZoaXlhM0s5Y2hoOEpwSUxMNVdyY3lGZFZyNGRjSE9KZUR5MjZjNnluRUdn?oc=5,0
CSMonitor_Politics_C,https://news.google.com/rss/articles/CBMixgFBVV95cUxOOEZUdHdBelFFRUhXR3BFc080WEp6WGdidmhIeDB4QndKenVCdDFNb2F3V3FxM0ZoUWR4RG13TUpOOXBuVGJVZmJKWmdqaFY4TFRjQnhhb0JmdmF0TktoZjNGRzJIUlpUOFhWY3FPYVVYdXlFTVhfZlNUVTVjY3AxSXhtZUo0elk3UmNrdUs0dFFyMXVFZEZiYl84amZyTjg2ajVrVU54akVFX2NnazZMZHIxQXNlQnE5eGRvWGtuRFdDckk5SWfSAd8BQVVfeXFMT0ZSdjJMN3VNaElueXRtd3JGd0pkcURFMHFHSFdnMFJBZjl3UHB2UFF0aFV2cU42YXFQcU1tbHV2YWtQbW56bXMzXzdXMTdzZDc5cVY0VGVYblhoSEk2N0p3eUgwZGR6LW1sc0RGMnBpNUlKMFNLUVF4RDBJaU56UDhRSFdJVGowWWdKMTFuWFAtcmJsenVDdWdESXJzVzFuZS1kc1NZdEJNU0s1UzJ4VVU1dDJ6eXYxS1picGNxQThzNVdMMW1NNzJERWhka3pCUEJVeEtMeldFaFlOM2FWTQ?oc=5,0
CSMonitor_Politics_C,https://news.google.com/rss/articles/CBMirwFBVV95cUxPb3NyVXBjemlHVFdLLXpkYkh6Nklid2Foekd5Z2s3MEkzakh3U19acmZVRy1jcGI2cVY1NU9jaG53bVpzT1F5QXlYM2ZaazNlNTVoMXY0cWJoaFcxNHhTUkpLd0FRY0t3TThnWGVIcVNKeHVRVHZQN0J4d3RoakdxUUFNc0JqYURjNHNKaEpkWkllc2JtMjRqZ0FzamxJa1hHSHY5aTR1Vm1MeW15d1Bj?oc=5,0
CSMonitor_Politics_C,https://news.google.com/rss/articles/CBMiqAFBVV95cUxOdGpaRVlFN0ozWjhhZjVUN3JPbmdVMGtKbVJBcWJLQmZhVzN2VVc2NzZKODlfdElWazBDN1ByZWpxeGVubE1MWTRWaXppaTlDOUx1OGFJX0RIajFRT1RnaGo3cDM5d3BMeG5wVFFFSWlhREU4VGlaZWdPVEVDN2hrbjA1RGV0RUYtQkNpQW5rZS1iTTlncjFyNkxxd2laekVPMU5LYkpWWGPSAcIBQVVfeXFMTkdGX2NLN2FRTXBIcEhsYXFMT3kxYjFMelJQOHFNYzNiMFBkbk00M1hBNzZwUzRaRUhQV3NlMzhJRWo3TVc4ano4YlBUUkc0THJxSXI1bWdxRGVraGkzdHBDdVMtOFU0RlB5cjlqcFhDaGdtc0hnT21BZGthZWcwak94TXVwbWM5MHBXdEhHVklSazlRcWczRjY3ODZ5V3pqMzJKYWctVnlHTnJoZjhEYkhzV1oxNVdXS2ZBVllFZnZ2a1E?oc=5,0
CSMonitor_Politics_C,https://news.google.com/rss/articles/CBMiqwFBVV95cUxNdmNnUmRMbHVhblBNTlhJYl9wWnk1S0VneU02bDdGR2ZUNFFSVnBMSGotQ3lfVUJOXzRZOFBtSF9zZjM5VXNIVXVxekpHRUtDSERxdnZ6dThXY1hXOUJ3Q1R5NmZIV1V3WndFMEQ5aE5tR3NVTkFUWmNvRE80RVlrTVlxbTRrSjRiOGtOZk91LUlFbUgyTUVuS0hmQ003ZnZvUHFXN3dtWEdnV03SAcQBQVVfeXFMTWVVMDM5MnROV0ZaSl9wVFdva3NSUGNwaGRTMWp6Y1ZCNkZ3WE9OY1NDZE9jUW1zNlZzVHZXTEFfWEExSEd1aV9PdHJsRjJxeGxxOF9wN2xfOEJvMnhaaUFfUnBtbDlLNElDdmtOX0lHanExRjREV1BVaXJaQXVQbVpXX0dTQXVfZmV2S1BsOVQ2TUVoTUdiYmZvNExiVVRleUpiS19vZHZPdEM4ZUozWDdHSEE5ZG9uVlRxMzlkQ2hmOWpaQg?oc=5,0
CSMonitor_Politics_C,https://news.google.com/rss/articles/CBMikwFBVV95cUxNeW5WVTQ1MmIzT0ZxeFM4X0dIS003WDZ4OEVIOHhReExobFlvOWxZbTJnRnRkeEJ5b0RSdFlwRF80dEZ5UzFoTGZjSDRDa2kzZTdYa1VOTjRJTlFRM3ZpLWNXdjBIZ1AwR1BLQ0VETTdFYmw0OUVsVEFONkNpcGZPM0hhNGZIYTViR0EtNXA1T1NfNjDSAawBQVVfeXFMTTd5RHpkSDItX3NtenJRdS1jc252NW1lOFd0OFRWODJZSWNpOXgxQTdjMlFtT0ozcjRNVkZfdVBHYThZZEdtWnZmRVVUbjhiSEVxOGRaSTduT0FXVnhnay1PQVZzQTBoQ3BvVEUtLV9TMGVWS0JuZEZYeFZMaEtxdUM4VVJPbGdaTVBSWXNlTm1rYURleVAxVUdRRlREZnIzRXlodEFLdDNtMUh1WQ?oc=5,0
CSMonitor_Politics_C,https://news.google.com/rss/articles/CBMiuAFBVV95cUxNM1hGNWZxZ1RvZl9oYW1pZnJWeXNHMmdoLXFKWDhXOC1JTXlPUW9jWGVrai1mcGYwOWUxaTc4YVpZZjJaNkNubDhXcmxMWHZhMG1PcDZYOEVYdFR3ZnpKQmJOT2RUOF9kdkoxeGVURVJQYlh6Zi1zOFZYQTh1Y3JxZkRlRmVWYndmU210ck9sRmo2aVlnbUxscG9JclRZbWs4eXViZUhTMWlCZ1AtWVl6SVJSVWc4dVpI0gHSAUFVX3lxTE9UdGo4MzNYV3MwWUJ6WEFLS0s0Q09XdXVRd2ZKaDV1NnduZi02ZUl6QkVyOUpMT3Z4U2hha1FsTGJuSHVFcUtZSk92dWkwM1NxVjN2eWZhaW1PeVNhOFVDNXE5WHhYZUIwc2JwU19mLVQ2SGFOcm1YVEYyUTRmMkZlYWNHRC1ZdmpYVnlfdzFZR3RJZFMzV19VTU1GWC1wWUJIdmtnbWliRDVCek1wSDVMMkdhMDAyQXVxOEg0Z01nLUVTWWljVVZOMmhKNklmWFFWQQ?oc=5,0
CSMonitor_Politics_C,https://news.google.com/rss/articles/CBMitgFBVV95cUxOR094YUN0aFh3X3JtTWNZUUR6LXBsN2paWWE0RTJQUm5RRkZNaENCeEhFMkxfMmVzZWdUR1FQdmVZSmFmUFNUMkwxLTFiZDRrLXdvZHNkYzYxdS1uUDQ5ZjlFMjhVUjduaEZLMVE0d1FIdlZfRXN0eDhJLTA0ckN6TFhyOUE5QlliLTRyR3V5OFRvZTk0NlgyQmxwdXAxMXA0VTN6SUdHOGg5S3FfdnlabHFqMkVqZ9IBzwFBVV95cUxPR2J2OXpjNnYteTZINmgycWpkUXhkem43TmVmSWhzX1RndGFHVE9IdEZMbElZSzltWERSSk5iSUM0dV9OX0U2TzBzT2YtRUFmX3RLYkhpWnhqSHlNZGhkc3E2Z254NTB1T25CaUxsV09Ba19uQ1RTY2cxRTJrWWtmZ1ZXalFjYzk1RUZPSkZsOE8xeDNjMldpdXd2YmJobXRtT203dzNiOG1PN2tqLUFCb2UzSDh2cF9hN1gwRy1aNGUteEMyQnp3dWhzV2tQekU?oc=5,0
CSMonitor_Politics_C,https://news.google.com/rss/articles/CBMitAFBVV95cUxNZlI2SWVObjJhN3FONDJHdWhTeUpobDN6cThZQ1FGT010SkVSU3hGbkJfVUhLQmRId0JHS1VIUGk4SmJKWF84d2Raay1Vd0FoVlBoWFZiRWkwaDFXRHZMMDFnTmRYV3MySU1vT3lrVTZyeGh5enc2RlJCTGFHWlJ6bWpONHdJTmhyOWFDUFpXdGNFdlp1TzRvU1I4djFacldFQ3BMTWNWT09ZTHFfd2tTZnlCLXDSAc4BQVVfeXFMUC1ReGhmWU5zU2xZV0N3dmZSX0t1LW9SYWl3THBaZlp3dzUya0Yzb0NzMU5YenduaUJFQkFtLWZiU2FOVk53alJVbWpnamJaMUJWV0hkQnA3YllIUV9pTFNKdGxXeXlnTG9lQmdTRTd4RU9KeGk2ZnJwbUU5WmV4bjZHcGpPUFpLRkR4TF9KMUlXU2huRXlDR09MNEtZaTloYlRoVnNzbmV3cmVfV0hVUFBxWDBXREZZV2pJdmRxQ1NMVTNacTZkZk5xSEFzbXc?oc=5,0
CSMonitor_Politics_C,https://news.google.com/rss/articles/CBMisgFBVV95cUxPT2dnb0wzRWN1c3N1NkZBVFd3Tjh1OTgxVTlBMXI0ZDdlOTZrMkpiQXY3QWtpTjlWNWlpME5lbmw2dGxfaDZpSnFvNnlUOF9wdk5zSnRKWHlHcUdXMjY0ZVVPcEwzcmFjMWVzSWxIdklvVGZzVE5pYXUtM3R1am4yODFsQjlXRFdZYTFtRWtJakYwb0VpNmFMdlk0OExHNXNpUFBmcTdpaHk2RUNyNkZGeklB0gHLAUFVX3lxTE5XSzJ3Nlk3VTJDckhTdkJpeUxsT2RHMDY5UzFZcTkwLTBxS0k0dEZpSVozVVFMN21LVDlkWmRucGxEeFJwRmdpMkFsXy1tOGF2TXBaWURKWDBDOFhrb29uSUF1MGNEZzd5eUlIUW1JYnZsY0c2Zi1pQjBDLTZZbGlsX1N1bVlZWlJVNEt5V2ZzWmtoR19YZ2s3U0NOMm9CS1A4Nkdha2hlUmVmaU93d0Fjb3liaXpTUTE2YjRPclo5RU04ek1LUUJac1Mw?oc=5,0
CSMonitor_Politics_C,https://news.google.com/rss/articles/CBMiuAFBVV95cUxNcGVOamZNa3BMbEJkUzhQUkZnVVh0TjJiZWJGRUFYczlZQlo1SmtzN1M1MkpzMUE4Q25hSUpycUVpQWFXWGVQSHlWZXd1MWdtQUNJQXJqQU1CUnRHSHJ6MkpDeDFNai15M2ZPSUxsWnFzc2thNlF6cjA1di1STzJTclJQcHBobFE0ZDdIS290YmE3WGNWbmZDZTZzYlNJNUxRTFBrSzV1d3h2eS1WOGx0ZHhxTzA5VnI50gHSAUFVX3lxTE0tX2g2aS11ZWpUMFZSSmtOdkw0N0NERkVndmFiSlZ5UGx6YTQ2RE5pUlRVVmpZX3hpSUMxMmdSY1RtU3g5M1BBY09VUXV0MHlDbDNpNThjakNaaHR3aVFrbi1MSmF4a2ZFeHJjU2Z1SGVKWjhkS3hiMVdUeFFodTQ0eDd6eEtndFM4QU1uc1l5WnAwSk9wT1FUYUtVX29jQ1VyZ3RXdGQ1Um5tbkNuS3g4bEZJLVBBOFh1RHNKWUVTaGt3M0tVb01ib3VuUFFTRnRVZw?oc=5,0
CSMonitor_Politics_C,https://news.google.com/rss/articles/CBMizgFBVV95cUxQa0RMYVEyWVA3eGIxZHdGM0Nib1loNkM4YTB4NDcyVjk1bDhFNHZfR0JGZ01neVdDc3ViVGZRZ2lxMU1EbURwMDFmVmg4ZDNPRTlKR3dCZXN5RFhwMHRKUnZTYmRUUVN6LVhQZkNVQXg4V1F2WWtPOW5YZGRzZ3NVSC1QTEY4VzJ0aENuc0R1M2RCU2pyY3cxV2VueDIzb0ViYlpFRWhzWXpjNXdINGJGcXR0dndaaFpzM05KWWZqdmtCWUFhZ2Z4elVrQktzZ9IB5wFBVV95cUxOdVJEdzBIYmctalNBX2FSMy1fdUtMMFk4b3ZDdFlDSVZXQUZfX1NfcWJaLTZZVm02ZkdxRXdEWjdyRkFRWVpDS1R4VFJrYUFjUmxCMHgzWnB4ekNPNUt5QUZva0lrampWWnZiMnFrTm83Q2hmTUExUXdYbkYwbzRuQThUSFVMRTlWeUU3WDlha3pTY0lnZDdja3E5Q0FwSHl2d0xRMmlSZ0RTZXZBSEI1TThJdkFVMDM0QzZCMWI5ZWJtc3Z1bWY2Z1J6NHhnWmR4RTJCMHB5VXdaV0lNb01BSUdTLVUzUUE?oc=5,0
CSMonitor_Politics_C,https://news.google.com/rss/articles/CBMisgFBVV95cUxNRDB2VlFEYjM1ckF5QjczZ3lxZFprRU45R3ppZE5PTXdNeXAzekk0U1lzMHRNMXo5cmJEbGRmNzRrVXBjRnJZdUhneEM5MnZuaUppZHU0eUxidHY1OU5XeDdPZlFmYm10YkczUVpZOGtadnI3Z0s0Mm9vbG43Y1NaekVBLXVHVWJsUlJOOHUxSWl0by1DOW9JS19qVFpjdU1TY3l3amNQNlhzY2d1VFdwLS1n0gHLAUFVX3lxTE9RZlIyTnJaZWhPdW9CQzNnRlgxdEd1UG5uLU4zcDBEa2xnZmZPeDVueEZPN055eGlINDR4ZXdEVTFyMjNlaHl5LXdlY1VsSjg4YlV3YlpON2I2bXRocGt5T3FMcWxyV28yZlJMT2hfa2lvRWNCanJ4YTlycEtEVFRJMkJwYjdSc0NZQzZyUmFyMTZDZS15QzZoQW9qMEhhdkZpdTR5N0NnTkk1bEgzNkxUcTdnWDBVUUFaNlQzQjdmRlZVTjFweWpHUXRz?oc=5,0
CSMonitor_Politics_C,https://news.google.com/rss/articles/CBMivwFBVV95cUxQVXkyS0dzQUlVeTBTRk50eFBPc19GVHVwNE9iNU96ZXRIdkhhRDNoQ2ZHVHhCVHNUNkhRSC1JQ1lYdm4wUldTRnBreEhfSUF1VXA2YlVyVjBpSXZzbzZNYXNTTDZYWUNNdnNmb0N3X01DZGVRaXl4WVJzclEzYXg0cVJLcHVaSGtnV2M0ZGJuc2pUcUJ3d2lvN216dEVWMmdGNjVqTFkxamljV3JpdGFCT2JTZmNlSlJRVXRGNEk5c9IB2AFBVV95cUxQOXlIcVdZd0xFVVdKMWZZa0FuZ0JjQ3ZDekZReEk2eFg2R0xVWHpqd1lEdUNPOWQ0OEk5OWFzbjZramY2QkVZV1d5M2ZkMFl1aUN5cWR6Nk94Sm9aUTYwcHR0b3RFLUlVRVdzTEJ2a09wc2dReFhRbkFqTzhpLUx3a1JVSkJFeVpiMXZXbEhwOXBSSGpHNnh5ckxwRnF0QTFFVHp0bWQ1OEI5RU1NVG56WnEtRzdKZzRlc1ZtRkRKOUhlZllFbWtwdDJodXNMTEg0QW9JOGwzT0o?oc=5,0
CSMonitor_Politics_C,https://news.google.com/rss/articles/CBMitAFBVV95cUxOT1cwaVloZi1hUWtnenVtX0E4dkNHOV9TRjhwQU52WnZpSzZfUFktZ0RWWFpmM3VHdVFSUVlHWWp6MWsxMU5uNWhYVDhrYlpyMGNIcklEMXAxT21WOE1SUFpUbTZGd0pxM0t1X1Y3aTNDN09PWHhVT3F0NllPWkpMeHJYN3hjNlpla0thSTFrOTF2cE43S2E5MmNHLXlQNzhvZ2FXLVZlcFk0eGVsUFdpa0psTHLSAc4BQVVfeXFMTmJIaVFSTUUya04wRFB2RFZYVEJZU2MwMER6VUtKZFRLc1I1YTJTalF5dDZReXlMLXNRREctR24xNXpWdlpiaHBadWx4ME5Fem0wRFhEY0RYMmQ4OWx1NjBGam8ycTdBSTdnbF9ia2tpT0lmcVNIYmczS1R0TW4tT0otelBxZWxxdnFBa2RmZ1RQOWdteTA5ZmphRlhPWkxqLXZUY2liZ0FobWhyTkhBMWZiLVp3QUdrWWFSMTBMMl8zclRaUlpIYjVtZlprLWc?oc=5,0
CSMonitor_Politics_C,https://news.google.com/rss/articles/CBMi1gFBVV95cUxOTjFXSXpSMzBONHgzYlBWRVJnSVlkWjJyaFJjQW9BMDlsR2FKYi0zNEJ5ZTg4ZE4xQjJjVFJobWZ3M1M5SkczalZNS1ZQTm5zS0x2cEZYNEtzTXpXWmVtb25SM2NxNkVBQThaeVdtOTV3YlhVck1xTUtYdm9oLXpwbURYWFpQc21aMVFmU25ZZWpQaXNmTGpJSHhJMFhTWFhJa2RKc3h2enFubzdZREZLWmVkT0NueVRZX2tndzJXQUhfR2VWQ1FEZlNWOU9IMHNzZ0xlQWFR0gHvAUFVX3lxTFBpTUV4YkpxdHNIRllZOS1IcUlNaUx1a25FN1p4dWRjU0tRUGdzTVhVazN6SFRxQS1ObFNESll5QlgzS2k4bjZoeG9McFdhZG5TZ1JMUExOZEd2bW9sUm1ic3hLVWNBWEo4SzVVbk1OZE5GV1NvcmxKYldwYi1jOWVnUzBJcDFJRzNlNXhCMGtVTmR3RzIyNlIzZElCVW5CUGxBSlV4ZzNkUjhtdTJPT2hPTmdMcG1sWTdENTNWNUQxVjRsSXZnWExFcVgzSlJHTUV3V0lLQjlLcVh4VV8yQnRObFZocFhkajBxbHIzeUF3?oc=5,0
CSMonitor_Politics_C,https://news.google.com/rss/articles/CBMizgFBVV95cUxQV1p3c1lwSmpZOGhicVJqeWl4alJPT3llZUZ3UWx0NWVZU3djUEpoRHFpSzU0ei1Eb0U5bjFwaUVSMnUwRXc1MjZWZWpwRkU3YnI4RlVlZ19TT2ZBMThucWJEWE9IMlZPVVQtaW9kcW94NEFjQkl3bFhXZjBKSnVPc05EYk5EWmpnNlFGWEZsb0FmTEdXVENxc3A5VXNKRW0tSktLbDlTOGNKYkhYUXlXUjd0cEZieGd4bXdEcG5sc09PV3Z4aTRzRWNlSkdnZw?oc=5,0
CSMonitor_Politics_C,https://news.google.com/rss/articles/CBMiuwFBVV95cUxNNkY0QWJCVEVFOElxMFo2RUk0Y3haLUpTOXYtejhLM3JmYVo0UjF3UnFsWUFxUmtiRzE3OVhTZDNZS21uQk9zOEVoUFljWWdTY3liOHlTbjJMSmo1bzdYRXNMazhjVnI1cjBLa0FYRUNNWHJHWG12Y0EyanBTTkQyU1VqelVoV0ZNcUNaT3RNM1FrSVBNYTFYeXFreGRXYnBtcXdTTi1iYnI5cUZsam1qZFlSdWNaWHpQMktJ0gHUAUFVX3lxTFBBUzJVS0h4SG5QTGJoVnZ6QjNRb3VzeXd1bUFKXzVHcWdIaUdBUHVWYUtjYVU0RjdaampybjJHWk94TExOY080bVBvc1JLeTAwc1hsM05iZi01bGFTYlpUTUM4Z0FPbE9nUjRyVzUyNDBnTEpCUVNFbWNqNURrZHVyLTRMbVNkYU96MmNXRWZyN1NnaFRoMnNCYVVPNlJhMjN4clNQLTFJVTBCZlJoc1VqWFdTUDNFRkF1NXdfR1NjOVlvajdmUURrR0NsU3pRVmpWbE1n?oc=5,0
CSMonitor_Politics_C,https://news.google.com/rss/articles/CBMiwAFBVV95cUxOaHF0OFUzRFFLeWpnRnd1OHpZR09wQUhVUldGOExvV2taaUhiM3pXSWEzLTJRbUtObTVtTXhYb0FrRFdGYXRvbDJNX2x1N0QxeXlsY0RueHFoTjljYUpETS1VbW4yQUdqTVV6NkN4X3Zhc3NXSXhkOWdBYkhQeE40czM3VjUzZS1qR3JsRlNHSUNya1h4N0QwV0FTMXhXa3RxM1VYQVhDc29lVlZuRWNlTS10MG5RWXFNaHRqSlczNl_SAdoBQVVfeXFMUGJFbWh3SVlvRG5tNTRUMHJ2OVFDVGlvV3FjTDIzZUQ4NVUzS3RiTGttZUNKOXd5SFk1MkF2bmpidkY5dUJmTG5DWlRMMnZGek5zbWJZQ01CUTNrV3U3dTBCM1RSZktsWW4xSWVjdlY1RWhKZEFqSGhtQzY2cm5sVGU1aGR0OEtySGN0TnZhMFdiaUFqaGtPWGI0RG5KeHV6RWxaUDZKMUp1VlhpMGc4ZTRncjJlM0FEY1d5NTdMS3ExYmlfN3RhUWNHOUY1aTBDQ0MtZFA5enNJZEE?oc=5,0
CSMonitor_Politics_C,https://news.google.com/rss/articles/CBMivgFBVV95cUxPelVKdXotTFV6N3BFSXpwMmlLS3hnT0tEcUN5MXRUT3dNSExUaFJDTTF4YkJ6Z2JSRmV6RklyUF9rNF9fd05RMjZOSWxmSVJPTms4MkdCdVFKWEd2ZGRtOU5mMHBqSjZDVmtjSkUwRXA1Skl6bExuQUh0NlFhai14cldrV1VIRVpvRmtwb1pXRV9NNUpOSDR0bEJDbzlDTGl5dTFjd3RCMlhPUFdxRzA5QXhBcFV3eTczTGhzLS1B0gHXAUFVX3lxTE95STk3Ykk4SjVYMFFNWEJEZXUtNkRFdGx2cjdldTRQMUtRY05lZWZhakVORjVMMnBOY2d3LUNTVk45cGZJSUN6cC11eVEyN0tCNWxqR3RDbEZqbDBTRFhQandENi0xbEJRdDB0aU1EenotaWl0OUtkTS1WZng0bUhkaTctcUd5QXJvNWtwS0E5QVo3MmJmTHVFSE82SUNmcTltUUdvNGFBSTVpUnU5ckhpeUxCcnNqYzdVVDFYdnNjNVluVVl6bmlWOUF4LVV6b3d0Q2J3MzA0?oc=5,0
CSMonitor_Politics_C,https://news.google.com/rss/articles/CBMipgFBVV95cUxQVDVscEJTNTFoS21VX0xrWTZ5cGNlMmY3bGo5RlUwVjZlQlRwbi1mMTJhYURNaE94X3RtU0RsRUw3RW9Ud3hhZURyRE81OTUwV2FlcjdFNnA5Y3FyWU9iRjV1ZXZQZFRVNE1lXzJHSXJ6c3hncUR6R1Atb242Yl8wRGZ3a2ZUakM2SmtQNW0zYXlOazBQUjVzYTU4eGp6QUt4cFhXbDRB0gG_AUFVX3lxTE5xLXhyTVpfZWVObV9tSkVDU2ExbUJoNjh2MHBBSVBmZGRqMmdTdkdWOFMwN0tfMDZnbURac3hPZ2RmcVByNXN0SGRLRzNHV01GcjItQ0JPNUF4TGpYaWdOV0ZRdWliYmpZeUppZVFPMW42VmUxTVZyUHByYmtHaDdRNmdSTHg2alFqNVdzclF4WWd0QlVpMldHTUs0aUZCUmdLRkh0dEt6SXIzSEt5MTRVb2VrZlZfdy1BY3VjOTNV?oc=5,0
CSMonitor_Politics_C,https://news.google.com/rss/articles/CBMivgFBVV95cUxPbS03c3NlcWtNd29idnlwUkh4OS1RMHNoRGtOS1ZsYWF0RjhOb3lTU0tjVks1Q3JnWTRtOGdaVFVXNF83SmlFSG5XSmNXNTFJWEZQRTJKN0ppNmRPV2JDc0FtdWhEYmEza3dCTjVPa0ZnVG0wQmp1X2pRdEdjdHdWZ1lIMWVSN2I0cEhtckFId1VpZHVIS2loZnZlaGtWTmZWSm1pMldhR2tlQ2dCdWs1NXVYWlp6NV9mekFiNDdR?oc=5,0
CSMonitor_Politics_C,https://news.google.com/rss/articles/CBMiqgFBVV95cUxQMTBXMWF4Z29wV3ZIVzk1eEEydUVVVlBrQWdFeWsyN2M1R1YweGhFeTh3X2kxdlBKU25aMXhrdl9VblBobXNjR3ljM1o1Nm5OdFlqdlFmVkU4NDVFVnZsNlVBdlY0SFpsOUZ6eFE5Q3pTdGpSdjNQTUV0XzBoT1ZpTnBYQWZsYWdRT3lQSUltTWh3eHYwekduRWxGVlZYem9TUE9pMlhvT01vZ9IBwwFBVV95cUxOeFdoZEIyN0YydlRza2EtZmE2cWhkYU5rSlByaExVM25CSU5Sak5tRmZQamt0b0lOSmdYUXVHUUZwYkxoUmd1WTh4clF6Z1oyS0ZNRHh5UWc0RlNoX3JkRG9WV29OTm1jZkdlU2hCNXlWMHNzOWN6YWxzV3llS01Fdi1nWmRJM1hsOXlEY0VseFlUTFVRajVxdnFpZXM1SjEzSXA0Q29aLXZmbVJrMzVlbUVQS25MZ2RmUC1fMTVwN09EOEE?oc=5,0
CSMonitor_Politics_C,https://news.google.com/rss/articles/CBMijwFBVV95cUxNbXhHRktIYnFtU01KdkJ2OGFMbjlMRlFieGpSUHdLNUkzTG45a0lpRWZMaGRoVEVkZXhjYnVDUTdMZTRCMXZXcm5sNmpZRGc3RjUzR0xLbWFCaUVJXzRVOTQ4SHcwRTlKZjA2Vzh2aUl1M0gwWVJ0eUZHemlIdVNWalhqZDBZbnE1N2hEMlpBNNIBqAFBVV95cUxPNmFvN0puenVpc283Q3NwbXRqUjh4eVFHdEk1MUVXSEZXeW1RV3FsMHpOUGhLX0lpcDRHeDZlTU5PTWxIUWk3MDFWWC1ZQXV6Wl93aGF1SklfdWhKelAxeTE5MkkwZmE2ZWJSRzl3b2JuUFhfLV9zd2J1ZUFrYmJaSHk5cVpYT2Jaalh5d2wxSElMNk9iSTUzalZOS3ZxZ1F0Q3hZT1BORG8?oc=5,0
CSMonitor_Politics_C,https://news.google.com/rss/articles/CBMingFBVV95cUxOMGNQNkVIMWZQUDMxVjdNY1hqNzhXZXViaXV5RzdWazdTRTlpd2Fha2k2Vm1CU1E0Zy1uaWRVN0NLUkgyYnRoajRUQUJKd1dvY3pyZWliNTBIa2ZxdHN1YTE0aTFpdmI4MTJvdDlRbDVHeXY5UUx0NS1QSzBkenN5anUzSi1KNjVieXJtZVZJVFB0S2FvZ3ZvdGxJd0tDQdIBtwFBVV95cUxPd2NsLXJudkhTRV9EeE5lSWdlc3I2Tk9FT3JDU2FVQ3NXQWsydmdJRS1nZTM4blZiX05nZ1l1VmNnM1JSbEdKc2MxMmZ5ZklBVy1BLTJTbm5uVUdLRTBad0JwaUg2ZmFycGRxNmZXeG9NY2RVLXFfWDlpbm9LbVdHRGZKMUYwWnFuMjc3UW8yX2loUGlDRVdPOTBob3lCWk91T3BtX3dBU3llVFp3amlHVTVNVGczM2s?oc=5,0
CSMonitor_Politics_C,https://news.google.com/rss/articles/CBMipgFBVV95cUxQMllrUTdYRF9jb0pNWkREektIOE1oWFJHYk8wdkNGXzFkOXVjd3lrM05rV2dHWURvSjZOQTJXSlYwWnNyNDA5NngyWFBVX3hhSnlfbU5xOWZWUUdqLUwxMlFUb2F0bGhNLWZxaUtpc3d0Ul9BSUN4MU1pVDVZM3hQdUkxQll5M2lMdXl6YkhlZFRrVktNN0g2YTRFWUZVS2ZyOVVzNVhB0gG_AUFVX3lxTFA0ZGhsNWJJakVLcl9PMkJyMmlqLWlnZ0xDVElRSFZmSHA0TVpsM0gwaFpYRUM1NnVuX01TVmZucE5kNk81MDJpUkhxLWhBMXAtZ1BFVlplWGJkZ1pPV2J3V09sWDE3d1RDQ1lIbmlLTUNqb2thal91UjFobGYxV20weEpHWUk1eVpxS0duRHpZa09CQVd3elN2STRCVzZud3dxOU5aMWZ3djBkOVd1MWZ0MzMxNHdTWjRPaHBvZ1Zz?oc=5,0
CSMonitor_Politics_C,https://news.google.com/rss/articles/CBMitwFBVV95cUxNeDhlY1k0UGp0VkJmV1NRNFB6bXNEaGFWTktsRWJPSHlsU2dOcFpqX0ZIVHhZQ1RuUXlKS3d4UUFfTkFPWDdEWERQb1E4d1Fpai1aQXlRYjBoYmxRRWgwSDNvYTU2VW11ek5FbGhyVl9kcUhRQkR4V0NLMktCbUVzVG5RQTg4UWRhVURnRU5GUHBsMTRjRXZtbnNFamVnNUYxVTU3LUtmcnAwc0FJMk83end0TnNmWFnSAdABQVVfeXFMUFkxWVE4RXcwTFlrNU5BSVpWU3BBYTFqLVpEYW80Nl9JdHdWZFNOdElEVXRjU01YNTFSejNMZUFqbWdFdmQtQ1NiWDBGaHV1RU82MmhZdkNFUkRXazBpX3hfX2pOemQxd29PRncwZzFNTEszQmIzbVB0YmdiS0pyXzdlUWhfaVI0ekJvYjRmZll4SGF1NTRjUy1YWTE4b2k4Wm5uU0k4cV95OXhYT3BJM3B5OFowTEdaUGwwVU5lYUJ3clNyeEF3Q3VwNXc5ejJfbw?oc=5,0
CSMonitor_Politics_C,https://news.google.com/rss/articles/CBMikAFBVV95cUxOOEw3M3NCcTAwTl9PM3dpdkJLUEFHZzRZdXdIQ21fZmMzWDREOTA4djBqTTM0ZjJwZy14RHFmbjFRcXptRWcwWXpDWVV4WE9lanJITWxGQm1XS0xpRjNsMDlaWHNrNWNPOWlrZ01Dd3RIc1Y2Ty0yMkowS29nRG9qcEFvbGwxTk5Yd1NfMWtDOHjSAaoBQVVfeXFMUDJoYzJiajVkQi0tUW9ESDU4YjVrMlA3Qi1qVzFTNE44ZE1FVjl6MG1qTW1Ec3kydklaUFp0STl1cGcwZTVrOVpLaG5YcGdaRXVjNkJocllaOGlkaURPTjVienE1NFowQVZpclB0MXI2cUNONXF6UXVIMENMWWlUS19WSzU0ZnZuOXZGekQ4dkhWLXdmZ19VbmxCNFY4SkdoQ0U3cGtaSFVhTFE?oc=5,0
CSMonitor_Politics_C,https://news.google.com/rss/articles/CBMitAFBVV95cUxQSkJfOEZGcWRGU0ZsbG9kUHN6dTFiT1BmOF9DT3hZaFVGSkwycVY1MGZNUUlKWHVnU0VERl9UcXlsWEd6eGM2SVA1ankzR0daT3RLVXd0X2Rpdk15bFV4SVR5WDVwYzRBLWhraFBvS1MzWUdGRzUxOHBlWUFIaC00OFJzSUJZSVJwV3FfNDZwU25BSjd4NGRsOU5VbHh5NFc2LTZWTnVQc3FtdU5fQW9sZjhmQ0bSAc4BQVVfeXFMT2t3NW9acXk0S1hrTGZfdHl3Yjc0LVRIOGZrLVVUMXVtMFJLcmpjVEYxNFlaYXBXWllRRjRUaU5CNDVzQmg3Wnk2R3RRS3FBaXpOSzNON3R3VE5TTFRBUmNBb21DaEE5em9LWTI5anNORVNiUm50cUhsZndLRXZFcno0a1NHTFdJSU1IV0dzVG9XQm5pa2RiSGpOSHg5OXRTc0tmbjVwVWluNW1HM0JUOG1TOHZnS2NkeFZlV0ppM2pfVWhYdjVHYmc1RU1LekE?oc=5,0
CSMonitor_Politics_C,https://news.google.com/rss/articles/CBMimgFBVV95cUxPYThHbXhoNnM3bnZSY0V3amd5RW5GU1R1bEJ2YmNWZGotcGJERnVBVk5wbWpmX3hlYk9mNjRGajJINmVrQjN1VWFoSG4tT1FfMFNyWkw5UlRGcDBSSWdhcUp0Um5ORkt5MTFNWTlWbWxxLWVWS2FlQ1ROZVZMTEhOQkMzSDd5a3FXVXR3VFV1dVhDTXZKR20xUldB0gGzAUFVX3lxTE04VVBSZHNJOWdvdmZSb3Y1LW40c09WaThReWg4LXJUNGg0SHREcFlaT1JNSzJFdmlMMWU1czZaQkwtcS1QU2JVYkdnTFNsWkdlaFIxSkNjNk5fT3hhalZJc0lNTHpEVmNQaFdwUG9LeWNPS21zUzdNLWhfYmp3Vml6eTVlLUhURktsYnJPZXFiV1hVRWctaTFRdUhhUlBsMmNXYTkxaE82LUhCYzRPLTR0TDVn?oc=5,0
CSMonitor_Politics_C,https://news.google.com/rss/articles/CBMiWEFVX3lxTE04ZzFjemtkcGhOaHVTaFRmSzRRYjA3NGRRSUN3TFc0eUpkdTAyeVNOVldVUExYSnY5Zm1uRzRnNXMwUUhxaFFzbDZPT1hoVmw3ZFRyZ2o3N28?oc=5,0
CSMonitor_Politics_C,https://news.google.com/rss/articles/CBMiqwFBVV95cUxNbUpFcmFGNVFoeENmak1KaENzUXppZGdMZXBEc0t5V3l0dGdlX19Md1N3S2xnZjRRSU05ZDdCVTM5ckktQk02YUQzM1RrNGVwN2tER0FtUVdEa2Z4N0p0YnV6d2JkejY0MmhvMFU0NXBtN0NXRmdWdm1DX1Y5UEYwTmdtdmlvdGtJcGZUTHpnUkhobngtSGNrcVVEN3ozd25NSDVMcXJjcjJBUjTSAcQBQVVfeXFMTzRicDdUbTlEWExQWHFLSm93N2FvN2c1VGg5eFBGOFl0QnB1UjZlT1h1dDBwOFJUdGNzRVliVzZYdEhILUt0b0l1enJBU0xPSGJjZjdYUDc0QVlWOWIzMDJXTDhaV08tS0IxZWNSN3NwYVJNdkl3TFJwbzZFOW13UUFCS2RxQnJJVDdUeHFwWjJTRmROYmVZTnZhbGRSOEpaVUZRZ2hZMm1DR05UVWtjZDQ2d3ltclpQc0RlajhaQjRkME5FVw?oc=5,0
FinancialTimes_C,https://www.ft.com/content/e35db505-e503-469b-a044-bb03114e82d6,0
FinancialTimes_C,https://www.ft.com/content/55fa278a-6902-43e8-9021-dfd3cb7d26a7,0
FinancialTimes_C,https://www.ft.com/content/bb1808b5-032b-493c-b7bb-6d3057acb1e5,0
FinancialTimes_C,https://www.ft.com/content/c743e6de-202c-4135-ae52-0f0e34213182,0
FinancialTimes_C,https://www.ft.com/content/61e86925-7c8a-44bf-9f68-0ac8b875edf3,0
FinancialTimes_C,https://www.ft.com/content/572683fb-e4b4-4451-8b7b-056c24dae153,0
FinancialTimes_C,https://www.ft.com/content/312e8986-1ce9-4251-b1ef-f208a9ae0506,0
FinancialTimes_C,https://www.ft.com/content/d034cc1a-f5fb-494e-a3c1-466e8e80ed82,0
FinancialTimes_C,https://www.ft.com/content/a12657e5-e160-444d-9b4e-87e89480e625,0
FinancialTimes_C,https://www.ft.com/content/8fb1156d-ab33-4436-ac53-cb1ea28afd7f,0
FinancialTimes_C,https://www.ft.com/content/51788098-b2da-4753-a12b-782c20ee530e,0
FinancialTimes_C,https://www.ft.com/content/b1177a90-56ed-4936-8a02-a72424df510d,0
FinancialTimes_C,https://www.ft.com/content/4d2559d2-04e7-4254-a44a-40d7c7b344f6,0
FinancialTimes_C,https://www.ft.com/content/b92fd917-9f1b-4393-b96d-6d22ba757c72,0
FinancialTimes_C,https://www.ft.com/content/7a2d92bd-44e7-4fed-bfc1-79d0b6a4cc24,0
BBC_US_C,https://www.bbc.com/news/articles/cp32l9w9pgyo?at_medium=RSS&at_campaign=rss,0
BBC_US_C,https://www.bbc.com/news/articles/cn8z48xwqn3o?at_medium=RSS&at_campaign=rss,0
BBC_US_C,https://www.bbc.com/news/articles/c5yvvjw8pdvo?at_medium=RSS&at_campaign=rss,0
BBC_US_C,https://www.bbc.com/news/articles/cp9m0zp04xyo?at_medium=RSS&at_campaign=rss,0
BBC_US_C,https://www.bbc.com/news/articles/c4gqegwgp7wo?at_medium=RSS&at_campaign=rss,0
BBC_US_C,https://www.bbc.com/news/articles/cly8r1n46yqo?at_medium=RSS&at_campaign=rss,0
BBC_US_C,https://www.bbc.com/news/articles/cdxzk4gvzp0o?at_medium=RSS&at_campaign=rss,0
BBC_US_C,https://www.bbc.com/news/videos/ce94vxejmm4o?at_medium=RSS&at_campaign=rss,0
BBC_US_C,https://www.bbc.com/news/articles/c98qjl76eyro?at_medium=RSS&at_campaign=rss,0
BBC_US_C,https://www.bbc.com/news/articles/cx2jqgdn719o?at_medium=RSS&at_campaign=rss,0
BBC_US_C,https://www.bbc.com/news/articles/cd9g0e7zd8wo?at_medium=RSS&at_campaign=rss,0
BBC_US_C,https://www.bbc.com/news/articles/cvgvn810njpo?at_medium=RSS&at_campaign=rss,0
BBC_US_C,https://www.bbc.com/news/articles/c70n6x8p2dlo?at_medium=RSS&at_campaign=rss,0
BBC_US_C,https://www.bbc.com/news/articles/c8r1e327z46o?at_medium=RSS&at_campaign=rss,0
BBC_US_C,https://www.bbc.com/news/articles/c875p9q59vjo?at_medium=RSS&at_campaign=rss,0
BBC_US_C,https://www.bbc.com/news/articles/c1d64p3q2d0o?at_medium=RSS&at_campaign=rss,0
BBC_US_C,https://www.bbc.com/news/articles/cx77214zz9eo?at_medium=RSS&at_campaign=rss,0
FactCheck_C,https://news.google.com/rss/articles/CBMimwFBVV95cUxQc3pGbzA5a19WWURvUlFjZ2x1YnF5Zk1SSGpXeEVTWnNjXzBBNktiMXk4NWYwbThCbTdsWUtaZFdkY3k5c29nOTQ1Z2hkMllFSGZQWHBxNTZqYjBFSVF2VHVEU01fbmNHQnN5NUFfNkg4aFNxT29lSlhPT2lBaDBkOVU5NnNnckN0UU95WXVUcFlteW5PRlpqVUc5TQ?oc=5,0
FactCheck_C,https://news.google.com/rss/articles/CBMie0FVX3lxTE56VmlEY096MGlHTjdFOXFDLUs4RE9rVS00T3JOYU1vUXBJdVEySTlVZEwxMGVUaWd5dDQyQUtnMm1aY2gyOVB6TG1EcnVnZW9XNkZ0bW1Say1kLWU2Qi1PXzc3T0NpWl94b0JWSlFSS2g1ejAtTDdmbFVROA?oc=5,0
FactCheck_C,https://news.google.com/rss/articles/CBMigwFBVV95cUxPQ2I5ZlY5NEFOVkNmSmtDSEJrT3drLVVQXzF4TjcxdUpmRG9mdFMwVDh2dkdCVndFLTJ6aEVWZzZzdzJvV0xoeWdncm5Vc3didGdsbEdNMm5XTTE1RjdhTktYVmZQYzNSUWthR3ZxdnZYMUVsbVR0R1h0UmlYbV9QLWtSaw?oc=5,0
FactCheck_C,https://news.google.com/rss/articles/CBMieEFVX3lxTE9VdjJmMlg1YjlKQmFIUEt2N1V2UXdtZzBXNFcwVkwzZFhwb0Q0cW5QMnZKbUoxcHFSZEJJRlFDTFZ6U210NnhhNEpWVnpMdS11ZHNVWng1T1c1Qzc4Qml4dzhVRDRMbTlueUdkSXdfcmlIRmRsc2Ezcw?oc=5,0
FactCheck_C,https://news.google.com/rss/articles/CBMihgFBVV95cUxNeVFxZ3Fic0wxQlZRYy00RTQyenY4QlpDMlVXeHRFWG43N3VkanU5blp1SGNHaVJBSlZ4eW9iZlZnUlR4cEZHVUEwdC1EQTk1WlFza2x3SHROVHZoVC04eDRiZzFock8tdFZfZ2xncmtPZjdYQk1mT1NOY0Y2Vjl4dGJ4YmM1UQ?oc=5,0
FactCheck_C,https://news.google.com/rss/articles/CBMifkFVX3lxTE5IUTcxNHltdnpUR3hia0FxamN5b0hfLUFUbGtRUFpUYXFHTUI2a3JtTDE3anhwM0RKU0JyYjhDZzllN2g3MjliQ0hoWHk3OTFNZlNHbVRabWc5cmhRdEQ2cHhtVGw0QlpVMXEyaE0xb2lIa3dwZ09qY1E2aTNlUQ?oc=5,0
FactCheck_C,https://news.google.com/rss/articles/CBMie0FVX3lxTE5ldWk3SnowYVY5Y0I2a1A2VnFkSFI4OUNHVFhkRGJzU2ZydWFHM2RnbmUtV2NMUnY0OEtqY3pYRjRsbmJubHJsTUE5NkkxU0swTkFMQXhEUUlBNVdrMVVFUEdYMThMVFNudnJuS2JGZWYwTl82d3E4dWw0TQ?oc=5,0
FactCheck_C,https://news.google.com/rss/articles/CBMiiAFBVV95cUxNSnRveXNwTDd0ZXFWZ05Pa3FvWHMyWmZUWnVYVUhaZXdxU3FpOGk1MW84cmtsS3J6QTlEN3I4WXJhaUhzNWl0RlFxNkhLOGdmcE9mZDRETEFtNHBycjczUGctRTAxcjl3N1JMVkk4UGF6MWp4dEFoWWxyV2lwTFZnd1dWSFhtMHVQ?oc=5,0
FactCheck_C,https://news.google.com/rss/articles/CBMiiAFBVV95cUxPUGl6LUc2N1J0U2FDTlJfQjFHVXBsbnpLSHNpNzdjbEl1Z0xIMXVIMFFqdTYycUpGMUE5Tkx5a3Zfak1NVlpYdDd2VmNpR2JRRlFXOVlEQWhHb2tGTGY3NWloM3BOYWlLTHhKMVcwd0N2UmYxS0lpWGhnOHViQjZxbmE1ejh5UDMx?oc=5,0
FactCheck_C,https://news.google.com/rss/articles/CBMimAFBVV95cUxPdjBraTA5bDdVTjJRWlRiQXB3dEtHc1hLbDhJaml5QTNaSmpxc2Z3VVlMaENyVkdKOE1qcGZPTXFyOExmUlp4b3R6OXhWYm4xV1NhNjNtWHloMk9TbkdwTUVEUGNiNWYtT1pJNVJ1QnpDT003ei1yRDRTMjJqeVZzb1lWa0ZJWWhDWE9oTGlDSzl3c1d3N21BYQ?oc=5,0
FactCheck_C,https://news.google.com/rss/articles/CBMifEFVX3lxTE8wQmtGWVZ6WF96cnFpVC1WbUdFNlpjbXI5YmQ3QjJsVldTOUl5LXFiTy14VUJFR2VYOGN4LVMtelpmSUhVQVJRaUFTT0tvVmtYZWdjQ0RYNW4xcVFfdEQ2b3V3X3l3dGlkUUxJS1ZTSVgwdGxXTmlOTm9BRTU?oc=5,0
FactCheck_C,https://news.google.com/rss/articles/CBMickFVX3lxTE1neFloQlB1TlhzUWo4TUUxSDdTR29CZzN0R1JaRVgzNFJuZ2lMQWlYZWZDd29DUkxsdjhtVjM1V1BfMnFzdUM5R3k0RFJTUXFZUVV6QTI4RlAweFowSmx1TWd4ZjJIVUdLMG5BdEx2eWgzUQ?oc=5,0
FactCheck_C,https://news.google.com/rss/articles/CBMihgFBVV95cUxNWEEtZk5lLVFmbmRneGVZU2Racjh2U2J2QTRYV2dDSTVQSXZKaW03RUZFSXlFaER4cDJtbFhaQUl3SzlSX0ZZYkpnMGdmYWR1RHkyb2pIdkhPWDRVZHhpSXNOX09xRDMwb3RVOE44Z3FBMVFlTzBCXzlVTFQwYlU2ZzIyd0xpQQ?oc=5,0
FactCheck_C,https://news.google.com/rss/articles/CBMimAFBVV95cUxNRC1IVXd5Z2gydVNVU0FadkFJYWRuQXFpR093YUFGRVNPbjZvQTY5Vl9KYlRYWkVnSUMyVzZEdzQxUUF0R1F5QVNwdEZMY1ZpbU1TZXJ5WTBmUWRWMGFPN0R5U2RtUXc4bEZZZmVtMkN1eVFGSzdieHFCaUlja3FQVC1NSjkzWlRvMy1vcEQwX191NUtwbVI3LQ?oc=5,0
FactCheck_C,https://news.google.com/rss/articles/CBMiuAFBVV95cUxOM1ZxZlFVZWJub0Q2aVRjcUpXTG9fLWgyMEMwaFV5a0lYS3JZRVhMNVVMVGlIV2lvM09FY3UycmpvTzJoWE9iRVB1WnVBYUVuVzhoV3lVdXR6dnR6TW13TnhiVG5ERU9sWlBTeWhpdk9qS1RiVmFSdnlvSkNDQlRyWm51R1ZoX3lDZHlFUUYxNzRxYkV6OWNOcWZUeVFQcnVvN2hBYlp3RGFPaW1pZE1yZUFnOU9DTE1L?oc=5,0
FactCheck_C,https://news.google.com/rss/articles/CBMiWEFVX3lxTFBsT0lRYWljOHFQcEk3T0wxNTFleEVJczhuRWFod0ExZkc2RlN5M3dtMi14TjFSVjFIV3M1cjA4amJrTDBCYkNCMzVkXzBOV0ZVOWxSRExHNTA?oc=5,0
FactCheck_C,https://news.google.com/rss/articles/CBMigwFBVV95cUxOU3BpRG5HSzhpUUV6dHkxdEd4N0MzU1Q4dG54OV9VSzRWMkN0bFV3V3VqYWxwUC1ObFpVUl9WTUlvSlFxZW1zTEtBWWhrbXJJUFB3UVFobkMwOE1kOVJFQk50ZWNPMnQxbHhwcXhOTnpoX3hSeE1keHZER3FBMFhMUzc4cw?oc=5,0
FactCheck_C,https://news.google.com/rss/articles/CBMiiAFBVV95cUxOaEs0cmtXZ2tEZFdRUzdNSXMxYkV6YmJ0aDZJTi1rdE9OY2J4S29XYVcwVDlOQjBVaExNdS1reGRXQU5JTGNrOTVXTnBMZkwybk4wMHBYWjI1MloyV0I5d0xXRXFDanJyT0pueDRXcm5UTjA2YzhSamtNMVpYZUVlazJTUklFeGxV?oc=5,0
FactCheck_C,https://news.google.com/rss/articles/CBMiY0FVX3lxTE1VWXplbGVBbWRORGVWVG9pcHpKMWRFc1AtUi1UenpoZEUtQ0VmLWVNSWVKbng1VXl0dXdJSlpac3JIRlZkM1lYOU43Rm5OYmpoRjdVVDVOZnBDTmhQZzNUS1R1VQ?oc=5,0
FactCheck_C,https://news.google.com/rss/articles/CBMisAFBVV95cUxNbDQ2dGZHV01Jd2hRZHNtVzJacGxQeUxHLS1jVmY5dUNYZ1ZkVm82YnNlTnlaWnMtcXZGNUlHcHNSY29SWGFHcG9DXzdudnlXbXhrN0xYT0RLMlBLQUdiejdQMmkzdXNOT21zVkluN2lPZWlSTUR3OV9jRE1GY0labUNhSXZNdjR5WFB3SkFqbkNFbWpzanZVZUFyUkR2S2x4Q1k2blB0ZDVwSmxUdDBhUw?oc=5,0
FactCheck_C,https://news.google.com/rss/articles/CBMiY0FVX3lxTFBZVFE2Z2dVQm1KVlZ5ZzYtSkFpMzZHamRhOEdTa0hkYW9md09WTUlDZ01zXzNBY1lLR1h3MDRueEZPTmlmaFF6LXFNTHpTNkRDYms2TFZNLTV0V0RYeGZuUk1Ubw?oc=5,0
FactCheck_C,https://news.google.com/rss/articles/CBMimgFBVV95cUxNY19sd2JLTzNFeHRvaXVmamFUdkxWb2hWclRYMnMyRUZVV2paR1lnd2lqSFJjVFZjeVVGc0dhSmJpb0JnblFvX0dTbWpsUzN5bzc1MlA4V0xvZWFIWnVmbk5xM194OF9nd0lFUGd6dHNFSndiUkI2a0tlcmFqMUdpVlI2b2ZtdDh3TUJZV0NfRno5MlNTM09WTHhB?oc=5,0
FactCheck_C,https://news.google.com/rss/articles/CBMipgFBVV95cUxNb1d3LUlDeG81MHRaWHNCMHlaWE5XNWk2cGR1MXBYTGJkQ2xaX3dfNHR4UWZJMnV3bDgxNDBuLTUyRVV5bnBGSFRzeEpYMk5Wb2RSVnRwZUx2enozQXJEUlp4VWR0TGZtU2JQYWdSQlQ2ek1SUGQ3WkROSU5GdEU2U2psVEd2X24yaHVrR2xVdmRaWlRRaFc4YS1tSzJLVVZhQ3IybjJR?oc=5,0
FactCheck_C,https://news.google.com/rss/articles/CBMiowFBVV95cUxNTFl6YUJVZ0txUmhha1cwSWJjbUhMNy1mbGhFRWZlMmVkSGtZUF82SlRHUjgxTWpTLUZsR3RnY3JhRzB6TVdjQTVHVmFwLVlUVVYxajVmM0FLM1FreFh5VjY3LWczWlJpSGxmNTh5RW5WUUNGVHhhX1FDVW0wRnpnbjM0RnpPQy0xNGNIZUVQSHVLYXpOeFFIN29qZGVFSHU5V0xr?oc=5,0
FactCheck_C,https://news.google.com/rss/articles/CBMiV0FVX3lxTE5iRlJBYUpSY0daQTV4YVBRUURUUnk5dkpRRGlEQnNHZFRNeWZzbnpsbHJTV3Npa3B3SDVsbm1QS0NCV251UUhEUGxrcUg5TnBRQlNwYXctUQ?oc=5,0
FactCheck_C,https://news.google.com/rss/articles/CBMitgFBVV95cUxQbm5YbXE0bmRTaXBGWlNwVjhINjhObUJUWG9NLThOVFIzS0NsQ1MzUlBxMVV6NjRGOUdCYWJQN1VVbm1OdWNIQjBGSWl5RXhrUWJHNy1GR1FITUVFdHMybmdaWnJjTDFRNlM4NE5rZ0RhZ3lVWktqb1N0Q2s1dzBYN09tZUFya2Yzdy1qbXg0dDU4aDZ4YXF2cnhPZFJWY2VJdERsb1JrQVlxTVhUSHlyNnJuWGlmdw?oc=5,0
FactCheck_C,https://news.google.com/rss/articles/CBMia0FVX3lxTE92SXlZQTdTSmhYZHRoejZtcWVobng1ZW9xVVBsR2NXN25lYThjSVBMNk5RNHNwSlNTQjhocU5vSW9zd3E3VXFmcFJvWVhHTnBFY1c2YTVDWnVCUEhKM0FhbWc4NHRFQU1RQ3pN?oc=5,0
FactCheck_C,https://news.google.com/rss/articles/CBMihwFBVV95cUxOMmU3a2d2UG9IbGxCdFpBcHQxU3RJdFZSQ0NLRXo3UC0weDZnb2lqOHRNRE9tRnpLdlhiQ05tT2tVeW1wcmNPZXlYcHFGbEVfQnktMUZGTVdIVVRscUxEVmtCdjVIbnJkT3FTeEpnMnZVVUF5Xzk4SFdlanFPMTV2dEpaMm9zNnc?oc=5,0
FactCheck_C,https://news.google.com/rss/articles/CBMirwFBVV95cUxQN2xlbkxGWW51d0lOMVAtSjdUNzg1U0prVldqaU9qQ0tCd0J6T29GYTJpYXk1RlVmVkd2NGJOVkNPQzRGWnduN1lXRjRoV2pxRS03Q01IeHR3blk2S3cxMXUyQ2c1S1FQRERaOUhxZ3hya1pRTlhrTXY3NGJ6RTRNdVNRa2ZUM3pNOVVzSWNtMDRQY3BjQ2kzUndWTkRHRlhKWUdsaDlwNXRLaE16RVc0?oc=5,0
FactCheck_C,https://news.google.com/rss/articles/CBMiswFBVV95cUxObmZ6NkF0R1cyUmJrMEk2aTFCVjBGczBUbHZEcUlna2JRSWxtaXRRSXFackVrdTdIb3RSNXlyTmhjVkNLVzlFakVUeHFqamtBOVBmQWNscDR0Q1hLbnF5VGRfUWg1VnFGSzBfa1dzOXhYN0dPOW9kV3daVWp5ZXZMMktyNHdSS2VaQl9qMERHRlBtTUxpTGo5azV1ZVJSMmdCQTRWQWNzVGtYeVZVcjhRcjhtRQ?oc=5,0
FactCheck_C,https://news.google.com/rss/articles/CBMiV0FVX3lxTE1qZkw2LV9yYWJzVEFpSlFqQlRqNWNCeEJtYWowOWk4MEk5eG5JZXFmdE1JaFp6aVlOdzNaS1dMajVvY01TNXJKUHM3N0J1ejRMM0xZbXBFcw?oc=5,0
FactCheck_C,https://news.google.com/rss/articles/CBMiqwFBVV95cUxPQkM1LUdQNHd4WWh4MFo0UG5BbzhRcjlIWlFwT3JQdjBrVGJ2cE1mWVdZRkh0Y2dQWkE4cXNqa0dqMldsbmppTWNhWHlwWTlZckVESktyelM1RVF6ZXBjVzVrU3UwTXRQdV9TS2cwQTdMMWNtX2FKSG04dGxweENNNDY4aUhrTUxzQVlkTEgxaHk3NkdjVW1XakY5c3ZROXZZSTczTnZ4S3NRQk0?oc=5,0
FactCheck_C,https://news.google.com/rss/articles/CBMihAFBVV95cUxQZkUzYVZlTWhVNlU1dGFzNkM4QlQ4cWhKVzBaMnFsdmFPT0tDZzJxQWFUaGM1cG5NcHdodG5ZaE5iU0Y2UFkyZGhwT1RwbVVSNVc2Q0Q4RXc1Z244bnNNYkliQ1ZKQ0FtNnE3c3l5RnVBalhZSjJTRE9feUlnRTNxQzJlUzE?oc=5,0
FactCheck_C,https://news.google.com/rss/articles/CBMijgFBVV95cUxPbmFEcU9nWXI1cmhobTB3YUdNOXIxSGtialNMXzhDVllWbVRMZ3d2U3RuLVROUlNzLXZfS2FqQlZTdHpCOFBKM3hZNDdFSlJuMzljTFB4THFNTmdkYzFQYk90TlY3aFlkSjJDbl9aYTE2d01GY0s3LWNsMk80SnB3R0NYMXlmV2Z0S1B4dG5R?oc=5,0
FactCheck_C,https://news.google.com/rss/articles/CBMipwFBVV95cUxPTDR6RjVxb3pEYWNxbjBCcUo4Nk1Sbzk4ZWFBaW1iaGxXU1VRbGJJMTRUY0YwSXRNTDdPTklUY3p5ZVZVUl83QTF5aUlYbllEOFcyU1o0OVRncmtUWHFsWEd4ckR3N0VFLWdWeGVhV3hsRTAxNFl0X3BmY21yRzY4bHI5UEhGWG1NQ3Z1SFE3NUJzdGI2Y1otOF9OQUlLa1BsaFluTWl1WQ?oc=5,0
FactCheck_C,https://news.google.com/rss/articles/CBMifkFVX3lxTE01dm5sejhiZnBZRjZKaTY3UVNxRjkxZUtTdGt3SDQ4XzF2dXEzalVGMnBuT1lvNUI3X0lZdTFnTW9PSUZiNUJqZVd2cUZKS3NXRnlVNTBnRXk2TGNzblcyVllQWVM3aF9yeXJHTTFNYnNlZGlGWjctTmlNMEJ4UQ?oc=5,0
FactCheck_C,https://news.google.com/rss/articles/CBMidEFVX3lxTFBYcUVFUEtTMjV0M1o0a2ZOSEhFUlhFOFhGenhHTkVzdHVXMG5rMEJuVjQ3QURIUEo3ZmVGWHFSTDRDdTcxT09CekRoVWE4Nmd2NW1aS0dxOVFtU1pydzQ4ZGk0cFZBUDNTMlN1Yzc4WmhDQlJw?oc=5,0
FactCheck_C,https://news.google.com/rss/articles/CBMiW0FVX3lxTE1IOFYyWFlHTEFRRms0RmltdFR3cUNHMVE5dFRSZ3hDTlNyV212c0MtWXlNYjFnakVkUWMzc2hYNmtmRElBcWNDbmNtM3pCU0x5TmV5bXdMMWJTemM?oc=5,0
FactCheck_C,https://news.google.com/rss/articles/CBMimgFBVV95cUxNcjBEbTNIV1V6YmVjRG5renlNTHR3S0pyeHdOclplX3Y5eFktamNqN3NjOFBObEE0Y0ZXTXpTN0d3X1A4OXJOVzF0cW96Tm1uU2VzdlFVSzVYRkF0ZHQ2ZDlGdDJJUlRpSUdMY2ZFUW8tbWwzZmRUbnowV2VjVTJXanFvSzRiTTBJRDczR1NITFVQcE5PbDhLWHhn?oc=5,0
FactCheck_C,https://news.google.com/rss/articles/CBMimwFBVV95cUxNc3NWTzdqa0NSMXpiRkhSby1aMi1PT3Ntekd6Y1RpZUxRU0RSOWlsbUZtMThqdkZsT2N1bjNmY3Q3TzhtMWZMM0dES2c4SGFqRk5tMGlDLVNTSGtUZ0QtVGFveVhrdlRrcmg2NUpmVFB2cmZzTTRhOVhJWVVvTnFHT3FOMVdpVlpHcko0MURjbm90LU05V1BEcl8tYw?oc=5,0
FactCheck_C,https://news.google.com/rss/articles/CBMimAFBVV95cUxNTnRQV1c2bjNteXNrcjJpQl9WSGRQSWFMV2dqNjhraTY2cDZ1d2FseWNzcTByell1M1ktRmhzaENoTDlHTEU4VWVmNWlvYmM0YTlDZUZISDBySm1CM3Q3OHBmVnpOTGg4cUp3eFRfM1VNeHRvYkRZelZwVk1RWU9peG4zUzNKd3FicE9GbnlqRjAxMkxtMTRYNw?oc=5,0
FactCheck_C,https://news.google.com/rss/articles/CBMif0FVX3lxTE93SG1aS3JubWwzMGliT2lLTlF4czNEVVk2Vlh5dm42UmFYMlRLSlJxYVBhUzJMdnNranBPWjYtSGt5Tkw4eG1RMjNoR0JIOEktc1RSSHFNaDRRU0lXX2M4VkthbU9SZmMzZE8wQk5SVG1aeFMzdTFhTTlmTGlFbU0?oc=5,0
FactCheck_C,https://news.google.com/rss/articles/CBMipgFBVV95cUxOQlpaTmJIQ25Yd0c3d0JqVnpsOUpZMi1iUnNPNUdBVUExazlxTWRLcnFBdDdUSE8tQjdiOURsRDhMSU5KdHQxcXZ2VnZqM1BRSzloT1BOWmJnME4wTElRZ19reWVyWnBfOW44dlR2S0dlanBmYmRvQzFPMUlzU2xfaFRXMm00REJGOFp0c1IyWUxNRndPaTdVc3ZwQ2tqSUs1czNieDBR?oc=5,0
FactCheck_C,https://news.google.com/rss/articles/CBMijAFBVV95cUxNZ1dMTGZUYmwweFE0WHNWMnJtd1lNS3pJMk55a0lxYjY1VERNSnZwemNVZGl2ci11cGIxUjhVaXJYVTBWUzVRZDRhVi1PdjNfZGlBMGdDQ3pXV2QxaVVFdC1vTzNaeHJYLWRDS2lGQ25oMUFwVmhFc2FvZ1I3N2ptWmtoMHhSVDVFN0M0RA?oc=5,0
FactCheck_C,https://news.google.com/rss/articles/CBMimgFBVV95cUxNS1BfbkxlLWl2M3daQUVRa0IxMllDYTNKSndiSm9vMWphR3hnZ3czMlpiWHFpbndzTWt0UVV1dDY4OUNHS0VsVjl0WnZ5X2VOTzRnemVHX1ljQklJUTBpdkR6R0Q2VzNjUnpib2VZTFZzQ0hDMTNSSm43akpBbGRhTFQ0SlJUdDBXbGRJYTBSbTRaQVBCNHhuZ3Fn?oc=5,0
FactCheck_C,https://news.google.com/rss/articles/CBMieEFVX3lxTE5wMndfS3hxWmE0d1I2bUNTVmttTjRDbmR5b3FPQjRRSUNqMzMtNjBoMmlobXJJSFcyNFUxanpLa3l1SVBRdWxybnN3c0JjR0JBeEJyaGxZR1R0VXAwU1c3aHFvbEM0dnRvbkJEa2ZvR25MN0F2SHRWYw?oc=5,0
FactCheck_C,https://news.google.com/rss/articles/CBMinwFBVV95cUxORmRwd3VEM0doZ2hYenFtNjAzTTU3WHZlR2hjMWVXaVNEOEh2S1o3TGpZVm9McXVVZjNlRkl0SzhyMzYxUmtlMEtuWFh5MHp1ZmpRd0hNN2h5ZThOdUxUdzVJU3NWNDEzZzJrRjZEQ0UwRXgybU9mZkx2dU1MY0NjYWk2TVB3MlhXbzk1NHFLOXlZYmV1bUY1NWhFNnZpTDg?oc=5,0
FactCheck_C,https://news.google.com/rss/articles/CBMilAFBVV95cUxQaFFYVkREMGJGNV9LTlNEZ3I2RFFWaThaZ2puMXJhaUd4elRpZjlYdFk2TGt0dEsxdW9venVPMW5CQUVtZXB3Q2VEZ2xDNXBzdHhFeTM4Z1o2WWpVQW9EdzBnbGVoM3ZFMkhQVXRRN2p4T1NPcjFueG84WTU0b1N3T3lUa0p3SlU3NnhtNklZY0lsZnFZ?oc=5,0
FactCheck_C,https://news.google.com/rss/articles/CBMiggFBVV95cUxPSHZwcUNqbnpJdE1mUDlqZXRwQm41QWdZeEhnZmxsZEVJYzVUSnZERnpyaVcyV2F5UEU0ZERqbmtpQ1paa1NRX3R2VEtrelNVeXh5YjVPSldTLUxmdmdUandJdzBScngydXJvTC1taTB1TEoyaTBPenRFWnlqVDNXUlJ3?oc=5,0
FactCheck_C,https://news.google.com/rss/articles/CBMiWkFVX3lxTE02dnluSGdCb3EwV1hMSlZ3TEdGVDh3Q2lCYU9nVFZWSFNiRHRLNGJEVHoyTnJMSUVqRnE4OXA2Ri1VOTA4X2lTNi0tZF83Yl9NelQ4eTNkeFhQdw?oc=5,0
FactCheck_C,https://news.google.com/rss/articles/CBMib0FVX3lxTE1RYVhBWnZMalF6dDF3UWhoNHBqZ0xLR2lzWWtCZjA4OUdXbnlhNmhxUEdfM21EOGlycEk2YWFiWkZYdy1SUkRTLW5TY0xrVzYyU1paRzFfdlZ5eGI1aTNHSmRqVG94NExobTVyenN6OA?oc=5,0
FactCheck_C,https://news.google.com/rss/articles/CBMie0FVX3lxTE9TYTFNdWtndkFtRndRN2xVVXNpWUw2ak5NZzBxRzJ1VHBoTVF2ZXFKTzh5QjBiOTI3SXJ0cEF6OEJ1Z2dTa0lVYmpHRlJlZG9vbEpWdnZzOTQySk0xWTlYRUVtUkdWLWZHLUlIWG80LW5GUlNJWFhFb0FRaw?oc=5,0
FactCheck_C,https://news.google.com/rss/articles/CBMiowFBVV95cUxOcGN1TW1RcUplRlNkYi0yak9FNUZlWVlOeEl4Vk9yeFRTU2F5RVJuUnZQSHFDRTlYVVViTHRTTmwxMHVHb3hNVm1uWjhOYXY3dm52QlBGZHVnVVNvT3NxSXdiYmhRUGl4SmQzS1UyWV9XeENaSDgybFd6ZXNzdlZIeG9sLUliLWZpNG9SY3pKZFlWYllnSm8yaXMxTGlVYUNIdVlr?oc=5,0
FactCheck_C,https://news.google.com/rss/articles/CBMif0FVX3lxTE1QMUhlc0hFMWt5LWdFNEVCUWwydDJTZHFmZVJZRlVJTHRWamRoT3BhQUszUWVNajVMVWtRU05OdUJvNDVVWFdBYlgwaUk1QWtaekMzbWhTMXdyT3pjTEtxWnppeGZCa0sydDhmdzF2cUttbldsTUZGNU9NSHRsUzg?oc=5,0
FactCheck_C,https://news.google.com/rss/articles/CBMiTkFVX3lxTFBjQlJMYTVSc09aQVM0VHNhNWNGUm93dTRnV0hYU1V3Z0pnVjUyMWMtYnJkdHV3WW9PRHZ1dngyQUJXbWFQNEFtVlFjYlpkZw?oc=5,0
FactCheck_C,https://news.google.com/rss/articles/CBMimAFBVV95cUxPYW1LZjl3bnViN21RYW9IWS1sMFlmT2pfYTJTMkluVWxXaXlzd19FSXFiX1ZoRUFaMFBuaTZ6a1lTX1o0S1VxRk1Hb2lCdTRxQW8xV2lwVjNoSkQtWUtuZnJJZi1wczNkLWVFdGxiWW9QOXJfSlc4NFZpTmUzVHNzYmt2Yk9oZUotYktsVmVYUFd3eHZtaW9iMQ?oc=5,0
FactCheck_C,https://news.google.com/rss/articles/CBMipwFBVV95cUxPNi1rWHVzMWRTNTdkM0JBeFc4SG9HV3F6WTlVbXVWakdhNUY5ckhIZ3haQWtyS0tXd0tXX0lDWkR4NlVrOW5CMDZiM1JKakY1Sjh1S2tfNFptendlei1FaDdaSENIUFdvRU93Yk42N2dpUkk5V2k1dmVvTW9hZnBCTG02Q3B4WTVXdlNXWWRMV1pkZlhXdFFrTE55LVYtT3diVVNhWWhYbw?oc=5,0
FactCheck_C,https://news.google.com/rss/articles/CBMivAFBVV95cUxNb3poTFNmQ1dNb25FeWduRV9KWUIwWFI2RmdYd19uQXpsX3I0N3oxdmc2T2wzOGJUemFRSlJPRzJOc0xDcG4tZWsxc1pFTUcwQjB0a0dURjgtTWZSTmhvendSM0ZHYmVSdmM2SlctSElJRnoxdGE2ekUzeWxpZ3MyU3RfQnduR3o2T3MwMHJ4eWpvcDN3b1hsa3UxX1NFRzJDTEpvaU1DSjdZV0Q0bjBkSnhObnBBWEN2WFcyUQ?oc=5,0
FactCheck_C,https://news.google.com/rss/articles/CBMipwFBVV95cUxNclVjRkJlTm10MEp0NFgzMHBBZkN1YktpVnk0QmxEZjhuSy1OZ2p1NzdYODlER3d6Vm8tcEU0a05aSVRRZGR4b19CYXB6OVVMWTA4R0FRcFRjS20wUV9rWnpTZ0pHVFdyNlA5c2tYU1FBSlRyRXRpdldEUzR1d2Zpb1MzVFY2SC1mZWllUHQ1T3lmZlkweXZrd3JtdWdkOGFKckRlanJERQ?oc=5,0
FactCheck_C,https://news.google.com/rss/articles/CBMiY0FVX3lxTFByMXQtTG4tU1FPd0Y0emlndWFkbDdXY2cwcG5icW1vamQwYnEtU21VTUJjYnVsVWNjQXg2NnBXc0lLTFM1TlZzend1RzA2S3ZCNXNGNGZheVJUd2xWMGZYcUFrWQ?oc=5,0
FactCheck_C,https://news.google.com/rss/articles/CBMilgFBVV95cUxOUDlPTmhLbk5FVGdMVlRtX1lPZzhYQWJJZ01kOGtWTFN3Y2lKUi1kWHBRYlhZMk9OdWdLWkNjejRSQVJzTEpFU0YxN0M4a2tvWlpfU2xZSEpvQjh2QzdTWTZGeVU2RE9HSEJlVG1CNG1BVmxxTlpvaERhUUlZRUJlT1loQ3M0Ykkxd2FvUTdUR1RlZTJTWlE?oc=5,0
FactCheck_C,https://news.google.com/rss/articles/CBMiUEFVX3lxTE9wLTVuUUVDTXk3cW1PQTJic3pHelU4Z3hMaEMtMU5idkQwOUEwTW1UNi15eC1pSzhBSzNjMXBfaW9ITUdQRjhDNlBndW5QVnFi?oc=5,0
FactCheck_C,https://news.google.com/rss/articles/CBMisgFBVV95cUxNd0VjdzVJam41R3N1bXROSEQySk5DSFFFb1ZSa0JXdDY3QXhCY2pKUk43elZBSTFUVkhETXJWWE1tR01hT3UtZ0xIMUxQWWlzRHRxMHpIQVdyU3M3U2t5MjA2Sm9rd25TakRrZ05wNllHQjJZbmxxZm45S3BMb2JJektRSXpQbFhzYVZ2MTZnYzQ1bWJiQlhoZ3RRSHZvd0JGd3R3RXVyYmxlRnVuWlg5Wnp3?oc=5,0
FactCheck_C,https://news.google.com/rss/articles/CBMihwFBVV95cUxOX1lvLXkxSTE2UjBBdmhnVzQ4ZFYxdjZUU2tpQ0FNdk4tTkxHemcxLXJGekVVQTFVckcxQ3k1NGpaTTZvR1RUR1RCUTlENUtRNmdzUmpnWC00OVppaFEzT3dFWHRkR05iSnkwSzlIOXdwSnNhRHdndTUxdUlGb3RYYWhtbURvTkk?oc=5,0
FactCheck_C,https://news.google.com/rss/articles/CBMiaEFVX3lxTE1ZRGpFUEJiN0hDckp4QXlXald6MWxEWkVjLTNfWVlNc09DT0pfdHpIcGVJRnctd1hhMTRaa3NQMURyb3pvdURiQ0lqVDVZdlhVREhvVlcwd0tGaXRtM1JaNFk1TUZWRlRs?oc=5,0
Politifact_C,http://www.politifact.com/article/2026/feb/20/Trump-Obama-UFO-aliens-real/,0
Politifact_C,http://www.politifact.com/article/2026/feb/20/supreme-court-strikes-down-tariffs-Trump/,0
Politifact_C,http://www.politifact.com/article/2026/feb/20/naturalized-citizens-save-database-florida/,0
Politifact_C,http://www.politifact.com/factchecks/2026/feb/19/robert-f-kennedy-jr/chronic-disease-90-percent-health-spending-rfk/,0
Politifact_C,http://www.politifact.com/article/2026/feb/19/trump-black-history-museums-park-service/,0
Politifact_C,http://www.politifact.com/article/2026/feb/18/homeland-security-cisa-elections-save-america-act/,0
Politifact_C,http://www.politifact.com/factchecks/2026/feb/17/bruce-blakeman/comparing-tax-burdens-new-york-at-or-near-the-top/,0
Politifact_C,http://www.politifact.com/article/2026/feb/16/rfk-jr-hhs-promises-autism-vaccine/,0
Politifact_C,http://www.politifact.com/article/2026/feb/16/voter-id-beer-vote-Trump-Congress-Save-America-Act/,0
Politifact_C,http://www.politifact.com/factchecks/2026/feb/13/donald-trump/Minneapolis-Minnesota-immigration-crime-drop/,0
Politifact_C,http://www.politifact.com/factchecks/2026/feb/12/donald-trump/murder-crime-rate-lowest-125-years-FBI/,0
Politifact_C,http://www.politifact.com/article/2026/feb/09/Trump-Hunter-Hess-olympics-immigration-ICE-Italy/,0
Politifact_C,http://www.politifact.com/article/2026/feb/09/did-cooper-prison-settlement-release-suspect-in-fa/,0
TheHill_C,https://thehill.com/homenews/house/5749468-randy-fine-censure-house/,0
TheHill_C,https://thehill.com/homenews/house/5750176-anna-luna-criticizes-kennedy/,0
TheHill_C,https://thehill.com/policy/international/5750142-state-dept-shelter-mexico-cartel-leader-killing/,0
TheHill_C,https://thehill.com/homenews/5750115-jpmorgan-chase-trump-accounts/,0
TheHill_C,https://thehill.com/policy/international/5749854-europe-us-trade-relationship/,0
TheHill_C,https://thehill.com/policy/defense/5750101-diplomacy-best-way-stanton/,0
TheHill_C,https://thehill.com/policy/international/5750055-trump-tariffs-gop-support/,0
TheHill_C,https://thehill.com/homenews/state-watch/5750059-dewine-defends-haitian-migrants/,0
TheHill_C,https://thehill.com/policy/defense/5749941-araghchi-trump-iran-negotiations/,0
TheHill_C,https://thehill.com/opinion/white-house/5748755-truth-war-national-parks/,0
TheHill_C,https://thehill.com/opinion/campaign/5748482-stephen-a-smith-presidential-run/,0
TheHill_C,https://thehill.com/homenews/campaign/5749807-hunt-gop-leadership-generation/,0
TheHill_C,https://thehill.com/policy/healthcare/5748218-bhattacharya-cdc-nih-leadership-concern/,0
ProPublica_C,https://news.google.com/rss/articles/CBMifEFVX3lxTE1uQkctUkRvM1J2OW1RVG1VY1BSdU1nVFpRT3dNZi1abG5jNWF5NTRWcWY3RGVqNEdOZ0FyNVNRMWJWejFnZWNuZnp2Q1BqajR6MkdHMDFINVRQU0EzSnQ3bFNsSUJiRHJxRFhpQjh4ZGoxTXNfdU5Lc2hsLW4?oc=5,0
ProPublica_C,https://news.google.com/rss/articles/CBMioAFBVV95cUxQTVdmVGF4T2pPRzh2V1Rad1NLXzllOWIzeHoyN2t1bXE2UFFvSU1wWXE5aUV4cS1CNTZNNm85TEZGcGxCZE9VLWhPcGtHeS13NnN4TzNJN3IzVDIwSmNtNkNmNUJYcFpGazd4Z2Q1RXZrT3dOR3hUbnpTUnRJU1pTZUJJQmpNSVVwcW5qOG5sUWZLN1Raczg3dXhTVmZiZ01X?oc=5,0
ProPublica_C,https://news.google.com/rss/articles/CBMirAFBVV95cUxNYjAyMklNMnNSRm1FSk5xMVp6Q0E1aXVvOXFFOEc4WWdTMzRPS3Z4dFZrdkdWUzg1MGZCNkhsNzUzT1IwR1NGdVY3NW9lSzk3QktVaXU0RjBUeGk1Xzd6S1ZRQVptUW00N1otUklSaXMtVVFtWmRpNnp1MF9mbDVlQ0ktbFhDOG41NmxqbXJWUDVoS0VIUlJ2T0VlVDd4bmF3UXhBQWhGTmJQeXlQ?oc=5,0
ProPublica_C,https://news.google.com/rss/articles/CBMidEFVX3lxTE84MzJhOTRYVXl6SjJpWjJxaXlpRTFKYl9kVUo1MVp3WXc1ZzFWeGpOaVQ5WGs5UjZuaWp4MTRSUG5tcFB4SGVCMVZUQnZkZlB1UDZwcHViUXNEeDc2SUhSeVZJM21razVaYWpLSFlIZExHZEhk?oc=5,0
ProPublica_C,https://news.google.com/rss/articles/CBMigAFBVV95cUxOQ3BxcmkxWFNjZWwweUtxUFVwNm5zZENuM0VJS2NVRy01WkQ4TTNrMURyblZuazUzMVVuMXFOV2psRkRIWHNMTGcxTDV4emh6TW12SVVUdkpUUGFMMV9QM2lCNENueS1ZM0puZ2hwODE0Z25hY2plVXpIdEZSczJJag?oc=5,0
ProPublica_C,https://news.google.com/rss/articles/CBMijwFBVV95cUxOZFZtTDlYTVJNdTBybWhGR1RtUlVwNnV5THBrbkNfUjcycHVoeUl6b1JGV3J5d0JiUGRSSmQ2eDRhOUVaZlhERGs0R2gwc1o4aHY2aUdmaUkyS1dmQW8xYk1wWWwtQmF2d1RxRk4wNDBFcU1ja0ljZWhOaU1IRnc2ckthNHpBREd3Unk3QnFIbw?oc=5,0
ProPublica_C,https://news.google.com/rss/articles/CBMikwFBVV95cUxQb1RRZ09xRl9OTXY1aVFidzNJaVEyS1lHU25rRWNnc05xUWt5dzBSRjFaRDNlNW9fNDVfLVpDTVl6TXpiLWFRZ2VIdTZxYjJ1a1UyRHNrVXpCVFhPOU5sbXFxa3ZJbUpGRTR2UXlEQUtBQklWQnlFelFwS3YxMXVxa2NGeENkTUJTMUxKbEVweFRORm8?oc=5,0
ProPublica_C,https://news.google.com/rss/articles/CBMiigFBVV95cUxNYmhTNlp5a0NGbi1DaF9WVXJ0ZlhjVnl0d1lmNExuaW1sRW01SFVZcEpTS2Z6bHd0cGFYWW1lckFRSzA0M1MzNDJyUDNUQ18wZ25vVG1LT1djWUJuRnhxLXdtamlRSHdUSGJxelpldjVXWHdDVjVsMW9kMXI3YzFxWEFORDdhNml5Snc?oc=5,0
ProPublica_C,https://news.google.com/rss/articles/CBMilAFBVV95cUxNdjlBUFpFUXREZk1NWjl0OG9BSWNGUG4xbmo1aDNiVXZkTEI5TzFhVDVtSlRXSHhuOTEyaHF0N053SUxBcUpSaXpiMzZ0cnlaUmQ4TGF2RS1nSVlKQTdnSUxjVFRobnJsTV9nRWFmZkxPUkI1cjlaSmxzYUtPTVhmMXVnaThlVy1GdmFNbWt5dmIwcmJH?oc=5,0
ProPublica_C,https://news.google.com/rss/articles/CBMidEFVX3lxTE9WZ1FnOW5uY1puSzE1Z2NwakZWVUlFTUVfblJQX2FUS2NpRldfN1MxbzlGOFF0NVdXbmN5UENsSTY0VUtBczhERjJNWkgtWDFNVXJhbG9XdEZobm9aT0tvc0E1NXh3aC1Sc01JdHlvM1ZYV3ZG?oc=5,0
ProPublica_C,https://news.google.com/rss/articles/CBMidEFVX3lxTE9pSmw1clFEN3lPZFFFbWdfdURyaXVTMVF3OGotSG1ZY08wZEF5a1lKdnVWNDctc1Zud0lIMS1OSFV4ejZlb1hGcF9RZFlBRGJXcFpaaXZfV3JGaVR0ZzNvZi1hMmZnVXBkYWctdWJweE9reEx3?oc=5,0
ProPublica_C,https://news.google.com/rss/articles/CBMi3gFBVV95cUxONjZGN0V6YllkTFU0Nk9ndEtjUWJaeVpUSV9zUkxZUEhZRFY5UmtMN3dCWTBuZ0lwNUVKenJLc1FYVHZibWRuWWMzWGFUMDBBXy01bEljN0t4VXluT3JkbmR5NzgyMTBuWVlnaVRfb05HTk9EUmU2anlpV1VDUEFSS05uZ19YZk9SdU5FdUVWX1lYRTVvZzQxcjEzMGdMSFB3dFd3X0sta2hmZnJwLWFSN0Rnb0hHMTZQSUJNazJ2ckRFdXJLTVZ1Tl8xbnd3RlRqMUNVZmJNVjB3a0NBZ0E?oc=5,0
ProPublica_C,https://news.google.com/rss/articles/CBMidEFVX3lxTE5SMWQ3c09yLTZjRzBBNzFtX3FNUVpJaUJTOXVyNjRCSTZVcDM3dzVPQUI1c0UyRlZtQzU5OXBERmVnb3FqcDRabVhORkhrRzVtUXAxeGZVMnZ2SkNmZTJfTkhwc0pUZU1ZUWR5YnBmS25IVlU1?oc=5,0
ProPublica_C,https://news.google.com/rss/articles/CBMirgFBVV95cUxQS0pualRja2xPQ3Zqd3A3cjZPa0NfZ01kZURNd0VTYk5hRGJIa09qTE1WVnZVbkNFckdleWFZMFFCcWRVX1p6NmtnMkJFdlpSQ3djZldqYTItQzl3NFdkNUJZSEhWLUJYVjFYZi0wVE82SjI2Y2pEVm9PamVHNFNEU1dLdmROUFpZcFRPdWx5NjRKa005YUhRTWtIeVZIVUVTVGQ2a2wyTFlVRGxLY2c?oc=5,0
ProPublica_C,https://news.google.com/rss/articles/CBMidEFVX3lxTE9QUldTU0p2dl9IQW1zR3J1WjRRZ0l3dTE0aTZZWDUtaVBTdWFYZmlNTmtReldMRm5RMU9FQThMVGxSTTkzemRhcmJneWlfU3ZnYXJVaVdaemRkaU5ZVkl3Y1N1VDQ0bFlMYUIxNFJsUlRnVG1p?oc=5,0
ProPublica_C,https://news.google.com/rss/articles/CBMijwFBVV95cUxNZ3V3RzFjSG1KT1hvdzNWMWJtUXNlTlREQTBCV21iT0l6bUV6VU03eXJjVDhpQmVrVGN4MGVsaWpSRTduNTNvdXBXTDYtUjlpYXNCN1VNVy1ZSUJEME56b3VJejRMNW1xNlJ1enh0X3pRdVR0WmJKTVZrTlNPMFhLanc3RXBhWXBDa2txWmhaYw?oc=5,0
ProPublica_C,https://news.google.com/rss/articles/CBMidEFVX3lxTE84bkYyaWNEaWQtWWJtZm1vdnpyS2pSQmVFU3MzN3FGYzBiUHp4UEJZb1ZLbHozSXdaZmItYi01UnVwWEpfdjgxM1VucWg5Qlp2V3FGV2hVUjByRnVvQzU3TXJXR1AzcGhiOHpJb292b3lKYWEx?oc=5,0
ProPublica_C,https://news.google.com/rss/articles/CBMiiAFBVV95cUxQTEE2NDYwZWZqTnhwdG1ZQzFRUUJhbkoyZ2JoSHY5UXRvZlRXRmhmUzJfd0c4eEhKRHMyQ0IwZ200Z0QwYnRPcTJvbHExdWZDb2w4MUhCYkFWSHBleG5TbmF3T0hnVDFtb092bnI0NEdYUTR3UnlUdU1yUkVaOUdBckpDSi0wMGNj?oc=5,0
ProPublica_C,https://news.google.com/rss/articles/CBMiywFBVV95cUxNUnJCZl9jcE5fZGg3NG1VcXo4MjhkcktOeG1ycFFyWU1LczA4YjZtSVJUeG5lZGV2OGlUQXBwWW9Wc1JsbU1ZNFU0S0dFWmllOG43OFRRb21tdFdrcjlNNHdyYVNrd3dtTU16M3lkSFMyOXQzU0ZDdWN6eHZJQlBtemFSVTdZWVNUemI1TXVCdVVhQVVwUGVSVlRaUkZQU2xRelNseFIyWFdsNUJCeVR5SFNFOXdHbEYybFJFVV9yU05CZEI2Q2Y0RWp4Zw?oc=5,0
ProPublica_C,https://news.google.com/rss/articles/CBMikgFBVV95cUxOMVhoUlcxUE5kUjdaZU5EZWJ0TThtV0NOTUVFVnpsa0FwUjF2ZFMyRzBiODdtRjJvTXpGd0h1OFMtWUdMM19lOEo1Q3BScEdjVnJGYldtU2I5cC1KUkQwQUM1XzN3bE00REZpcVFaT01GTUprcmhCWVJ4SXd0UTZaelVaVmY1UkNPVjhBcGNTbnRDQQ?oc=5,0
ProPublica_C,https://news.google.com/rss/articles/CBMidEFVX3lxTE9HYVN1RFJxdkFUQTlELTdVYTk0QzFmV3ZpS1ZtR1lFdGxrd1hvTDVvM1JqUjZncTV1YXpmYzlPWGF5WGI0aDlOZ0FUdmZXYldoekRVbHBkOU5OWmQxczV3QVNQdFNnR2o4RldQdV90MFY3YVhx?oc=5,0
ProPublica_C,https://news.google.com/rss/articles/CBMidEFVX3lxTE90dWhYYU1na1VsVERXcUNGRV9HQ19CQ3QzTTdzZkhtNWF0OFBHUDdLcUZEODh5aTlIUTVlZjUwZlFpalMxc0F4ZzVkWUNvSHE4eEFob2JZQm9xMXR5dkNMUGZDb1ZuVkdHbEQxRTlkSjVYSmN2?oc=5,0
ProPublica_C,https://news.google.com/rss/articles/CBMidEFVX3lxTE9YaEdveVJyNFlzOVVOMklaSlVhY1QxaW9lSkNNYmFmZEM2eE5aRmI0WmhfeXVmZnhaTWE4QnhyNHlyOGR3bEhMblJES1NTMmxQYUt6bDYxb1NiSnMyUUFrMVJ0TWdzMGNwU3ZaZ1RXZEdlYmc0?oc=5,0
ProPublica_C,https://news.google.com/rss/articles/CBMigwFBVV95cUxNclRteDJtY1d1bmZGaUxodXBFeW1UeHIwV2stQ3ZzWHdqV1U4anp2NllBTWtrTl9xRS1ZdDdfVnFRTkZZbDRtdkYwZGRLTWRKVnB6UVQxdGdfMUh4d1ZkVmM5U0MtSlRXNmdFWTM2Z1MyMy1LaVIyZi04Q3I3U2R0M2NRRQ?oc=5,0
ProPublica_C,https://news.google.com/rss/articles/CBMidEFVX3lxTE9kbG9Obml1ZlkyN0FLc1hjWlRIQ0RqUVhMWGhwc1VRRlVmMXc2NU9XaG9sc0JxTFBDWmZiUFgtNVFFc05Fek02RGhVQXlMTlRCMnpRR2ZZLW9OUk9hX25GYmE3eHFzaXRiaDlTU2lSM2R4S040?oc=5,0
ProPublica_C,https://news.google.com/rss/articles/CBMiYkFVX3lxTE84M25WeFdOS1p6V0N0Vm5hbzdRZ05JZ2t4NjBWenlsZVpJSUJRODd0djZtcmJ6UmhxXzMxZW95T2p2OElCYndYS1VNUV8xY01ZQ1NFSURaN0FtNW5Bd3lQVWhR?oc=5,0
ProPublica_C,https://news.google.com/rss/articles/CBMiqwFBVV95cUxOMzJjT2wzQ01HQXNDZGVHLUluUE1UeFo5ZWtkWkdiOFk0ZGR4TnhuRzBveHMwOVZPSl9RNmZKWk1rTlRsRUtnQ0NhM3Y2LTQxd2FuOUdzR2dBUXV0aXRWTEhHdk5PcG1TSzF4ZFVDQkx3b0Jvb2RUSEZPRnFpNy1GSWVWWm81UElUYTBfNW42TVktdlBtVnpESjRkaDc3Q1FfbmxRVk1TY3AxVmM?oc=5,0
ProPublica_C,https://news.google.com/rss/articles/CBMidEFVX3lxTE9nVmV3YUtCRkVRZW1OaGNDeGhBWlIzTU5oR1k1ZDVPZnliU2JUb0ZUMVg2WTF3YWxJUjdZX19WSXVqblpSalNoOVoxeG94YkpYYVFXa1kyLV8wMVdLZURqWE5ZZENXLUhSX0pCMWc3QjJPcVlq?oc=5,0
ProPublica_C,https://news.google.com/rss/articles/CBMidEFVX3lxTFA2bWxXVUpNWDFYdWw5VnMwb05KOHlrRE5fQmdoNE1jaFFpcE8xaEp5OWxNUmZFREh2Nk9XTVRCTDdVVkxMendsNXhZWDhQQ0xST0JXaGMybGlKdXlQR1FUaHBoOVRNNWNQZkdZcWpVOVRCNzhr?oc=5,0
ProPublica_C,https://news.google.com/rss/articles/CBMingFBVV95cUxNRENwTzVzVk5pc1NDLTB6THdWRVFMUmlLbXhaWWZKbWk3MWM5aUc0dHplbkZHQW5Mc1EwamxqeW9xLU52T1VhT1pFOHNnVFg1Y1dEQWRKeGRwT3FoV3IzTjduaWxHNU9aSDVPMk0zMW1UMlQ4TFd6Mk0wSFdWVXlTRFkyQUNCSGJtSFdBbDF0UjRpckZ0am1jNjF0am1pUQ?oc=5,0
ProPublica_C,https://news.google.com/rss/articles/CBMidEFVX3lxTE9NR2Vaa2dSN2x4T1FYRHdQSXpCZkJKcXYyUC1oZ1JMSWxfNXpOengtUDdQTUVCQ1M2U0NSenVEaVo5NjZEeEtzeklUY09JVzNBeTFEV19kQlFocUZvcks5WEVJYXZXNGJwbHV1c3hqU2JsYlJF?oc=5,0
ProPublica_C,https://news.google.com/rss/articles/CBMidEFVX3lxTE1ybVlKLS1DMnUxdTU0Vlc4ckE0a0FrRGt0bVhOc0hJdGVXTWhfcEd0UGNxN1phRkYxTFhoTC1sLWFRUDkzWXFrSFFib1BuUzRDaldYd0N2NzdOemZVQndkak1uNG94OEVvZmdWR0ZXbEg0dWo5?oc=5,0
ProPublica_C,https://news.google.com/rss/articles/CBMiZEFVX3lxTE9LVW9xcnZFYjNrOS1pRzA2TzVuUFN4U2tVM3dIZkxmOHRoY0JYMnRJeUhUTmg0cGZWWFFYYWswanB2TnlDNDBVM2lyTEdMQXcxNmd3bW9hQmpoVDNwNHE5dGJIUUo?oc=5,0
ProPublica_C,https://news.google.com/rss/articles/CBMidEFVX3lxTE85YWdTYWZWWGpka014WXVGcUJweTYtZEhSZElNODVSUVZkTUF2am1jWk41NEV2MnBXM1hfWXRCcDcxMFRwWlF0Nzd3cnY0b0ZDSHBpZjNiUHRKUk5mLWxBTFM0M2VCMmp3bHZiNUE2X0F4TU5o?oc=5,0
ProPublica_C,https://news.google.com/rss/articles/CBMidEFVX3lxTFBNRnhhUzZlZmdISVpPSDR2NVJIUzBEYktpQXNxaWdhUjBmdXc0TDdvejFZZVQtTW9GU3pzTFlKOUdkT01RUWpZcTE1VFpWQnhvSEhYSC1DY1JQaHRxTDVTTHE0VURZVUZMNHlxcjhldTFBdWs0?oc=5,0
ProPublica_C,https://news.google.com/rss/articles/CBMitAFBVV95cUxNMm1TMUk4cWhJLXZiVmc0RkJxd3p2UnZscDZtUTFlNXJ1a0NIOERNRDJTMlQzVWt6MkZfTzdBQ0hYV3dud2JVVXdpRlNEeWhtMnR6NkZaeHBrVFM4Z3I1bTZtMUN6RUxpc1dTLXlYUWNHUkU1VVBCWUJsZHRDVE9OYXJ3WU90Z0taNENYRzR3ZC1oZ3hHLThFNzVQUUxLWDlOT2FLSUFmVDd6dFo0b1Z4NG05SlY?oc=5,0
ProPublica_C,https://news.google.com/rss/articles/CBMidEFVX3lxTE9KUk9Nb1ZwS25tUEJqWGlLbmNDem1OeDdtR0M0dHFFc2xlTDJHcDhoWmN0Y0FpMlV0YmhkYndzZzAwZW1zSHRXcEY2a0hBN0RpeE1zcnRERDFfTVR4Mkd1QndYNW9EVTQ1SEtldGVmMnlDX2Ri?oc=5,0
ProPublica_C,https://news.google.com/rss/articles/CBMidEFVX3lxTFBoSnQ0UXUtZEtrcy1ZbmxqVjZyMm5KU0ZZMEVUNnlkcVJOcDN3cU55Vldsc3R0SjFCYS0yY0o2SjZzM1dzOXh3TnQxVWJCUTMya3gxVmJGMElhbHBsdGJuM19TSFd5eUZNTXVRblk4eDhhU0tP?oc=5,0
ProPublica_C,https://news.google.com/rss/articles/CBMiygFBVV95cUxPSXJDTHdJbk0xczRtVzRoa0FXVlZmZl9qTXlEMmY3SkNOVFRiWEY0YlNiUjk1bmZVbXBIUVR4NXFmUDBTQ1pnOUFyTlYyTGRjYllYWnZra0pUV3hlUDAwUGtqRlV1ZTJfR2lBQ2VJVGR6SDNFek9LOVZQX1FPcTg2U0oxYTFOLXEtcG10VURkaGZEaFluc3diVmstdHZ3T2YtbmJoOHFzSjZmbDREU2w4dlJrdXdkdUMwaGlLTkNfamRzX3RJQ3hSRlRR?oc=5,0
ProPublica_C,https://news.google.com/rss/articles/CBMidEFVX3lxTE9JLWl3S1ByRTZkZFNuRHlxZ05BSjNJMnVzOTgtRHFHcXZkMWdURVFmLWFtTDhBUTk5NEJLOUJmTjZJbFRNWjI3cmdTTE1Pam8wZ2pYZ19pRnpSbnNtM2thQXlfRnNJTng4b01iTFcxNWhJY3U2?oc=5,0
ProPublica_C,https://news.google.com/rss/articles/CBMidEFVX3lxTE5hWHQxYVFQSXRRN1d3TDBzcDBYNTFuaWJ5Y3J5UXBRLURLcDFGS09UUi1XUGNwd3JuNmMza2ZpTEdkWHBmajBSb0t5NlZyZmpNMXBoT19UMHZuczRTcm1Dc0ZEQk5yZ0RObHhvT0FiNFN5SldQ?oc=5,0
ProPublica_C,https://news.google.com/rss/articles/CBMidEFVX3lxTE10V0hTN2FyVndaOFN3U05xOHNIRFhSWXc0LXdDcW1GbERXa3ltRHJ4ZnlfdXBVY2xKS0g1MTlYeFJjVnNWR3NyQ0o4U3JvclhwcDNJQThNTkdBcFNfQUFwNnZBVVdTRlpieEE4bXNkNC1CaEJ0?oc=5,0
ProPublica_C,https://news.google.com/rss/articles/CBMi6gFBVV95cUxNNkdXcmRSRTBLQU02Ti04MGJZWUUxekx3RTd1UmZFRFR2SkFyNS1CU2I4YW1GbUpudVdKamViSEF0eS1QMVdEYjVtTmN0OFpCSVplVy1NeEk0RG1NOGFGN0p5SmlPdllQVEdyV1gxYkxNenNMSzZlcFBYVzNUWndsd29CRHdMSi1faVhkVHNWLWRrT01DWC1GUGhkU0hXS1hRTkw5LVNpd2YyNDlRYWY1Y3ZQRV9xUkxiNzhPckZ5aUFKYWEwWF9hMVV3dEQzOW9IOWloT1ExUE12U1AzQ2pVZGdPazIwbUZqYnc?oc=5,0
ProPublica_C,https://news.google.com/rss/articles/CBMimgFBVV95cUxPYkc0dUxGc3ljWFJ1ZU9QMEpERWhoU1hvZkoydE9zUnhVNGJ0UGRMMlNwRk53Q3VycVNFcXVVV0c5SFhqN2JvOVRfTEhJeFdSc1NjemdkMEtNQkd2T042RjljRVZ4aWFEZFREWjM2bzdXU3hUVE1RRDRtSWJsdXI4dFNPbFJWTDJSd2kteTFlbEo3OUpTQ3RDRmpB?oc=5,0
ProPublica_C,https://news.google.com/rss/articles/CBMidEFVX3lxTE50eGUzZC01Ti0zSV9RTmVKOVYyWFBCYUc2WXJxeXR0VTlBbmRQa1UxTXlPbGdVSnVPOFZkWVJQc0ladmxqd0xLanNyRE96NVNCTnNfOWpnelVKempTQjhDMXlsTnFoVjhac1o2TmsxRVVfSGNZ?oc=5,0
ProPublica_C,https://news.google.com/rss/articles/CBMidEFVX3lxTE5FZVZWQnVTYXdfNTdBOU52czYxd3djN09TLUxLdXUyRk5WbHBpMWdjZzhNNENPcmg3eVRtUEhLazI1Zmhvem9hQjl3OFExb1NJMUp4bHItRV9JYkZCQTduakMwenNOLVVOMXhnRjhzZ2tJUTVz?oc=5,0
ProPublica_C,https://news.google.com/rss/articles/CBMidEFVX3lxTE03X0wtdU1CV3ppQVByZW5TNlppZkxEUEkzYVh3NldVeGdrR21vU3lYRmVnSi1fNWozWm5fb3F0bHRNWTc2dmhTZFItc3luQnlMNXJBUmg4cG9EZ1k0N0g2RjFUWmFudG1zbkRRUEJORmd5clE0?oc=5,0
ProPublica_C,https://news.google.com/rss/articles/CBMidEFVX3lxTE83MmY3OFJfTzg4WjVQemNzMFQ3YWczVTkybFZjMUVQMEczU1JXMDlUcmYwcEY3a3Z4QXFXNUlQVmwwOElHeHZCZnZKTWtiU0tvOU41dkpycGtKd2FCVXRld3Znb01tYzJPVkEzczQ2ZHIyeFlJ?oc=5,0
ProPublica_C,https://news.google.com/rss/articles/CBMikgFBVV95cUxQRC1hRXlqVWw1MWtjMVZnWmd6SF83Sk5zLTNaTFZlUm1NRlRzRmR4ZnZoMV8tVDZUVEk4bXJzaHpBaHFOYWZPZVJueHVpVHpGRFBIbW9KRDdOZnJFazdyWnNYN0pnM3Y1QkpHamZWSkIyS3loS2pxeTlxM0FMU0w4Q29MZVI4X3d4Vk4tQnN3ZDZadw?oc=5,0
ProPublica_C,https://news.google.com/rss/articles/CBMiugFBVV95cUxQOHBGZ1FPZ3dER3lrQU0zU3B2TmhwUEtKVDBQQy1QbWJiY2o3RUM0TlZEbFlWeWVGcWhCT3plUjNNZzJXQkt5eW9LMHlHUmZQcjhoR2pJSVBTdUdyaDltUW5NTmNDelk3ZzFTQUcxUVBvaDZGLVJKNHcyeFpHZTMxQ3JILXlQY0FpOHlqQmJER0h3N0pqY1JTSlluWGVLMkdYQzRDSmZNZTBtcE43bmFvb3JpaEhYTGFXaGc?oc=5,0
ProPublica_C,https://news.google.com/rss/articles/CBMiuAFBVV95cUxNeDYwUDZwY190dVRZd3VyaTV2a0YyVmRpcjhlWEJGa0JEUkIwTHBTbWVpWVgxY053a1Q2bDdYRmRWcWNOR1Z6X2J1UGN5SHZaNndZMGlNS0dQUnU0Qjl6TGdjYlZDS1ZmWFlsbFYwdDNfOWUzMEY0Y3VQR3FCN0tlc08yR3NEekFFT1YxSWVxMkM4TTdnUk5iMk92ZmhzQUpoNjFUbUt6UnRRYTdsSG9EQjV4RDJMNG5i?oc=5,0
ProPublica_C,https://news.google.com/rss/articles/CBMidEFVX3lxTE1HQ1U1YXRFNXhIUTdlU2oyQkd5eENhRHNVQ2FfNi1yMGhwRVp6alNUUVJCZTRCZVJnSmlsRF9nWnRNU0gyWXhxMkV6VDZHdmRqYWEtV0c2NDRkcUF5X1ZOTUtJc2tTbGhWd25LTkdvWklKbVJy?oc=5,0
ProPublica_C,https://news.google.com/rss/articles/CBMiiAFBVV95cUxNTWRWY256UU95RVg5Y1pRMUNmRzdwQ3Z5akRSdTZzdklBSXc2V0xPQTAybVZxSURJbnZmZnp0cllQbFFCRmd3SXhITkJ1TnB3RTB3dUhPTGl4STZMQTRYTGFfWTduZm1fNGpkTC11Qk85UTdOX0Q1RGNHZUJIb0FiMnlTQ0ZSVnVp?oc=5,0
ProPublica_C,https://news.google.com/rss/articles/CBMiugFBVV95cUxOT0pPOUdsQmpfNXl0T2h3VzhKMFE1YU5Pd2JQbW1KeDBISlhJcWNTcF9BUkdXbFBJdEx6X2M3Qkh1UmFlV2FYVmtWc2RJcWEwU3U1N1ZYYU5vOXp6VEVKSVd3czcxUm41clFNNnpOUWswODJUcW9LeExLWEJ4NlR4Y0JxVDBtdk9BZmtndzZQd0RaN2pPMjh4bHR3M0tJbDYzazN5YUszZ0lDS0hsUG1iN1RDZ0ZyVFpuUVE?oc=5,0
ProPublica_C,https://news.google.com/rss/articles/CBMidEFVX3lxTE95Zmh2R1N5dWJXcFAxTnlsVTFqQ3I0YzB5SHVEZGw2OHY0TFd1OUtaaUN0c2tOcjJnSUpUalI2cDJQTVRBdUtxN2RpSTA5RHhiRnRRY1lyY3BDZVZGWVpLdFVIQjBRTXBBWFAyVUtUeVRub3pj?oc=5,0
ProPublica_C,https://news.google.com/rss/articles/CBMidEFVX3lxTFBlVndoRW5SUWozNVMtWndvbWVzSFFmTzRmRXBRNnp5Q2tFbXRueWkzY1VxMlJhMVo5ZnpsZFFrVXhRUjNRcDF1ck5UbjRGdXpHeWdGUmVUVnRNMC1yblAtRTVPY2xrLWh6VGtHVlJJMUlmdmJk?oc=5,0
ProPublica_C,https://news.google.com/rss/articles/CBMidEFVX3lxTE82c1pVYjNWTUxZZTQ0TzNRQlZCTWd6QUMwSk5yXzUzdnU1Z21mQlJoZ2pWeE1OaWJwUm9UY0lkbWp4MHR1UGtEbkc1b29IZm9pNXh3T0Vfd0U2MWJPQXFBOHNLSTZ3dWpYQ2pSN1VWQVg3QXJ5?oc=5,0
ProPublica_C,https://news.google.com/rss/articles/CBMidEFVX3lxTE9ONEVfc3FOS1BMYzl3MktrbldUc2hERHpHVWEwcDFock5fQllmbFI5c3BhQlpOWUVzLWtMdkd5Z1R4OFRzbmkyZlZ6YzJWREc4ekxMelRzZ3gwSGU1MDhyNnhsMkY3eXhHMUU1SEJKanowNzlP?oc=5,0
ProPublica_C,https://news.google.com/rss/articles/CBMigwFBVV95cUxPQ3NFRlV6dUxvVkNBQUtzVWxCb24yT1Rnc2VWUmRwZHQxMVdlVzI2MS1HY2VRbFdIUm5mU3FXR2hrdTBzNkpqVVJaeURPSlo2QkYyMmVlaWFVWlQtMHBwdEd5MFFWc19RSS1ja1FlSS16VzBTOERWcm9yaDA3d1NyaVRFVQ?oc=5,0
ProPublica_C,https://news.google.com/rss/articles/CBMic0FVX3lxTE9zaE9LM2FhRmhXeUxueDRSb2pkdVpHNmNyRVRaUWppT2tqb21DbnA2dG1XcWRUSFhCSlJNcVZqWGc1dXJWUng0RXh0dVFaV2dFcmg0M2pPQU5RWEtheUZocjFzempwakdGNUtUUk9qc3lVYTQ?oc=5,0
ProPublica_C,https://news.google.com/rss/articles/CBMilAFBVV95cUxNZ3R1RXVQV1JnSjh3WVV4aXRXSHBoNG5LUXZWRW8xNVVlWkE3ZHREM0wzSFRvam5lQTdScWxZazhPQUpKcEJuTkplcERDTWl0OE50TEJiN1Q3aW9iZmlfcnYtNTBtWHdXWUZpUm50VXh2dnJYQjI3bWlKRFgzcFJLcDNkY2REVVg0c01QX1lidkNQXzdO?oc=5,0
ProPublica_C,https://news.google.com/rss/articles/CBMioAFBVV95cUxNSHJqTnRvc01GMi1TV0h1MUhURVVfOTR0ZnJVZXkybGFLb2t0bnVWRmZhTU1HN2xoUzhoTGpEbGpCc19DRkg5VXFFS3lGU0JoeGZUZjhlaFFsbXNvVXFIVmZoMG5TMUx2bEdERHEzX2dZMzRGQWJzSHBGSTJ5UmpuT3FIVEtKVkNkNXhNMnRJd1djSko5QU9sT19SSTlBSjlx?oc=5,0
ProPublica_C,https://news.google.com/rss/articles/CBMijAFBVV95cUxORnE4N3BHU0ZKOXpfSmxKSGtVd0R4dFhURW5NRlQtWjdad2RMaEdnakdYcDNPWVVuMThaa3JETHBqSFVtTEpSUGdsNl96YnhEYjFGYzE4ODZxbzM0TGdmdUYxQ04tTXpOa3MzWm05X05pSU10ZVZWTDgxSkhtZWQ3dTZrUVJKcGxtZ0kyWg?oc=5,0
ProPublica_C,https://news.google.com/rss/articles/CBMidEFVX3lxTE56Ri1jZE9ZSC1pMmc0OG5XUWhjX0tBZzdoLUk1aXJ2MjVpOER3eTVUcmlEbEpVZ3lGaDl4WXpWWWdFVkc1WnJIZ2NYRHdjeXdNOFJYcmpPbExNcmREXzdpVlgtbWpXSkJoZ0Q4STNmWFpZSmFH?oc=5,0
ProPublica_C,https://news.google.com/rss/articles/CBMidEFVX3lxTE5CMzY3RGdkcXhxVS11a21MR0I4ZXB6bWlNQUxrNVJPeG9KNF9BckVPU3ZUU0lPb0RWSWVGTGY0dF92MXBJbUpBcUFuNHFlM3NsWWJ0djdET3o0UzlNZkpISDZyMG5wa2xXeE1Edlc1d2t2ZG5W?oc=5,0
ProPublica_C,https://news.google.com/rss/articles/CBMi0gFBVV95cUxOVzJIZVFkRjhEOW5EZUJ5dk1teWs4aWR6T1Y2eTNkWUxlcGFLNjVLN3FyRldxaUc1Sk1GZ3BwaEw1X1JUVlZMclkxMTNOaGxrSXctOUdlVkg1SGlEeTZVOGpkc3lBVUpiLTE1emtQeWZDRWFvT2NnTmphelJUQWtfanJOdFAyU0FPNkZETmNQTkdPLXhRY3lvR2oycWY1WWFKWWlCbkw4SHRBSDRLMVBqVjNQQjRBb0ZjTndIWnNWU1YyOE5rMTAzRDhMQzZUcmtQYmc?oc=5,0
ProPublica_C,https://news.google.com/rss/articles/CBMiekFVX3lxTE1JYlRJMjg2UHBvcmRydHFXOUxkZ2Z3eHd0WndtYzNEeEhMOXJTaW9Ma0lNYzdqTlplalB1TUxQa3NERjVnSFdwUHNJX2tUWmtsNHhGVHhuZGFldTlBSlg5YXJYRG0yNmhvNHBnMnNBME1ROUNHbnlPYnlR?oc=5,0
ProPublica_C,https://news.google.com/rss/articles/CBMidEFVX3lxTE43VHJ3cnFMaUltdnRJc2pMMHpucGIybGVoZmpkOTdYcXA5dmZCR3E0dGlnTW1Vbm9jMUJnQldIeGhoSDcwZjU0QWEyR2xuQmxLdFRuRzdtRDBIZlgwMTVsdzRRV3NkS18tU1NadERnek1Qdk9a?oc=5,0
ProPublica_C,https://news.google.com/rss/articles/CBMiowFBVV95cUxPaVgzbTF0TWVJTGFxLVBRNmNrYmFvSGhrWW1JVE1xYUU3Um9WX1BNSTg5S2gzLXZtZTFVWlMwTmNFWTJLdkRDVExhRkJ5RzFwSDUwbHZodjlOaFFuSng2Uk5YbHhaZW43bVo2ZHRsTW9NTzZSQTMyN1hQa3JvQ045d1NVaEVHWWpTRUlreEEyeER3MW41c0lsNkRCUmtaZEZYOXZJ?oc=5,0
ProPublica_C,https://news.google.com/rss/articles/CBMic0FVX3lxTE43THA4aXNZU2pWRndIWE14bzZaaVE3RDNGTlhSVnRVNkFuZEJOUmlSQjdGejYwam1QOVpTdWVTbUFjZDNmWU1mNnNDQ1owVmo4QzdkdVd0TGFVY1Z6cjhfdnNWSk1fc05RSnZEZl9SakJVdzg?oc=5,0
ProPublica_C,https://news.google.com/rss/articles/CBMidEFVX3lxTFBOUWQ2NENSZ19YRTJiMEJvQmJOZnZKWjhONW16bGloY2xmMlpqNmVpQkZBOEJJVUstQTk1Q3g1Ymk1YUpCQ0tqVlJfckF4RzhrZkR1M1BWdVUwX1ZPYTN5cWQ0UTNNcXhfUDNfWjNCalJRaHA1?oc=5,0
ProPublica_C,https://news.google.com/rss/articles/CBMimgFBVV95cUxPS1IwMEFyTEotMlZPVlNuNUJWVklzZ1JBYjlEMlZxWWlNN0lmWTBqVXdUVXBuaUhYaEZ0TjBDbUM4UmRyMmlzUi1YeFctV1VibjE1dWtwNUtCektWUll1S0RWWE1TYjBIeFVFZ1dadFR0NTJ5eURYR0paTHhScVFDaXN5V3hhTS1BT25WNXQ1WXZhLVZTZUtCUmdB?oc=5,0
ProPublica_C,https://news.google.com/rss/articles/CBMidEFVX3lxTE15UkJIZDM5SDdua21ReVZULXNKUXdjaF9kYnRudmlBN2xLQ0cwTFhtb3I5LUVhdzdoMmh6bUJTdDRVbE94WjVILUYwb3NLYVppTGpTT0h1dHhwR0Qxbkoxc3VrcDZFdExNck9PbUl1bnNiWHEz?oc=5,0
ProPublica_C,https://news.google.com/rss/articles/CBMidEFVX3lxTE1kcnJzOE1QWHVsZkNzZXFIMEVMd2hJN0dFdmg4RWpoWDg2d3p2QVdWdXRzcjYxdF9LbnlUekVtbXZYdXhac29wck94UHZuLXRicGhCbXd4Qnk0TXZvZXJtcVJYMjEzckNTVXNackxVNHJwUTJX?oc=5,0
ProPublica_C,https://news.google.com/rss/articles/CBMidEFVX3lxTFBiWVNJR01YWjFPa1NyN0hhaTF1bHRUUVF6WmEwdUFkTGxGS1JxeWdUU3BJczh0RmdhcHlFVzlvZXVscFJTN3JwWk9rUTY0SDc3REhtaEQydm92a0JBdW9XOVNqUGoyWjh1akNBdUl1MEhvVDNR?oc=5,0
ProPublica_C,https://news.google.com/rss/articles/CBMioAFBVV95cUxOeTlGZTRLRHN6bEJLem10TkpISnZldHlrVkdfaDRBMy01SnRvVGMxSVVqOVI3Mmh6d2RXcGc4d0pOQzVmQUZKZkMwUndMNkY3ckZWSVpJTUd6TF9naWFvU3JNa29BbjdLVlBLS056ZXR1NHh3VGpXUV94bnc1NU9fVEpCbURHUHpWYkphRHdyWU9VTDlRN0ZURDJfZXNjQ3FI?oc=5,0
ProPublica_C,https://news.google.com/rss/articles/CBMidEFVX3lxTFBLVGhCTUotYzJfN1VGRkw0Y3lSTkJVLWRzbHo4dGlaMDNjS2lVeHFsa1U5MFZpb09HbTd6d2poa0J4QjRhU2JlUkVBR05DTUlveFB3X250ajA0RG9WMXFTMXd5RXF0OVhseTBNUWUxSGRBYUds?oc=5,0
ProPublica_C,https://news.google.com/rss/articles/CBMiggFBVV95cUxQR1dpTzd6VTNpSjB0S1BDSzI0ZlhvLWhSdlZCR2xvVHJiVUZQSEFYWDV4MlhUQkJkZF9xU3hHc3JGNnViZGJHVV9YNFVGOWNnbTJXdDFGM0pOcmUwOTVna1pLTDlqYjA2cEVucks0Znc2QjZ2WUxKVGVpb0QzOV9EeHRn?oc=5,0
ProPublica_C,https://news.google.com/rss/articles/CBMidEFVX3lxTE1aRzd1dEc2M3o1RTJHNU1mSmg3RllMRzRwSUhQUmxYQmcwOWUxU3VfQUJBYTNQaTFhclVrdmdIN3NVRmJjLWtyUWlmVXRxZ1NxS0piWnFwQlVfclI5UWx3VTU1cGd4UWJrT0xYMzZrUlFNWUk2?oc=5,0
ProPublica_C,https://news.google.com/rss/articles/CBMinwFBVV95cUxQRzZGdV9ZcGliNlozZFNMdGxYMXdJczdNZ2N1WENQc09EcWo4RVJ4Q0VoUGdSMWthUTd5czNyaVpjbUp0bHdkMjYzYklneGVHYlVKTV9fY2lkWHRMUVBuT20wRmJYOE5UY3YwcXN1NUpKYUlRQ0Q3S1lPcUotUks3T1VYZEhqSUtuRjhoWXN0TXd4ajY2aEZUbFh1VHlGZGs?oc=5,0
ProPublica_C,https://news.google.com/rss/articles/CBMijgFBVV95cUxOMFNjZFpOZHF2UjM1MXM2cWduWURiV1p6X0kwb3dta2UwTlB4dTNZY3JtcFVyRk9rZXNwczRYODFiYnN5SFgzMm9FaE5Jd1YtZGtteHppUnR5MUxwVHpFcWhCN0xLRzM4TmE5ZGRGSlZhQ01wZjBEOF9ib2V4ZHNBRDlsaDRnTnBEMmI0bldR?oc=5,0
ProPublica_C,https://news.google.com/rss/articles/CBMidEFVX3lxTE50amIwNHBJTUI4VkNPNzVTS25qelJ4RVNZd1I4aHBDUlRWTmR2cFVUOE5XVnRTVVRpbmZkOXh4RTlCa19TSE43TGJvOWR4QnJEX19zcENBOHBVbVRFRjYwUUgyT3hxV1RXTFFwNFVYWDJfY2lF?oc=5,0
ProPublica_C,https://news.google.com/rss/articles/CBMidEFVX3lxTFBqUmlnWlNkaHlxWF82WWtEa1JwTDhqbzIyUVB1OU1kdDA1M1NfRVFaU3Zob2M4bTJfVnZrcDdXdTF2N2NqczV5dDg3clc0R3VsYkhJd1RWeU5rUGd1Vks4czF4R3cwbG95QkFlSmFXZFVTSjRV?oc=5,0
ProPublica_C,https://news.google.com/rss/articles/CBMikwFBVV95cUxQdktpU3haaFhPSFF2OW1vaXVENFN4TXpoYkptYXRvVE84cklzeUlCQ0ZudFB5WjBidDdfU3BKbUZyREJHYTVJWlFzbTZTdkxJejVVWTJQQ3ItS2NBSnV5aHFqTU9DU0gwVTNFbV95VEVQZjJ4Y0JJWlRrWDN5RVl4Q1dHc2t6cmJiUmhUbUF6NExxaVk?oc=5,0
ProPublica_C,https://news.google.com/rss/articles/CBMidEFVX3lxTE9tMzZXY0RVRWZQTjFrRkN0bEsySG02a3kya2dqV1NqZ2plcWRtNEdiVVpTWUdhSDNzLVg2ZGVJTS03YmpnYWNsRHduVDRaVmNWcWtvWnd1VFlhMzdNLUJhUG02Q2pXbXFvQzdNbzFnOHNkcWxO?oc=5,0
ProPublica_C,https://news.google.com/rss/articles/CBMidEFVX3lxTE50OEZaQW5TUkVnSW9TbVdfNVY3dGhYTURGRDZfTndrRDMtVHhWS0dXdXRNME9lbW1GSGhTNGU3cWpkQkpJS1RUVmZqYVZIV1MwQzZacEctYTVFS3Z0MEtyZGpoNUJ4MllQVzFScGxaSkdJNWRo?oc=5,0
AlJazeera_Politics_C,https://news.google.com/rss/articles/CBMiqAFBVV95cUxQWUR5ajI2TUpFcVZkbjBkQXNkTzktbk5EdHVXVm52MnIyZ09hRl9WRzhtOHhLeTQ5S2JZdjc0dXU5MElVQ1MzU1JTbUhsYzBEVVdObVh1emJhYVJ6UWFibDZxS3ZMczU1amc0RS1xZFVzOUZDVzU0b1VyRkxHOHF1RW42LXZLd1A3QnNoNzFYVHRNemlRS1I3Q0lsN0ZYdUVrWG1vRUhlS3XSAa4BQVVfeXFMTm5ac2VWTXNiYWxrTE9TVzRwZjJ1eDVSNEtXeEdLZG5Lei1wRDd3RGFoQmJjSnZzTXo3NWpwYmhRODN5RXJFNWYzRmY0QmZDSnlBWWFTTlJyZnBERk05QjBKZGUwUjFsc3ZQSlBVRGJxOElwcHVVd0tUaFJuTVRQWmlDSldmRktWWU9QWFJPanNFTjV6ZWNTaXg0Zng0OVVzOFpmMVVERjlRMjdPcjVR?oc=5,0
AlJazeera_Politics_C,https://news.google.com/rss/articles/CBMipgFBVV95cUxQa0tVMGNTaXExWEc5aXVKaEc3YXJOaW1fUE80d0M4MHFBQnowUThYUGxrYjRiWUFsUE1XR1Rfb2ZyYjViam5mTjlXZHZObkF5WTFaNVNPVHV6dFVSeEVpYy1ydENTU0pVcHFKRXpja09XLTR1QUk5WXFqWHBHaUYtYnQ3YjB0dkw3TktZNTdPc0RrUmQ4b1BWMTZyZmxyUlNHOVNaVThn0gGrAUFVX3lxTE11VHhCdXJ6MnpoMWNmUms5Tk9mODhYT1dMblduZE02c3RsaGQzeVpGOTZoRXFFckFKZXBXYkNtNGtERzFZOVhPWktmenF6aGI0QnAycGJSWXRFcm03aDJSZkd1U3czT1JEUG03akxYaFJQWDh0QjlLLVh3NExfdmtkdXdwRmU4bVNfZC1lN2R4LWRrWnVnbm5KcEs0b3ZpY3I5ZGUybE04SXVTSQ?oc=5,0
AlJazeera_Politics_C,https://news.google.com/rss/articles/CBMiqAFBVV95cUxOWl94cm9ESTdLT0J1TVh6OTZxT0pOYmNiZmFxRzdhTER0encyT3VwYldtS0w1a3FuSS1DM1pqSkF1eVRrbTB3MVUyMlI5RnRmT1pMYnAxM3FSeGU5T2NVeERxYTQ1enFPdnNMbThsVUpxZURDaGRwa3VuMUpwczJSQ3d5SUlPYkVZZ2VtX1FramREY2JKM3R5WEF1TER0S1ZtT1psRHRlQUbSAa4BQVVfeXFMTm1MamlRVEYzWEk2M2xDN2FlSXRoaXJSY2NteVZDRUhfZnNsV2Vmb2ZhaVpYaXZ0YkN1WnB5RURYb2pTVHh0M29ZQ2FxemFhUjNWV3Vybm5QdzdvMllVZENLcTl2dm1Ib0xKdUtqS3pvdlJOXzJtZzY4VUxIUnVLTElMUXNKUS02djZSS281RzNHQkZuaHlRTlNIREpoLTB0ZGJ4ek5uMGw4WWRURFhn?oc=5,0
AlJazeera_Politics_C,https://news.google.com/rss/articles/CBMiswFBVV95cUxPYWNPYmRqZGdGVVVxRUp0c20yYUt2TEt1Qi11RUZRSFEya21HYmRsUUNDUTFQY1NrdDRWdEh0RDRhYmZrT1RvSUZGdk9MakZCT1UwSHVQS29DaV9TS0tNTW5OaWtoSkhwSFJzQklkOFo4X0dtLUU1ZUJtZExQX1p5UUQ1RVNxQU5kdzVvTmxSNFR6Nnd3cnZtVlhmRFhIalViNWJiUHRvMVlzYmlqLVIwNElfc9IBuAFBVV95cUxOcFJ1ZGl6bEVRYU5pMjdYQmpZUW1yclB5LUo3dWRyVGpjb3loejVMM1VNbno1NUg2WnhpWVpQMkZ3SmQ4NzJQWnJaRnFvdWVYWWFnaDRqZ0xEclVieHJWLTFHWUtsNmZtS1M1R2FzakltVmZyN0ZPZjZULVAtczRTU1dieDBPdnRXV2dXZXRkMjlyeTBscG9mUi1rdWYzTExVSXRZRFdNQXdBYUZmc2tNTTA0V1Vfa25R?oc=5,0
AlJazeera_Politics_C,https://news.google.com/rss/articles/CBMiugFBVV95cUxPeFEtT3p6ZkZGRVdpRHVLTEstRXBpeU91dXpiQnItTTRQN1dkdTVsYS1OR1ZIaS00UG95ZGJaQWgweGhQLWVFM0hRQUdmM1pqV0ZSOWZxdEc1ekZ5cV9IMlNzM0NhTXNMcFRERFVuWXZrUmFsb0FOemgtQ0tOOVVrTzhfeWdGWTN4OEIxZnA2UTZyelFrZ2lJRElOb3lnUkdjcjhQZnRrNWxGWUpMTkJKU1l0ZnprT0QxVmfSAb8BQVVfeXFMUElfZ1NIbjdZZFhVa2R0WW1Ccm1zZWljRlBnN0laNDVuSy1oM0tCWURzdjhxTEdIVTZYblJ3NXFwbVpmLU4yTzlXQjNGZm5QZ1pxQzFpbjdtTHlaWXl4S2xpclJCd1RyX1QxZEtfWlN4Mmo1MTRHT191NnlFYlY1SGl2Y0VHc2pVMWhJMl9NVEpVWGpKc0oyM1hIOEM0allJRFpQRkxyeERVbGNiLVJZS1lJZ1VDa1JycFRXRTNqbGc?oc=5,0
AlJazeera_Politics_C,https://news.google.com/rss/articles/CBMipAFBVV95cUxOcnhPZmgyVkJfeWxkUUdsNXpkZ2UyRFN6alFqWkhHNGJpeXpseVV2b29ZN1JyZ3RvdXEtam1yaXdLNm5Yc3FULUctaXNJY0F5Ujk0R1Vpa0ZVT2QtRloyM1BPc0VpNVFUM3hQMmltZDNhM1lfOEVxUjJXLTNRRjZJMFZmS2JDcms2elZ2dVNzNndURWpVaXFBYWNKRjFXTjNvVXJqetIBqgFBVV95cUxQS0FIN3JOajF6eHo3X2NrTlh4bGI0SnBrUFdrYWVJTVhRQnlEVDZjbldlX3R0Y1U4cGNCckFDUFBidVhJY2VqSFVTYTN2bm13MF8zMXhYV0k5andFYXVwbWFvMUFtUVlzRGV0X0FrRkVyeUQwQlB2Y1BqRzJsZDNvWUhWN0drQXdXRnRGZE5GVGppMzljODhaUk9peXQtQXhMem9JbElDeG1DUQ?oc=5,0
AlJazeera_Politics_C,https://news.google.com/rss/articles/CBMiswFBVV95cUxNazh4dzBsY0h6X3Vmb1FmbVc3bjlFeV85NzZDRXVybHB2cGZOQkpNSlJ0V0txSUMxLUMxbFlDejdERGE2X05sbnRfaXJMVnRXTk0wMTdSM2VIcm1NYWZ3ZG1fMWNJWldzamtTSE9yOVBpNTJSaG1vSUNnRWZnWUFSdHcyOUt5MlNvVjdkM1d1YXhQYWwtdlJsaHM0Y0plaGF5ck5UY0lHMzNTbVhjeTdqUGNpNNIBuAFBVV95cUxQYjBSNXJvUDd4RXJrM3VoQ1lTQXFYMGtMNXhqNGJjN2FLWXZfVHU4M3hPX1E4eFB1eEJ1MUhGMU9NeENNNVBuT21pLTdTcmN4SVRpZnBLVnNZSXk2WnhLUUFfMEM0eXJSNnZ3ODh6d1E3WFNNTjFDM2RNSGk5SDltcmttSFY3eUpNX1NOODIyLWRESWtGTk05clZtaU1XUjV4RWZGQUg2QjlBSWp1d1NaUnpuc1JHRTdB?oc=5,0
AlJazeera_Politics_C,https://news.google.com/rss/articles/CBMisgFBVV95cUxONmlmUmphTUxlUV9pX2pXV0hnSUd0VXlDSXNfOHFtMHhpMlc0VEFwcS1rbTlKa1pKZ2liWW1uSWx4LXR4bkNCaEJOb1hCYmV2R01OLWJnOVhQT090RDhlVXhkOFRkanZkMmVOaXhVeDI0aXBvM29ibnJDZkIyYmIzZGNRbURnWktPYTd1LW1tQll2NzI3YVpRem5NQlduM3BUazYwb1J4VGtpRTJRVkl4U0Vn0gG3AUFVX3lxTE5QeVY5cVM0aENnZU5UUl9YOHJWeHVoZnVSdzR4aWhEcDhCaHQ2Nm5mYjFpdmwwS1BVaHdyMm9DUi1sNk0tdFVxWll0M3hxUHNuZXZpc04tTEdEZEZWazFCc3kwSlF5VkEzTTByQ3RZd3hITEZpdV9ZY0hWdkFmd2d1c1hUY2RqWkt6anlOUFIzMS1sSWg4QVpTb21mMU1ONW1JcGhRUjVGdjV4RXFHbDhZZjVjd3VScw?oc=5,0
AlJazeera_Politics_C,https://news.google.com/rss/articles/CBMitgFBVV95cUxNY3FRb0s1dkJiNHhlcVlFZ1V3Qk9ucWdsQ2U1NC01VWdFQ0JlZ1lFa21aelA2VUJSSFpDZFJSaE5TclFMakRNZmRWOGZDQ0JRZ3FENVZWdUdTSjlMU2VMMWlNZDJ3ZndlTmdWR2Nra1BIblVpYXY5Z1pabHQ1RFFabkY5T3V6a2paWXZ3dUlRT2R4NFphS3lkTG1SZXFHOGttSUl6N3JaWjdRUlNzYVN0elBtZ2xad9IBuwFBVV95cUxObjdmaUI2cUJaWmxUQ1A5Q3JzeFNUUnJXVUdnYzdIU0psSktZMUotaUQzMEVBaGNPQjI2UHZfQnAyVDd3ZzhYOGZsX1pHamw2RlRrTzZYQmlzcUo1NEFxTGdwZ2txdVFIN2ZIRGs3dW96QU40a01kS3BPcXZYSS1OV29ReE1MbkFNTHdhUHZteldWZ0lqd0JOOWpsZzB4a0Y5d3QxdUZ5dWdFVTBXY2lsNjB0a0JsRkpBQVY4?oc=5,0
AlJazeera_Politics_C,https://news.google.com/rss/articles/CBMisAFBVV95cUxPZ1RaMGpVSG5NOTNzS0JPSkYzWTZSblpuYWVxZnBhTHN6U1NzTzNOYUM3QnZWYi1YX05rMXZlQjFWS2kySnBoN0cwNUhmcnQ4M2ZWVVVneGR1QXJ6VDBNenJHY3UxRm11VkJ0Rk1lVmlUYVFZRDFyRE1XMFZLRV9PblQ0SGNkSkFxSmJER0JUZy1Cd3BZTVBpRUxpMWI2RVliV05pdVBpSW8tVkhET1VzdtIBtgFBVV95cUxQSFYwZUR5cFlNdllNaGV0WGRqSU1KTUVnWnFXUm94TU9TVTBRQm8tVDctTldyNXJOX09xVXh0eGFpcWtFZWpxMlhEeXVqTkpfZVBlWmJONGdoLU5YY0U1cWlId2NkNWdPbU1BZXBCSHNPQndoMmRDM3N2WS1uWkRpZlRtcmE0TlVyeC14bF9FTXpZVnctT1Y5MDE3d2Rta3UxUXVUOXdBTDJvUm84VlBVYmdUU2xrQQ?oc=5,0
AlJazeera_Politics_C,https://news.google.com/rss/articles/CBMimwFBVV95cUxNWi1HbjViYk4zQWZEUXJhTlZOLU1Dd2xuMTJwcHFNeUtTU2EzTU55VFk2V3FPdXFqNXhLaHpkQWhMbF8tbWdEd1BWOHhOOWs4SWdOb0RWWnJwc2VtUXZZVkNfdElJZjZUREE1T1h1YkFFeDJaeEhFY2k0NnB0RjVPOFFsRkVuVC0xdjJiTEVGZU9UV0szaW1JN2Q1SQ?oc=5,0
AlJazeera_Politics_C,https://news.google.com/rss/articles/CBMiswFBVV95cUxNT2dYMjY5R2RPMVI1UGpDckxjRUlSQ0JNTllFZjZ6cmtpSGt6Ui1JT2NjanlJZXJMQlVhWW5UQnVlNG9ienhVZWhDcHJvVjFRZkxEVk9DSDl1TktmSWxQcmNlemJhZzFsZzdVQ1BrQWV2bzJ6MmwwaDlOYTRuajZWa3YyWFRCRm5JVjRsS1FwVFB1RzZXSFVwaWNzSTZ6SWtSRWNXeWg2UVFheTg5bm12YlFHRdIBuAFBVV95cUxORlZvZGdwTkxDdDZDaFFlU19nX24xNHlXR2RWdEk2Z2NHclNCSlpzb2t1bVhFcnlnQ09XSk1wb1FtVDVNN3ZmdU1pdnZiUkQzVVVXY1F2MWg5bmNFZHFGa3JPandNYnl2MlZPOF9BT3JRSWdmOGt2RXlrcXU3MUZoSWhVbFJBVFBRbDZ3MHlueGliZk1XZ3Z6RklaWFBtczhLczFES1VDRE5yaFZtTTRtMHAtYzczdDBJ?oc=5,0
AlJazeera_Politics_C,https://news.google.com/rss/articles/CBMirgFBVV95cUxOUVNmdVA2Q1J3OU1VTTlSM21CR280UmhndVJqNGVEal81Mzd4WjJVUC00dTMybW5ITDQzUDV1ZU5vVjNEVkVmZ1o2Wk5renI3SXg1U3p0Nm1hM2RGN0RwSHh6b08xNExnOTI0MnJCMmdveDByTmZRVTVZbEJqSG44QnBWWktPTzN3ZjNzN1ZoVmF0UFB3X3cwYkxhY2lUdlQwT0tKNE9hMXNYY2wxZmfSAbMBQVVfeXFMTmZZT2lBQlNWUnJrX3lvM1FSa3l2ZkxVRWVmT3NwV0tCdGVwUGF4dlc2U0NwVkVGOVEtdFNyZEtwaWdQREFpZUJESnFMTW1ScXZpc21sbTF6MGNJVmxqOGd5MWRZekNtbmlGbDNrYjNpblJ3SGdweGNzNEZrUXBYNjFIelJRUUpKQ1Qzd2VEVlBOT2R1ZmMyRVhlQ01lMXptTzkyREtxQ3VRYkJZRTlsWWpNcWM?oc=5,0
AlJazeera_Politics_C,https://news.google.com/rss/articles/CBMiuAFBVV95cUxQb01LbU5HengxYlplY3M0bG5Gd0JGSDhDaVE0ZkZsUFVwR1BuSm14RERRRk5iS0hzWmoxZzlGR2swZXhqaXlEellqWmN2NzlLNVBzV0ZNdWpmUTFCcThvYVY5a3YxOENfXzU5OEZMd0dySXJmNEN2V19qbHdMNkt2ZDNmbjdRdXBTVDJBT0szc3UtSHFGTS1VVG5VVFBkcW9naFFuVWotNHRfNVBzRVBiZTFaVi1GaG950gG-AUFVX3lxTFB1UEVHX3ZrNXVOeEpfM2xrQUlTTk9qZWZfaC1QZktzNnhlOTBad3AzaVRHYk5HY2MtOXVCcV95bkFGZUhMWFpRdzJmeFBGRUFJenVoTkZxc2g1TTNSa1hURVAtbXNrTEtLTGRfb0Y2UGUxRlhzQmpWaWU0eE03ZTFkWHdCalhIRDFPMHlyQVN2UHhWN3hKaGZjbk8wbHJHZ0dWT2w3LTNxelpuN2JQQVg4NGFLVkVPdjlHYlc0WGc?oc=5,0
AlJazeera_Politics_C,https://news.google.com/rss/articles/CBMirwFBVV95cUxPdm8tV2FoY19rOHhTTEpwSVFCOGVkM2g2MXo1ajI3dnVNT3BfU0pGU3Jqdzc4VWpqQzRfLVFXcTYxQ0FrRTFCTnRkZnljTmRsLVdZTERaQ2JrYVJBOWxBUmVoRTJNWDF1ajlyWmExYlRxZkNTV05Jek83cWIzSFNTRXZKc2FnTmlZeFd4dm9QYjFSZGFxb0lQdl9jNDF2M1hmbTBPMkx5Wkh6bGRMNnc00gG0AUFVX3lxTE5NUlhJNnNfbzI0VTc1RHhsck04TVpySWwzdDdDQ0lNU1ZObXNnMzFJYmR1NzVxWENiY0dxMDlrUXRudjROUU1mdlIwWkF5c3Y0dnBLZkE4Zkh1Q252Z2hwZEdRYlBzeEk3U1diSVhVTDI0SnBBOThVWTFXNGp2Mjh0cE02aFJmR2RiZmJ2blpMeFNlSElKMDdDSjR3bTBYQzJhZ3RXdkpJRE5xdXhrV0toT3dMdQ?oc=5,0
AlJazeera_Politics_C,https://news.google.com/rss/articles/CBMitAFBVV95cUxPQkt2MWpyMjJ5RERPaUFYV0VsT1g3NXBmS0w4YnNBV0hSQjROTWdyQ1JwZTJ4b3dRclRBR2c5WE5NaEJSbktsVFg4S215cWpWMlBJemdBSGdwNmhJSzhxOXlCRmxJRTZuNERzaF9lZ2ZHMzVQRzE5V0phNzN6dEtGYS1RNzhzc0NrODJPa01oSkVjdmhnN2V2TnpOa3ZnN2tiWE94NkVtUUIzbmxTcEY2YnF6Zk7SAboBQVVfeXFMT3NDTlJYUHpiaE5lOE1KTXJRc2dOZ1hGUHE2Wi1LMUlvMmRwaDFPR3gxcXBXUEcyVUhwaFByYU5ONVBIaGs3eXU5OHlSa3oxQmZweXQzZEs3Nk1aYWxjdGZsa1VnRFNCNktSTDZqX05kSDBjLVJvU3MwYU5KdzI0WW9oLWFKcWQxQUxGRDVKWjc0Y1RSMG9yTHdPWUpKTkN3cTBmSG5fc1RGaEt5T0FvbDJLbHVQT1lJZW1n?oc=5,0
AlJazeera_Politics_C,https://news.google.com/rss/articles/CBMisAFBVV95cUxQbWcxRFFOWUJvOE80Q3d3cS1NZzNBb2lwMUY5MTlKZFo3MmlvTEdXeUpWb3BtMUNPWFJvMHFCdlpBNFJzLVFvTGJrcW5lZkg2Z3VpZnJPT2pBakkxT2VsTlFvcUNfYklTYjdjUzdweS1oWEpSNzc1YURXczU4bWRWTjh3VVhIOWcybjNRbmoyRDNuX05uNndhMnIxTnNuaFI4MGZVZktaa0xNNmRmb1dGUNIBtgFBVV95cUxOQ0NXSVg3V2VWSVBNOHlIb3BfTDNmME0xWWpyNS1vNlFqLXpKVnZYY3BtNm1xWE5HcmxXbG1ZbEJfaUJwRVNHUjVSTFdSYXg3WWJMZ05uNGJTcHBsSXFsbElaWjhmTExtMDBRTlN3dVplOFg2Y0lFcWZEbm45SjktckxaLTVJZ3FpMzQxNzY1WDNvOS1wd044LXVzUjRpcV9TYnBoTFR1YndFcHZhSk14UDF5ajdMdw?oc=5,0
AlJazeera_Politics_C,https://news.google.com/rss/articles/CBMiogFBVV95cUxOem9zd0V6a3JWNTZ0NmQ2eFpWY2pxUVQyOF9pbV8wRWVSUVp5a0wtTVRUMGVVZ2pBWW9OQ050REdEUG5zY2s5VTd2ZDJxdWV4NG9XYUoyYk1BbDA0OUdLb1RJUzl0clFLcFJpQkNOUDBVcFFPbWJ6OTI3cUMzZ3hHRWpDWkhZRldzb3JSN1pJLVhVT19oN2x6M1FCaW53N3pzTHfSAacBQVVfeXFMT3VzdnNfNlpfcXBRN0ZFYmJTQVVwdV9NZXIyZWxqN3ZBc2tYcWhRYVFheUFGQ2tlaW5NclE0NFVfLTE1MkpBcHVsbW9MdjZEaDNUOEJzOTloSmJ0SUNzUk0zRjFXUnVqbzZaMjVQcWUzTFVGM29LdW8tSnZvN2tERGU3VjFWZnFiVnNPQVU5VktULUFtR2d0Sm81WU4wbmQ3WEVPejc1Q2s?oc=5,0
AlJazeera_Politics_C,https://news.google.com/rss/articles/CBMirgFBVV95cUxONjFGY3M1eW91dXhmTTFXTm9aX3dqNmtTWkowdk9YMGFwNHc2OC1SX0Zkdk1Cbi0yZl8xX2UycjFubG5ZNFJfT2NGR3RnOTA1blMwb242eEhCTTdOVFBkOFQ0Yzl3d3RsckFIVVB1ZU0zQ0hOckZjYkhhbFo3NC1WWWNySXZvWVQ2TTRXcnMtbXZid0FLZFpRNFRkYjVYeU1XVVZONW52U3NIZ1I1enfSAbMBQVVfeXFMT3VLUUVlakt2UFdfSEtfNVpVNFZfclFfUEhvNGRsVTZEcnJNSTRBdmdaZHlxMnlrdFA4OUxkWTgtWmtiWm9zSk5jZ1pkck9KdXd2a2tHY1N4c2hNakk3eFc5NFEtMjdud2pjSFNzNmJoRFhYaWNqaUNJODc1UkhlS0NBLUgtVVM4SHdwOXh4RHpmam9rVm84WVVrV3l1Z3BLajR1VEUtY0NpYmdVTHhZUVFnR0k?oc=5,0
AlJazeera_Politics_C,https://news.google.com/rss/articles/CBMisgFBVV95cUxOZGdYT25BeHZZTXV2T3N0QW9lS2x4WXhzX0lpV3Jja3ktSzF4Wno3aWpUZFQzTzd1VmF5clI1WGthUDdzVkdpR2E4RzAyM3g2N1ktSzlKMjRHa3Q4dURRc0dGSVVudi1xSVhrRlJnWWpoT1hUQjQzVVJCOXdXOEktVm5aQUxUV2hDZElZTGlxdWZSUGlrT29ZeWx0MjhDcTVIVW0yRkJOWS12SEZBamd0OUhn0gG3AUFVX3lxTFBvZnN5TDhXUDdScTVCWnNGR1NaMkZCZWZSVkpuck5BaTM0N0tvZVktZFd6c2hmYkpWc2NqZTVOUFdaVXdLMTVvZWRkLWhZMTR6ZWJSMlpsOEFEVkZoU1FzYi1fZ1g3bTJsOUQyelZRa040R3pRUllRUXVpRlN2NEQtYWRkaTFkYlctcmFic0h5SDQ4R2dNT3NVdXZQUWRFUXpseHMtOVlyS3FNWkdPU1hsd0xoWTY2NA?oc=5,0
AlJazeera_Politics_C,https://news.google.com/rss/articles/CBMiowFBVV95cUxONzVQUmpEWWNJVDVoTWhWemgzQU43Q0RMOFc4bmRBd3hPMlktdzd0VzkxdkFrWURJeW0wUzZrX05FTERwMVdlbFBfMkNUcFZWaW1ibzBvdXpHQWlfSzVBZmFMMURqcHhzekdSSnc3NHhKQU9vYlpSN3NjSzY0clhFaUNtdzNDb1ZmNFVWMzkzMkRZSjFha19ueGZqMWppM1dnaXZz0gGoAUFVX3lxTFBiaWdxbmk3WmgyeWc0cUl6VENwUHFLbDJyNUczckFybWVBYmxrY2p1Vkpjd1FxMlNFRnduT3Z0TmtmMFdpTWl4d0NBRkJEUWNscDJOT0NMWV9jdFN3ZjFpb0tmV1ZEUk02bnVOd3F2VjE1Tjh5OFFIVTZhekp5ZF8xOXNoQTUwYU90Q2xJQ1VfRzFiV2lmcU5nME9XU0VrZUFPX2lpaDAzUg?oc=5,0
AlJazeera_Politics_C,https://news.google.com/rss/articles/CBMitgFBVV95cUxOeFNqVFFLSUswZGhnVC13V1hwcVBDai1MRXVpUUdyZ3hHRHBNZmFZcWZINzh4dnlIM0hKTTY3YmI3NHdobHd4RHlsNDFJUDYwOERPT2NQQTBFZkVTTWNieTZhLVl6dzVTY2QteHpwckVlZVdMNUt2dm1HX08wRS1QVmVUSksxRzkzYUNEUmctaFU4ZmdFekZtMVlNcHNlR3o3blNobW90andoRVBtSFpJUTVDanAtZ9IBuwFBVV95cUxNeVE2Rm0wNUdLR2RmcnFCVmg3dVBxbkhsTkE1Q1M5Wk5kZ0VsejBtR19iUnlBd3hMd2hxdmVZUEFyNGFCeWZkcDVEVGtpMndxeGd6THRPR3AtZTY1VHEyZkg3SnBsYWxjRFBsVzYzU0JvWXY2c29KaTBVR3JxZWY2QUx3SnpxQkRIdkItN0diblRIV09sX0duQ3BTZzViOGZvV2NnSlRqV0pScUhteVdyY1BBVm9tZXFLWWlz?oc=5,0
AlJazeera_Politics_C,https://news.google.com/rss/articles/CBMisgFBVV95cUxPWXhudVQwcTRQVVFzNGh0U3UyQkUyRFFDeGo5cFg2Q3l1S25CVnh5dnpmaHhva21talZLeXBwOW5OUEQ0MzZMZWNrVmp4ZkluSno1M1pObGVGc0h1XzJlc3dNSGtWU2Y4SjlxSDFMUDRrTXdraDVpX3FsSlJxWVRCdEhkQUNWelA1M3VRR2ZJUkFMNFN5TF9nSkxzZ2k4OWFVaTR4d2NzSkMzenlQQ2RfMVd30gG3AUFVX3lxTFBrOFUyRlVPY213QTJYSmZMd2ItWDZOcENhXzQxMGotUUhqWUpHMzVoVlNndVlPX1B0X0gyT2ZGSnFfT1MtZ0xHanBGUDg1WDd5VmZCX2hNM0MyWk5VWGZOaHg0Q3BhTnhQYXc4QnliZml0U1hjLThINzZMUk5NSHN0N1pjLURWemVxa3Y1QlB3SE9wRFBNOXc2MGRkc2tUYUFtTWFsdmR3QUNNNHJuTTFwbWhqQUMwYw?oc=5,0
AlJazeera_Politics_C,https://news.google.com/rss/articles/CBMirwFBVV95cUxPV1EyTGRDbGZlOU41c194MlA3aFBQX2FvZG8tbjVhUFM2c24zMVNFVWNmZF9GQ2FqMW9rX1RyQ1VEbUptNXJ1TDd1LXBwTGlaeVdxcWZrOUc0ZnIyN3RVN0hES0Uwb3JtSTkzUDc3NWNDeWhCNnlacTRrTjE0TnNVeXVZTDRIdzRBZjZCS2hLQWIxU2lSMldnLVlMRzMxRm84emE0UjVpOG5VMnZwVTJZ0gG0AUFVX3lxTE1kLTdPS0xmZVE1N21WMWF0THVCU2xzNW9oamVMYjk2YTJWN3ZkM05JU1JHWENXbU1tZTkxT2Jqa2xUSkNBajAtSy1oNkg5S3EyV3RMZEtBemw1RjRzUm1SeFZWUW5hR0stVTBRQktXT3J3OHJBWlhvNkFzOTZNc25jc2VoLXdRcG1PNWFMbk9TR2dMYU5Ocnl6dGxCdUZ3bkJRSnhnZUoxSE1NZFlMUWdtbnV5cw?oc=5,0
AlJazeera_Politics_C,https://news.google.com/rss/articles/CBMisgFBVV95cUxQU2Q3clRfRWFsTlFNb0x5RWdkN0R5N01EVnoyaDZ4YmJRdGhvOW53VXpLXzJGSDdUeDNVZHJNRmdLV2JncjdHNkl6elFRZ3JBNTBfaUt2TnRTcFdPbmdFOWlNWmIzZWNmOFE4dW9JNDFpOVd2UEZ3NnZXcE04YXlpcy14cHF2RE0xRThkUTBOS2tqT0Q5anlENHlWWFZ1Wmc5ZGxOMU9vaFI0dVBldkdHWF9B0gG3AUFVX3lxTE03ajk0R1JTTTFIX3ZDenRsYVgtYWpuNlVLRUc4ak50NWg4QkRtaTNXclhQak02XzhaSXduWHIwY0psSVZ0VGJyX2dPWFhwWVpJS09DdVQ3QTRxbTd1X2ZUQWQwcHN4eEw0UEh0MUZva2R5UTUyV3ZHV3Q5SXZoS2hoM2hSNkZtY3lkVkVXTXFvN1FZdDZIS08yd3ZMMEk3ejFxbWRudnh2Y0JuQ0JhTVpwVEpJMzd5Yw?oc=5,0
AlJazeera_Politics_C,https://news.google.com/rss/articles/CBMitgFBVV95cUxPekRocm9QWFR0ZWFIQi1fVG0tcmNTT2p6c1FGWG81cVlfQVdxUmhBb3RueUxVUlM2UFZtRFlsT0ZRU1I1OV80elBORnJ2YWRQdl9GdWh6RXBBc2trZ1BHaWxsdVI2a1FiNTJqc082Q3J0ZjZ6akdsa3dmc0hvNk0xdTZoS3YzY0FsUjhhU0JWMkpZRzFVMExxQy1yMVlZOEtPUEhGc1lkenJqOU9RbkhWdEJQaHFVUdIBuwFBVV95cUxOUXFxdDlIYmlUUUg3OWxlcWtFWDkwUmxhYlJXWFpTaUpkVjRKSEtOUUcyZkVOVG10LXljTGVhdXR3STRXdDJia1J4ZXVfTzcxdlVla000UEV5ZFlLNGtTd3MtUHZIVXZFM2F4U1VjZWxmRU5MS0k0ckt6NnRNSTFyUzFmaEtpU2FYTzBuS0dabW1JUUNvSldUQ05Ic3k0cV9LUDN2LTVqOWU1ZDJQcWtzREM5c0RUUXRHMG53?oc=5,0
AlJazeera_Politics_C,https://news.google.com/rss/articles/CBMilwFBVV95cUxQZ3RmaDZFeXVrOEZhNTA0dU5DY3pNN1RsODkwcGRGMm5aS19iNEh0RjZudTV2aDZlS3JZdVg2dzU5X1ExQ3lJQmhUbnlKSEIwWjlaTHY0MjR4RHREbkVvMkNad21LTlhlaWhNQTRaVTRpRWxqb0V2Mkd0d0tVMkp3c1RqaU5vNjhrQVRvem9CRjN6OG9DWVJv0gGcAUFVX3lxTFBUcnQ2TV9vT2FIeWJuUVBheFBtRWJ4aDNtdEdGbHZ6anBlT29xV3kzWUhNQzlLcW9yLVNZUUlPUXM4a0FsRmtPaXlwQmxjMW13ajROUjdJaUhhZXA2cS1UdTRYakRxdE44TVNOb3YydElXNXRIVEZVVS1rRjFLODU5NjJPY2dyaUNUTVhkdDhkanhsdHZ0cDljUFNISQ?oc=5,0
AlJazeera_Politics_C,https://news.google.com/rss/articles/CBMisgFBVV95cUxONWRtcEtVLW96TUxMbzN3M2trSmhSOWJzVVUtbGIxbEVSdUFVc0hLRzIzOWhJTHpuaVVGVUxNNHpVeFJwUjNhbzl6OE9PMXI1YTYxRDdDZGwwQUFSdl9sM0ppSDRobTl3SThWYUJPaEN5ZHo3cU9IZ0QyX1VRMlROaGlLanl3OUdDVXpqTWdnZHB6VVJleGVwT3V1SThUYkRMMWluSHJFenNLcUMzQThQY1dn0gG3AUFVX3lxTFBlc2lBWHphQ3JtVU9tWi1HRTlZRjlmT3RpeDRDN05GWWFKRGxVTHZWU2dnUWNBRGY0Wjd0Wl84MlNSdzZhTXRQTnpvV2hWXzBnVER2eEpYalhrX1dxMzVaN2NDUmFoR2k2ZTdzMjdVV2pvSF9uVjBmd3dsZGl5OUZCczhRNkF3U3dVbUlnUEJKRFdta3VVRWw3a2hrYW9EWDlQb0lXTnZXTnVFaHduY2NJdFpVeXpQYw?oc=5,0
AlJazeera_Politics_C,https://news.google.com/rss/articles/CBMirAFBVV95cUxOUGZiMThMNEtiSzJyak9ZdFd0N1FqNjdkSC1TcDVYYnljV2dzRDVwY1dQQnBhemRXY2YtTXJhd0pFV05DVXVueFBENVpkYjllbWtkZjhLVzRfa1ByRU15bjdXSXV2V25NcFBYMFZtRy1KYmY0UW1GWXV3T0djcEdZVkVKSzdoWV9LT3N3NFUxTHZoNkYzRmoySGRkLS1VQURiR3N1bW15SUM3ZlhG0gGyAUFVX3lxTE9vdjFTVjdCN2h0bmR4T1JLM0dTQmpzb21MaERqU2wxUXZaNWJnVDM4VkpXajJ5YTc4ZElzYl94aWZwWFFhY1VqSmYwamFnUF84V2dROTF5QjkybWpEWFhCNERQWUx5Z2xOWGR4TFJGU3BDbW5jS2ROVmZMb2ZoTzBid0dKUXc1djNnQURubG9EanllTDMxa2xqdnBXejY2TnlId05aY1lVLXVsVkNvMElzcUE?oc=5,0
AlJazeera_Politics_C,https://news.google.com/rss/articles/CBMioAFBVV95cUxOekNuV21iVVBzaDhfWGhOSnNuTTFQb3M5TVk1RThCWEllSTRvQ3BhWFJCY0dkeXk1cFJid1htNjcwLTcwbm5SdVhZeXk4bFIxb0cxS05jaGRuNnBfbXVpdmlGTV8wY0NpdGlmWmowVU0zckVIY2NJbVV4YjlxV21iRTFsLUJjS2VRdVpPTmlyQXJVQ1hKdXVUOVpIWE9OeFBy0gGmAUFVX3lxTFBsTkFzWTFRdlFwWm9GanYxQjRURmoxN1ViSzlwYnNtSVdyU1JqZ1J2U0VrUHM2aS1PR2t3WW1nQ1BieUVpSWgyZUEtVGNqTlB3MWxxZnc3SjdWWU9JLVpUd0FaLVFSMVlsV0FWY1lINVl6T01RNTNwMXlPejhOcG92VDdZU1RuQ1NOUG5ZajZJMzB3WjdxQmtfNW5zaFdLeVdhdHJ5VkE?oc=5,0
AlJazeera_Politics_C,https://news.google.com/rss/articles/CBMioAFBVV95cUxPOWFVVnRPSTQ1aEdTdjNfX2pJMzRaaV9JVVFYbW5fWllfSTVXU2RJOVhTWkR1R2N1dkJFTFJqc1hrVVc2ZHRoa19SMGtxZFhaa28wMXN2ZG1aZlVUMWxCRWZPa2dLZ083Nm9vNlQ4SkxFSERPVmlQOHJFY18tQk8zMkNka0JnSnJNTDN2d2tGYmFOOGw0dC1uNk0wNVExTHdQ0gGmAUFVX3lxTFBJRExtMTVlTlluMlEyLWdheUN4ZjJMbjVfZVVUVmYyU1BZXzIya3VacXJGRVEwcTVFVE8xSHVvdjdQd2wwdk5NOVBESGxsWkVKNUk0WkIzMk9jX0JmYi04VndzU3R2NW5jaUdMcXhzRTFVa3NqNVdUOFVSbkdNRmZYM21rRmIzbEFkQUJzMEJmczVXclY4SVNqMGJyM0dIYlQzZ0JJdVE?oc=5,0
AlJazeera_Politics_C,https://news.google.com/rss/articles/CBMipAFBVV95cUxNS1FiMGpPdHZLaFdIZDItSGxKQ3lZVDlKV2VtM2k4dHhvU2xNUHhRNHo5WXJzWXJDRkR5Tnl6STJzM05vSHlNQTRfbG9GdzdpNWxEMkwwR3QyU0NKSnVYSDZ6MWxCNTZ6QVV1UTZ4YjVUdFdLclpLSE8zQThvLS1rbC1aMGZsUTdSY1kzcjZXdDdfZ0lhS2RTbkNfZU5FckdzZFZNSNIBqgFBVV95cUxQNGZBM0I1NEkwaDJzbVdUdFg0NGxka2o2dmJFNF9QVENLRmhuLVhEZ0g4NS1qbVJ4QWFxTHZQaWhiRjdPc1lRcXBSNThBbE9SZEhoZXBWdjQ1NmVXUjVMMHhEWUJiVi1DdjhiUWdSMzc0VkV3LTJuUDVWMkl4ZUFWWVRwTHdMa3RqYUtBb0tNOFF4eGFOV19qUF83M1NLbEZiX1pRN2pLM29XZw?oc=5,0
AlJazeera_Politics_C,https://news.google.com/rss/articles/CBMitwFBVV95cUxPSkxsT0tfeUcyOTNHSkZGbVIxTU91VzhJdklfa09VS3JLVHpIcUJFTTI1dHctQ1hEMkFZbC1VT0ZuUU1nU0FrVzZkeHFSalViTlBfZlJWT3hVY0NrYkthV1pFMmNaTjdxWHRrdUVCMlhRSGNDcEU0RkJVLWNHazFaczNhLWt0LWxYOEQwWGFxNjZyMFJpYmplZEVYR1p4em5paVl6MTB6a2ZDekgtcmRSVk1nRzBRYzDSAbwBQVVfeXFMT0YwV0VhQkIzNzhGVHlqdXhrREZsOC1meWhMSl9qNnBpX1RKakItWnhva0lLN1l5SEtFZ0VQc0lJWmZWTU5vSFFxM0VmSTJocTgza3AyY3E4eFJQbGR6WlpiSTk5ZDlJOGk4Q2wwbGJyN1J4YjE1aER2RmNJbmliZHc3cjlXUVEwSERFcTF6eG1STm81MU9WQlc4X21xWUtsZjBUYWRTYU9fQnhNNVlIZmhxaFk5Tk5heFZBeC0?oc=5,0
AlJazeera_Politics_C,https://news.google.com/rss/articles/CBMisAFBVV95cUxPUHl5OHBCYmNYY01ieUVWRjYxaTVTTnBSSmJQSE5OT1FOUE84M2tqT1N1cVRxbmcwb01XUFNHa09SYUQxV2phWlA0dzFZTi1EZTR4QzdGZGdPQlhsU1htZ2N0aGNPUFRvUzVRNzB4WGtBU1ZwdnRPNy0xX0RhenlQaXR3bUw0TFVGX09ma1F4ZHpzMUVhY25FRWFYSHkyWndEcktXcTBZdTFqMVBPVEZqdNIBtgFBVV95cUxOQXhid2gtaVZaQnAzUXF0YlM2MmdJbDBxdmQ1dGJnZm5BOGF3MW1tTVdFRHBhblQ5NlFibFE0aVJxNkstWFhibjBuWlZPdWV4N1JxSmNCMkpkd1ZFQWlzMHJCeDVnM0otN0pRTzl1dzJ4eFNfdFFWODJyMU00RjFpaC14eUNjaUJHcjhfYnYzSVNaZ2Qyb3pjLVJhbVJhMHUzekhZWGxTOVlyRWlHZ2tCU1QwVVNTUQ?oc=5,0
AlJazeera_Politics_C,https://news.google.com/rss/articles/CBMiswFBVV95cUxOWDlfdURzT0FQb3pVX1dtZzdYWmptZDMzREJpYkgzNUtpMVo4LWpvRVR0dzI3b1RpWEJhODRSblJEaXo5VVZpYk5WVzRkYUM1dW5lN3d2alBDWXdzTWI2RG4zRlRJOXBKeDFUTEQ0aXZRYTNCWmhvOUNHbDl1ajVIbjBDTGxhZno4d045MjdWVnkydHh4OURfUktZVndVQURiWUthQkhYTFc1Yk5PWS11Nkl1UdIBuAFBVV95cUxON2piVFM2NWROWGk1RkpzNklWOXUwWC1kTlVpMzhraGttXzFFTEN0Sk9haTVLck9rck9YNi1HeHBSZkpUX3N0U2RkYlBzbTk3enVhQlo5aWtWVTZ0VnlCSDhrUEFQYXJvc1hiQkJrMmJMdE9ZRU5Sd2ZmZ1lCS1JKUnl1MGg0NjRDTWp4QTBEUHpacnFqbXVQNlZRNlp3ZGVPZEptUU1GOXdDeG9Xa0pta3RBeEoxZWk0?oc=5,0
AlJazeera_Politics_C,https://news.google.com/rss/articles/CBMitAFBVV95cUxNdm1RNmxjaGFuamt2RkkyLWFEMkRxcjlZVGZMUmtCd1pBM3RKeVAzY19pT3hMLS1YZWtFOXB5ZXNJN1JVRzNDbnlRM3YzQVJqb2k3eGlIWnFqX0c2TDhfNlNuMFgwV0oyQW1zb1NYTWVvWGtfRUI1YUFEb3A0WkRCWXNWMGlyVWozMnV3RjJxMzZFU1pEb0s5UDU2d3ZGdXVtT2xJbno3QU85NE9HMHpMM1NMSFnSAboBQVVfeXFMUDd4b29QcUh5ZHFoc0ZSVkx3Z3JXMHdkUjVPcFBfTEtjVmo5blhzYTh6OHZldjBoNTJiVFc1Qm5zZFB4elVLN2tQNGllUHh0RG91VDREY184eVFUWHpSXzhsdDFQLXpRYm5XaG9iQzRKeGpycENoM0ZxQ05fZ3ZibXozdW9JRUVTTGlBLTN4aXpIeTVfN3VrUlBROWV4ck5HSmp1UzVOUmE5eWM0Y2Vtc3dHbTZLOTc4MDlR?oc=5,0
AlJazeera_Politics_C,https://news.google.com/rss/articles/CBMimwFBVV95cUxQUnNvT3hLMHNZaVdBZzN2RWhwLWJnU2JlaFgzbjh0cWZ4WTdwSkE3TmtEVlRHT1Q4RTk4c3g4OUNvQndZaFFYZVpSd2R5bWdfeFFSMWsyeWEtbFBYWjJpZUlNNTFaY0NDWGkwM1NrQ3dzTFJkRHM3T1U5eXY0OWl0N0FRZ2JPX3NtcEJKM3BXeU5YSUpyVGRxYUttMNIBoAFBVV95cUxNODFsc0VPemhXMGEtWmw1djY5RHNPc2I2dFFTNGZRRjRpSDZyUmZwTkVsWGZ3SnF5QzMyeHNQR3RBSHVhZnEzMTJoLTF6SGZFaEZxR1lfUWxiakVRSEpqdXJvNHI2Z0xfZmZXNlRraVF1alQ3Vjd3SWhHZmFSQW1MSk8wTFk1aV9MM29vajNOZ1lvZkdSYm9oaV9WSkFnQWk2?oc=5,0
AlJazeera_Politics_C,https://news.google.com/rss/articles/CBMiowFBVV95cUxOTnhFZkpYY3EyN1NEV3h4QlF4T1hwR2had3p1eWkxLW4wNXR4bmZlUVZxMzVQT0YyRFNuRUtKRGJkODVUc1lmbmRiZU1vMkRtUUkwNEh0WEFndWNQWElIYzhjY3VVTnpkbmxQZE5pV0EwTUVMcnF1bk1WdE5TbzU4OXVrOFFmeThOVFFqaW9BcnBBb3VaUFpBMERua1Y2Slo3amlj0gGoAUFVX3lxTE16bWprOVVIZGp2cVdNRXJXSWtNVjZEVVJwOFRCdEwyVWk1Qno4MUluTng2dGNBLUVhQjR3bUszb0txZGU4b0U3SUFVM3hYWlA1Q2VZS2NSQVlvRko0Yy1NcDA1LTVLUkd3VjVBbXpLMEpOWFhaazRSNllMQjNxd1FYa2VwY1RCdGo4RnVDY2taNmtDenZtaU1TVF9DVjBlRGJpZUFkcWZVag?oc=5,0
AlJazeera_Politics_C,https://news.google.com/rss/articles/CBMirgFBVV95cUxPWWc1UWZCdWJFeGJ1RndHTldJVlVkRFY0RXBvTzc5WERzdkI2RkRmN2w1VHhwa0Nhd2MyTm1HV2ppWVRPdDZVZjlMeC1wV0FEU3VqUGxNN21SR2pFam9FR0pYMlF4ZjZONko0V3VpcVVIUHJwVGp5NXZEazFxYnNyc0ZjZ0ZDaXh1dDQ3ZVVWMF9weXZGTkpiZHl5eVJWMzFMN1h2amMyVDBraFFfNlHSAbMBQVVfeXFMUHZHajJqMGFTU3NET1dXVjdWS19rRFdzLTBBTzhfZkwtY2J6aDhMLWhOQzVwenFQRmtjREZ4YWZ1SjdPa0Q1QTdzWjBsVS1IZE1PSFBCeHR3TE9aR0pVYnhhQ2xCaDNWS0laaHk0Y0tUNHBpeHRHS2NONzFsalYyX2tBdzdHVkhtTUtaZnVNUVZPZ19XakdvdHFvU1cxZnZaWEJGeWp6QnNDZi1TNk1McndWdzA?oc=5,0
AlJazeera_Politics_C,https://news.google.com/rss/articles/CBMivwFBVV95cUxNd3lrZFN0dzFNaUxQY3VVelJLMmR0Z2hLVlA3SDhyNnB3bEgwc1M3c1Q5dVkwMGVxUFBiMk1JbC13VGRWand2ZWFhT2Q4MHZ3WlpMakVyVFp5UHdkRXBka3NKcmFSZjNLYXdrUjJHMW9PblhITnE3cVVvRXdlQ1E3Sy1UNGJXTDF4ZGJVeHBFT2tfRW5IdlZUQjh4LXhyaDVZcG15aDNPM3dHMFdPc1BlNkxNVlRmQVpqZ095TUhxWdIBxAFBVV95cUxOU2NyYTNpcmlKX0t1X2JlSXNCWmtwc3dPajREM0lRVHNuUkowUDc1R1VRWEROa1hkcjJGUlVocjhlNWNxVHA5MFRSVG1JVV92Y3pWd0hKVEdQYmtvM05mS2NPbk1rMVRBcVJveTU1TlBDM0pmRTBoVWhzZFJEX0dlTEdNQXFwanBYc3QwUjFiY3dodGhody1uQXpsQ0picFJ0LXJYM1dLNVFlWXNMeXRfZFlPZG1uT1huWHE1VllMeTJ2Q1d5?oc=5,0
AlJazeera_Politics_C,https://news.google.com/rss/articles/CBMitwFBVV95cUxOTEdaWVg2WS1FaExzaTZTNkRMREIwTjhKRU9WS2VsdFRMR2l0OU4xX1hBUDVZcml4S20tMVBCMEh6YW9tM1RtWC1SMEIwNkU0dnpFZnZrTFBOTWNOZ3hOcE9MQnVBdllPYlNxWWR4NGpGekRGRTRuNk0xTTQ2Q0dicmFIcVRSV3FLa2ttUnhoWmRVemJpZzk4Y2o3d2FkMUw2c1VHRy1mVmpleXFwNDlFb2cxMVVWdDjSAbwBQVVfeXFMUGp5QTNaUjNJZk4zNmZ5VmdFT3V0dVU3cjhRZDNFWUJUZGI5Z2JLSTJVajdTV1ZCSUNZcWlQOFhOQXo0MUZjUU1VcnJrOHAwTkxBNEtFX01qMHk5WkxfRl9TYXBuSnEwNTRXdDE3NlVDTVhiWHdZdHFwcDZxS2NwY2lRQ0JTV2NiclVPU1F5Mkh0dDIzZXBrN05pNkxBWXBxcVpmZ0tNU05meDJqTi00NXZEQUtUcGthLW5WdTQ?oc=5,0
AlJazeera_Politics_C,https://news.google.com/rss/articles/CBMitgFBVV95cUxQcHQ1RllfWjZzU09yX25kSWlOajBEa3VWYl8zZkdoZXpGQ01JMmE4RXJjbnY0aDZGbm1lYV9QblA1MUU1cWtoZ1dGWUp1Y1VKVUROVHJONHI4aFRCWUZjbDB0VTlpZ3lrUjJwSkNxZ3huTTEzazc1Q253TG9TT0s5RDZMMjlOREdqWTNpQl9tSkpYTUxMcTR2OE1YTUU4YTBoZmVZd1IxSnB1ZjZjVEJXQkZnb2doUdIBuwFBVV95cUxONmVBMzVCa2pGdWtmT2s4djZ0cmhxa3dGUV9vbmZ3VTNwLVdKNTIzanU1eUpGM0NPc3p0R1E4Y1Bjc3B5MUJWM2ZySUx5b1UzQkw1M29jbG01VVlQTlRkV19zUlMtQ2ZiTG1vUElNVDJYZm9ULWRBZktYbTQ5QmgyaGtCeUZnOXFmdG5hYkF6dVJLS09iamRyR1hZUHV0SmUzX3pPMlFGMlNxUk92M0NERU5fbGlBR0NZcEw0?oc=5,0
AlJazeera_Politics_C,https://news.google.com/rss/articles/CBMisAFBVV95cUxORTA4QnViNFZIX1hSNERPdUpiVGlKaU9DVUFLVXBJNXNGNVYyU3VsWjZqZmp3d1JIZ0ZBRGF2ZFNMNzlRYWRtX2JDdm9RMHRPWXRDM0FhbHlUZDZiTnBQVWF5cFFjcDRRYVFNbi1kb3dLUjl5MXdORGRseTllYk1fOE5UN2V0YkE0N2dWekZ5OG9ZYlZqWFh1d0ZWOEJSM0dnT09VRFFDdWNOTzdlRXZPcNIBtgFBVV95cUxNR3diWGdLclZYYUtmYnlhQ2o5RldONHVPWFQ1QWlxSW44U2ZtUF8yQlNJRzV1MGhyWHBTWndiUU1rVUJkbWI5SjhKMHNUV3dSaGNkX0UtcUxiT2NqU3pZcHNyLWkwZlR6cThnR3k2TEIxZ1llRUR2OFNKS1ZVSXA3TjFILWtjNDI4ejRGMElIZVNiQzRWblpwQWdTQlp5a3NyMFUwU1FTT0E3TmVvT0oxaE9WZXg1dw?oc=5,0
AlJazeera_Politics_C,https://news.google.com/rss/articles/CBMisAFBVV95cUxPY3FIUGwwc093ekY2SE5iYUptOTc0NjhFYzF5NFJUd0QwNHdaTmFzTVJPdFFPOHRLVS0xdi02UWhwVjRWN3lmVmJhcmw4UzRXVzhQai1ZdzNZbzBqTkFJQ2hDemRkWUZoTUtManB0NndqdkIzSnRKWU54ZmtMOWw1YmMwNGZ3NlY3TEhtNVIxNW9DMk1ySWFITTY2Zk5yUG9MMlB1OG1lM2E2UlVObllNZtIBtgFBVV95cUxQM1c5a0xqaVlQZ3VXSG1vaHBBSHE4SkFZRVh6c3Zjb1NXSXo5V0FZMUhfT1BGUXF1OWJuMWpNNVN2MDdrYzd0RjlEVXBRc0Z0bkxSWG05MlAyNGVOWVJqWk53U21OU2RYbXYzUTM5RExlbjRmM1MyeTFFSTdNQlJVWm5jclgxWTg2REVDMmJEanR1ak9TZVlhemNPaGdZTC1BdHVjQUVyTGpTRHI4UF9MbkNpc3ZWdw?oc=5,0
AlJazeera_Politics_C,https://news.google.com/rss/articles/CBMitAFBVV95cUxPei1xTVh3WHR6UmVuWVdaZWFWMTdoclY5SGFqV3NhR0F1V01CNUQtcll4bVlIZmNmWWg3V19lcl9FTGtWaFhZZXFhMmE5VkliQlVsU1FJcmdmSHpnVkZ6S2x0RkNTNHR3YW04OFlVb0JSRG1aQmNrVUNuMXdGb2VNaG0zWDBzMldaQWlWc3BuV2FUd05uSUxIRmxmd2F0SF84Yl94Z2tMb2NkWm1md3VubTgwRHHSAboBQVVfeXFMTXk1TjVoNFcxcXhJaFRuUW9UUGFYZDgzNU5UelZoMENHZmgwajk5THdlZmlQYmctWm1FQjBEMnhiR3pjbmFHbDlESDRXN2h6TzhPTXFrNTFzYnNxenJ3Qkh5WTBBSGtyOEw4ek5HdGRPdDMyeU9VTFNuTlBJTERyWmMwTXpHMGJMTkJjTmo3RFdQRWJ0M2luUUxYRWtJcnBKbENFeTZYQ1NObUFHazNES2I5RE9HZHByZWl3?oc=5,0
AlJazeera_Politics_C,https://news.google.com/rss/articles/CBMikAFBVV95cUxORXRRLW9samxvVGV0RHB2VUNyOGt4a2lweGdlT1VWLTh6US12R29ZendycWhBci13dEpWVXgyOXVWWmh2dV9uRTJfSUowaFZQNHJoLVFISndCdEc5bWljbFhGZFJMLVhVSlk3ZGgzR0EzWElKaUZCaHBVVWw5ZVhqWTUwUUJqRGk0VkRwaElvcDjSAZYBQVVfeXFMTnNDajNKTFZoREUyVzQ3THBnYUV0ZE1ONEs3dlZuMjQzN0xUdTNNMkNmX1ZrVVJrNktZb1F5bmJUMkRKS0VZZk9OR2lzaFBCZW5HZXJIcGZoNWFpbjVlMGtGMkNTRXEtNUdBaU9zay01NndLTDJZdDFEek9zTXFOUUtPdVJCckdqMkE2UzhDOGg4bFRGMl93?oc=5,0
AlJazeera_Politics_C,https://news.google.com/rss/articles/CBMitwFBVV95cUxNaG5sb0JnODR1X19Fc2JLbGM0d3p1ZzZxTi1uNWJkd3VFbGlQQWJmVU1SVWhnS2N3am5YcThBb0h6bHRiZm5nYkZzejhncllibW9SX2dRNFhPTzE5VHc3dnZuRmZBcllZRWx6enpHV09TcWV1NWx0Y09hSnpsNHRSd3pCaTZheHI1bmszM0RGd05ZZ2xXcnhfcHpYTmhWcEQ5a0ItMlVfQzFjRFNfcFdmSmNSR1FVc2_SAbwBQVVfeXFMTkxLYi13U3JHNXgwZmFvNnBKbUZaZTBJNFZPODljeXJBNTNuVkF0NnI1OUhDaEFieWg0MnJpTlFMRFB0ZTNlOGxRM21ydXdtTXEtX1loYkRzbXkyYUdHTVY3Q1JMSzNTSDRXT0szcGNwdTVRY1lqVW9SaTEzdkNPSWhybzFxQ2M1NTRxbVh3bjI5ZlRZNHliMWdEWHZNSFJfdnNYVGVjNVg3QnNpQTIwRlM4T01uRkRDZm1GNmI?oc=5,0
AlJazeera_Politics_C,https://news.google.com/rss/articles/CBMiswFBVV95cUxQS19GWTU0Mm1tS3J5ZEVrZzgtV3hNTW02VFBHakpidmtvNWZic2w5TXRib0pLc05adVZraGF6T2E4RnpmdmNMQjBWY1ZIV0F1aHBsUnN1WUlmQVdEaGQxR1dxbW82aEZZcmhoOTFKOHVGV1ZqWkdBRlRVSjJWN1UyYjdZSjhPX3FCQ3ZJaFowaHJJU2VhSnNVYmYwaFpzOW9GU09aLXNDM0dkZS0yMGxNeUFfONIBuAFBVV95cUxOUUEtNVZIelg1b1BsM1BhaHpfZ3owSkU4TGN1NU5HR2psekhWR2N0THRmNGFjbmw2N05ySnk5a0JSNGRPQWhKM0d6cUVlZ2tHbUtheDhvMDloZjFkd3J0SmVJVHJGRXBWZ3I5c1RQbWU0ZTgybU1xMUNJVTNqUm1UVzlWX0JNdnVfbi1zXzdGU0JrY0YtRXd5WUZNS1BNY0dreVBVaFVQZ1EzcW80VUREYnNKWU50MlJ2?oc=5,0
AlJazeera_Politics_C,https://news.google.com/rss/articles/CBMitwFBVV95cUxNal9pMXdMYm12OURjRGE5MFhZSG96RmtONkdDNkdDRG1TZnlTWEc5bnBabDVXT1R1MUFPYTVmWGlSbm1UQXFTbW93QmlQdHdXS19DNUtJNGlHZHJKUGgzZEh6eE9NdXhUeGFkd1I1OTRFQ25MQ1B2ZG42Mk85UUt4SlhWbEk4akJGQW1QOU40RXJuek94SklRaVNCNy02UHRQdUREc0lMdU1WWi1UenZiRTVsTExHYlnSAbwBQVVfeXFMTm5TWHlNTmNHT0UtQ0djREwwbGkyYXBSelcwdkk0Tk1scHBSa19ycnF0bDVfSXJsczhmNGdqeExVZlNwQU5XSENsZDlZU2RuQUZLc2IzR1JGZlBqQXlwUGs3b3Q4UVFBMk5GQU5Hd2VhS2pCemZqbDVGUzJRNlZKYnhJTDdEb2dNSzdtX3pqLUlGUnM5cUlTQkNUOE1aRlU2d3Y0QU1MWG4ydVJDQlQ5Vjd6aGpKV19kNUtNNHg?oc=5,0
AlJazeera_Politics_C,https://news.google.com/rss/articles/CBMilAFBVV95cUxNRjR0T1FSbEg1RWZpLWxFUDdETkc5aXJGV1hIN1dFTzRLVnN1UkJMZ25CamRkSXB2LWxGcW1tYkpVRzBHZlZYcklRTWRZZzQtQVpIVW9RN0RhZ19iMmhuaHo0SEpfS1lobGp2NWhCUUlacmpYcVhOZ1NuOXBTQU1mdnZQX1dBQXBlRjBHLTRhR3VZYkVM0gGaAUFVX3lxTE1nNXh6T2htUnB1WFRzMlUyX3Z5SzZuc1I2eXg0YVNqanpITGxMR1d6QmxLMHp6ZlhjVzEwS2Job1lSQ3RwYkF3dWJxQnUtSWlLWFIzanZVRUw3MHZUZ2pydWdzMDYxRC1uNDl4M0xLUm9PZmpPaGIwNGwxQjhKOGl6ZXJPZ1N0ak1xcG1qX3hfNWViUG42b19odXc?oc=5,0
AlJazeera_Politics_C,https://news.google.com/rss/articles/CBMipgFBVV95cUxNV1hlMy0xZmdyQnBJOFdpMHhkMlQyZThIaU1yNVlsb3NMRGUybm1fdDBpVThfOWFRNWZmRmxlOEM5N3RrT2UxY21nU0UzRjNkMHBvRmV5Z01lU3lRQ2M4bnBqRnNQQTBzNWNjSjVybTAxcUdKSUpLbzVKV3NneWJtQkc5ZnlWQ2NxS29QaVBxdlBIa2JaUmE2blJyUUViZDhwcmJBU1VB0gGrAUFVX3lxTFBmSVpmc3BiLXZBaXV1NzBvSU1BM20zRGFVbU9MZHIyNTNzVDk0UW1GdjJLN0tBejdJc3l6R3Rjdm5mYzFhTERyTlRzb2ZKSzBaMUlUVUdVdmRWNUx3Y2NLUk5YTmVEdEIzRjBONEliNExsakVORXBab3hGUkF3TnhGbDV4TUFTNXVnVGNRbW85ejc2bmJqNGlTd2MxYW5odjFOdUU0UU9GUjdmaw?oc=5,0
AlJazeera_Politics_C,https://news.google.com/rss/articles/CBMirwFBVV95cUxQXzZ5bUFteU9HQW1RUDJQYVZQMkxLbXl2TS1aUGppVmVyWFdhTXhZNnNsV0tUQzFodHZTMXd0OWpDTU1jbjFsR1NSU2d1VGNvd0ZSeFMyd2dNVllXNkV3eDFIMDEzeW81OVNwOTBEcl9oR1IzVUpQYXJkT0VpTDAxUk9QaGZlVWZZeG43Ulo1Z0p1SFh3cExkOE9Wdm00YnRVX2lWcmJXYkVfTGVwUVdj0gG0AUFVX3lxTE5jNTdkLWdVemw0aHpKZ3U1MDNNbmNjM2RnNUNaQWdWVFBiakpiWkI3ME5TMEJnNzV2WmFKenRyUVoybWVzZHQ1VXZCTkczWmNpbjdRb1RZdFl6c3BJN0Q2VldPbVNKVkdzSlFVZHNQS2dOWWF4X3BQMGs1bUtmMng2alBNT1VPeXd5U29faG9tVWV4c2hBamFxOEhRdm1Oa1Q2c1paOGVFWnJXdmlENmxLMEZxUQ?oc=5,0
AP_Politics_C,https://news.google.com/rss/articles/CBMipwFBVV95cUxOaGtPdmdNR2NKNTI3d001WUV6REp0OGd6VTFKUkdVOGhDazdzRWdwTG1kR0ZtYTM5blIzVzRuVVpNczdXaDhtMDd1NUdnVlhjejJwTmRjNGxyUnZjbTkzV3J0VFYxdXU1UWRRcS1tUHVZZlVlOGZDZ2xmSEFMZmwxSTM3Z0tXbW9kLWtrT3dfSHFEamFxLURGRjh2MHFBX3ZuRnhtbURlUQ?oc=5,0
AP_Politics_C,https://news.google.com/rss/articles/CBMirAFBVV95cUxPYmxJRl9MYmY1cEswaXNzV1h2Rm9LLVhzVzF6SGlDNHNGZ3V2MlY4UkdrWkhIUENFdVY0YnlCWFJINkVkWkVVZDNNRTV0OGFvWkktNzBwYTROdi14R3poN05zeDYxZlBMTDRHdm94UmZBMHM4cVJkVFNPazRZY0dZT3pwR2FxTjdaUWtJSFg2SWRWT1pTSGl3QUtYZXhWdlRCU0k3VFM2XzA0S1lP?oc=5,0
AP_Politics_C,https://news.google.com/rss/articles/CBMiogFBVV95cUxPWjNPb3BlRTF5LUstOTZMNEFFdWt2ZllKcGlMMFBfNHRqLU1Va2dYMENaNmFObVc5QTRFbnZRWm5qTkMwa3ZMYkRkdkIwNUhfX1ZvaURBbHBDREJnVk9ucFFqUkpONFVQQVBQTXR2NVVnTlVSalRIWEtiTEE4MHROWW5qTmpLRzdQd2E1WkE0c2huMnlxRl9HT2M4TEJOZWZZZ2c?oc=5,0
AP_Politics_C,https://news.google.com/rss/articles/CBMiqwFBVV95cUxPaWRSMVZtb3JPYlYzR3hfWWVlVWJWTlBfc1hxYmhOUXRjZzktZDJaRkE1eHUyTzBLZjFGelJaY0xlSVYtWEoxSFZmeklFSVVCSWpfMmMxdGI1em9DdTd6VHpNUjR2Tlh4WmM0MnV6RkViOHhfbzZYZ0NZN1FobmstLW5Rc3B4ck5TNWtOa2xtYVpVZnpSUWJMbjNKcmcteDFOd200TGdhT1ktWWc?oc=5,0
AP_Politics_C,https://news.google.com/rss/articles/CBMirwFBVV95cUxPU0tjaUF4cXJyc3VBNU43NmUyeGdhS2I1ZWEtVHp3RU5sUF95MnJKeWt0cU11VFYyVkpIRFktaFBqY2doekllZERNSzVUZkpQdlhKMjVkNmczQ3RBNFpWVnlJaUFCekROSTRFYzNCN0dfbWdsQllRZkxTcFdCOGRMZVV1Q2M5QU1YeWN1ZVpPMnVmRnRNaWhTVGdXX1lLOGpBbEtYal94Y2JGZEt2VkNZ?oc=5,0
AP_Politics_C,https://news.google.com/rss/articles/CBMisAFBVV95cUxPMV9HSmtfWDJmTXMyaVdMWV9NQWJWS0RuZU95SEtxMy1WaGs4d1l3TnlCQ3NJTEgyNGd5M1g1Ym5jSXprRG9XMzdsM20xaDg1SFNMeDY4ZjRSeGFfZGRiWWlPU0h2cDNIQmdhZTBlcDQxWkhfVnRxN3NaQXBTMFc5MVUtLXpJNktnMW5TZ1U5OUhRN2xhRTBtQXZMaWhxcnFnXzNrdXNHYXFFeG9PREk4NQ?oc=5,0
AP_Politics_C,https://news.google.com/rss/articles/CBMiqgFBVV95cUxPT3E1ckI4OFpXZExWbHFKc2hnNjg2eko3RWtNbVgxZHpUNVNpa2tmTEZGTnZmS3V3VjR4bzVLZkFHUXpYbmpxOHlXbXR1ZUhyc3lScFRESmFXb0IyR0hnNVp4UWpfbGdNYzVUWlBZR1d5Yk1WUDlnLTJ0N1ZKRFZZSF84eFFnakVBQS1WQ3FweUx1UEhDOGRTa2h4Zk9zd0NwSndsT2ZZM2d0dw?oc=5,0
AP_Politics_C,https://news.google.com/rss/articles/CBMingFBVV95cUxQMndnQUFlNEZHakNXRzl2OEk2YzdEOEd4M1VtZW9KX1RCZmo0Sm9xVmN1ajNaLXBJNWY3c2FZQ0VxZnZvVVI3NHluNHR4OGt1Z3J4WkcwclRKUlcxVndSOGpZUXdOOC1Kd2lqUVlLNTRDRmw4MXJwWjdHeFRndG8xbDJpUV9yWnVBZGgyblkyWDJaVGN2UkNPMzBBeVphZw?oc=5,0
AP_Politics_C,https://news.google.com/rss/articles/CBMikAFBVV95cUxQaW96b3hPVVRVV05IZWNBWUFHN0VrQThsc19kMXE5NU50VUVqeVF5QkVzTUhMWmpfc2NSUGJBemJQV3pUNC0xbS1xRjdFZVZzWE41M1RNVWRhN0hTZnU5RzdKUkdTSVp5NzhlenQtaVc2RFNFbGgxdWd1UHZmZ21XN1RDdEF5aHVZdjdySVJWREk?oc=5,0
AP_Politics_C,https://news.google.com/rss/articles/CBMimgFBVV95cUxOR2RfYUlnZTNveVR1Zkw0aEFodnpqYm9PUlY5WFlBcG9DOG5hekNoTzQwMDhSTGVqbzFxQW1aNjhoSHctNFpoYl9lZ015dVY5dXB1cnkwOFRmV1JiUUhoLUNaNUpTSUNUTFVvdUduOWd6OEtuUzl3ZWhxRFRIMjNwQnpObjNDMzZIZ1o3d3hULXlscE4xcF9JeXZ3?oc=5,0
AP_Politics_C,https://news.google.com/rss/articles/CBMi5wFBVV95cUxNSVJIQ2ZRWENmb0pWWVkwdHJMdWZ6TG5KZEliNGtnZU5Jcm50SXNkRmNNZ0FDS3lDMGVRdW5NOGxDRUNKRW01RWRwcFBPRGZmQlhTckFndEdRRlAyUUY4QzVRZ20tb0F1WWRHcXRVX0hwclR5Wkh2T1pmc3FWR1hESXJzbHpiWmg3SDBQU0FWd25DTmVKcFQxQmxrdXdfckRjTncyV0ppRHBLaUdVYzJMMnhVdVJDelVTQ21GOGxzejVob1M0ZDNTRVl0dU8zbTN5NFE1azlIdi1jWlBNTmt0LUFVMENQbEk?oc=5,0
AP_Politics_C,https://news.google.com/rss/articles/CBMijgFBVV95cUxNNTBtekVwWmkyYXZXR0dCRzNiRU9vcm1aTkVBSmZWZnZ2NjhnWXQ1bW5tRjVjekRFSDVMVjdnUld1djZ6UzE4cHpHRFB6ekJCU0NjUlJna0hXdE8zMUtxWXhoYUFDUXlMQTBrLUtvYzR4UU1QdC1OMWRGTFVYN3NnVHk0YmFZaWxScGpmbFRn?oc=5,0
AP_Politics_C,https://news.google.com/rss/articles/CBMimAFBVV95cUxOM2hHN1dBYjRXWm4zQ0pNSE93VmZ1TTgtSGtXdjV1YWRxNFFoWnNpOGxyT1NveklpTDVTU2xQZjdBZi11RVF0V1I0aVVrcmpoUER5RmtieEdCRDlZNjlKcjNoWFIxaXRWN1ZlekRPaTJpaHVaUmJvTXRqbGJTeVJ1R2xzZ3VBWUJBRlZSaTNUUkluVUpyQ2pRYg?oc=5,0
AP_Politics_C,https://news.google.com/rss/articles/CBMia0FVX3lxTE5MdUN4cEJfZ1ZFNElmdkpRc2ZCNlM0ekNDVXRTdG1zbnJFaFNEWTVsLWNlSGxITUg0WFROeVNVamdabk1HQVpiOFNiY2hmWEFIcUprcmFCMnI5c0kwc0NUaFVlLTVoRVN5dUhr?oc=5,0
AP_Politics_C,https://news.google.com/rss/articles/CBMioAFBVV95cUxQeEJZNkk2STRyZThZY0dJWlo4N0ROVk1vaHhwdlpUN0FjM0hDLVZqUWEtcHRsemVzUmxLX2FmR01sMnlGN0hGVnpZX3FkMndvTW9LUUpfcFZPUkpuZVdHQkxBLTRpalRtQnczTlBJa3o5QzNLeXVwcVhjbXJvdHgwYjR5SWZQYkdMTTAtUEo0cjBVdVV4RVhjVnJTQWYxdHFi?oc=5,0
AP_Politics_C,https://news.google.com/rss/articles/CBMinwFBVV95cUxNSlVqUHROWkpwRE9mYUdYWEdJOW9DcHJGUkFiMHVuaEtNZFBpZzZNaE9DNUgyYW56emVYS3hKSHlyNU44bWJXMkJZYWJXMTcxS0l0ZFRjUk02cUVNOE1HejRQZVNiWnVhSC1GMzdRaE9DRDBPNnRVNGZtVTlXT3BfZUdaSXQ1RlhRaG9NbmtDS1pFUTlRWFBvaGtnMDI3Yms?oc=5,0
AP_Politics_C,https://news.google.com/rss/articles/CBMiqwFBVV95cUxQUlI4RXRxWFNHek92akhCb2lXZUNwOE5TejdpZ3RUNGFtM21FOHZ0WjVCVm4ySTgxMXN4b3pSWUgzcHNmLV82a2QtdDdCYTlGTG0yTHdZS18ycWFORDY3SDUyNUhvTEtjRS1jZ3BfNEpFQ1NJXzl2UDViUmM3S0sxLWdWY1dMdTFxWHhoWl9YX0ozYXFHMGxnQjRVb3hFbHdTNm1IcUJsb1E2a1U?oc=5,0
AP_Politics_C,https://news.google.com/rss/articles/CBMiwgFBVV95cUxOMWhGNl81ZFR3eHRWRE0ydVdHU2NRcGJOVnlNbGhTNTUxUnktSVctU3VHQU5pZ3EwN1JTWkZQdndTZVJJQU8wTnhuS1ZqdF9vcFotamFFX3RrTlVMbW5Selk2Mkg4Q2I4YjB3Sm5KdzVkd3N2bVZIUi13SkRxV3ViVUdudDlETVhpeFU3X21KWEhlNzU5SmZuMmxuTWE0eGVZN3BqbjNkWV8ya0REdjdYQjNiRU5nT0VLeVR2NUp4UU1mUQ?oc=5,0
AP_Politics_C,https://news.google.com/rss/articles/CBMipgFBVV95cUxPb291dUtuMWoxamZNdUJtMENnal9hLU94Wm9tRXRTcGVaTnRkaEl2Z3RVWVhFU2JWcHE4YmRVN0NKdGU3Uk84eHhiaWxjWW1qWkVWNGd2MTBkb3RUM0Nha3ZBakVwYTZYa2VZMVFRdDlyZ0xyZ3J6R0hEdGRSb2prS3AyQTVjdmY0d0dEc1MxY0pSUVp2SmZ0Mk9uS0hfQ0Jwc3JpWWt3?oc=5,0
AP_Politics_C,https://news.google.com/rss/articles/CBMipwFBVV95cUxOajNPTU9ldmxHeWZaX29LQXZmRjd1UDZSUTdLQzJ1RGRTSUhNS0RlTXVWcmxza0x3QmN6RnZYUloySVR3Nkh1dGpsNGVyS18yd3c2c0dDamhkS2EtdmhXN3g0YWptcEZJdVYzenVNRzNpWjh6RFR1YXVnbk5EZEhjcEFyVmlreXZ1bGtVWnF4dW5KV0hJSnVxRTAxeWEycFZPT2dIMTUtMA?oc=5,0
AP_Politics_C,https://news.google.com/rss/articles/CBMiqAFBVV95cUxOcEhZQ3c3YkhZS0hkbUlIbFktSTdMNmlwTnlUX1VjZDEtVWRGbkhwNXF4Tm1Rb1pRZVp3VUVkT3Z3MnFZOHBJY3g5VUJTOEpHNnBDWHBJTWhkRERJcWFpTkxZb3J4dzF1MGdLYk1oQ0FmR2ZwWjNLcnlUTEpES0tUZFdpcUpfWGxmLTNQdHppYTVyd3pLS3lPN3FBdDhDRlBYTl9KU2d1TE0?oc=5,0
AP_Politics_C,https://news.google.com/rss/articles/CBMimAFBVV95cUxOUThFV1poVl94b3hkenFsRkN5cG1VMEFMS3ltRERrbGdBcUpmaWhiU3lvTlFPeWdnVlJCemxkSmRDQTNBdG1NRlczSjNVdC10eUdWYTRuQmRIZVZSc2k1NnBWUU9NcU1EWDZoWUhPcVlHcEUwY3NnRm5sZjlrLWw5N3VrRlVmLXpDMUtvNGhkWlZJWmFQdXVOaw?oc=5,0
AP_Politics_C,https://news.google.com/rss/articles/CBMijAFBVV95cUxNZjBZNDJ3N196YnBJaXlCQWJZSnJ5UUp6MFRHeFFaYVBidUNoWDlrQjZxU3JoTXBqVkZOdTVrV1d1M25PWEIwb3RSb0tlQTJ3RVBUV3lQcUFISXhYQlpJM2E3SjZaSzh6WnZla3Q1aktGVWttejh1blVaeS1scWFFd0wxcU9ZMUFnZVdMZA?oc=5,0
AP_Politics_C,https://news.google.com/rss/articles/CBMipAFBVV95cUxNVDduTW9kd09RXy1YN3FMeXI0bzRyTTVfeDZKNURrMGNqMC03dFJQVFBNVENVSHJxa2hLeWtUVW5ISEpIc1JpZEpxTjZNcUFhRXF3bkJfeEptZlJnRkxhLUZsS0RGaGM1Ym51UkRnMkRpM2hBSkNLekF3VlRQZFJZRUVMQV92dFdVM3J2alBhNWNTUlRzUHFDV0hXbEpaMHZhcnpMeA?oc=5,0
AP_Politics_C,https://news.google.com/rss/articles/CBMipgFBVV95cUxQLUtGajc5WWEzS0VTeWVJZFN5bzhlVXA5eENVRXUxa2NhbEVuVmwyNWFVUVMySldpZk1sTXh2N2g0RThHMTNGZzBCRW5aWmhkR1RrdjE5azNQekdObFAteS1iWTZzbVpYVk1DVVZTTDh3MGtvSjcyTTFhazAwTngzMFoxd1dDaFRmUU5NdjlXWUpxTF96TlM4TURwZ2NUTnREVWxkRkVR?oc=5,0
AP_Politics_C,https://news.google.com/rss/articles/CBMipgFBVV95cUxNeFlnX19ieTJEMlljZVpPRklxS3poWndaV193enk3SFljNEFQQ3R3MzYxMTBrblAwOHZDOXdhWXpYR1ppNnlEd2M1d3FzLUFBZzdQc3FyS2J2bDF0X25lTEZ3TE90VEhvcXpBWTg1MXVXOFByMnFYbl9NNkZnRW41dXMyZEp4V3RwT1c1TWRpc3oyM04tWXBZMW0wekhLTVRIUmRXeXFB?oc=5,0
AP_Politics_C,https://news.google.com/rss/articles/CBMimgFBVV95cUxPOU11M25SMmpMUldOYXBYdFlOWk90S1k3X2x1QVhEcEF4OEdVZlFTOFlVM242b09ZYkJjbWhyVDI2SktfY3Q0TTNqVnlOZWJSXzYwZFd4WHpmT19iSFZZY2xFYnZlWmRlNU1xNndQaVlCT1FZN3BoTkFteEdNOVNrMVVkNGk3VHVDaGpNa1JBcXVJNzhvMHpCdTl3?oc=5,0
AP_Politics_C,https://news.google.com/rss/articles/CBMirgFBVV95cUxQMHI3TzNCTTdBNHo4NVRqUVdZRDVleHhVM0V0QXdwT3pkb2VzcUpZMTE4MlNySXcycklabndQVWN4RVVQcnJmd0dmckhfQWlUc2ZFZVdEOWZtWFRGZk1jSDEta1RqZndvTF9ma2FjVDlaczY1TkFDejV3VTR0WloxNU9VNktVclViNHhLS18yT0t4ZDBwNUJPci16V25OT2ZKZ1V4X1RLZ2lJRDhWbFE?oc=5,0
AP_Politics_C,https://news.google.com/rss/articles/CBMiuAFBVV95cUxPSjI2MEFCSjlNOEU3QWxoOF9URFhad01Nc3dSSDJvT3VpdTI4aWtCVHJmbE1admV1Smk3TVdlU3FZMUFCM1lkcUVuZWpMTFBfU2F4eldFeEVaWllEdV84NFNXdGJiQ1NKck53VVZaQ0pnR3FyajNYeUVmZWhsdDFBLUFGeFhWbXAtQk9RUDlHWmU0UVNLRUU2bm84OVNGVmtOT01DT1FzQ0kzYlgwYzV0RHV0eU9Zb2VB?oc=5,0
AP_Politics_C,https://news.google.com/rss/articles/CBMioAFBVV95cUxNdWk4OHUxeUxNdkJQZlc1V2VPZjVQMUh2aWJ2Zi1DMmVYV0pSYUVZejRST3NzbEdPUjc3NTlhdllSS1dwOXJiT3prYlItRGlKbUhsNW9jdkhWN0RyUmFUVE1fV1FkZVVvTW05bzlSLU9kMEVwbXpEcW1qSXpLTUtqRFBpaHpJR1MxXzZ4YWFZUjAwMXZNUGNyWHJlSnhnOGFl?oc=5,0
AP_Politics_C,https://news.google.com/rss/articles/CBMisAFBVV95cUxQMGRqRkZGUVpNUkQ0Q2xqalJJNmZkd2xWZ3lxMUtVOHBRYzBPLTI1eUJxOGJXVk9LTFN5dFVIN2tmbWlyRmpMT1BnTFhoUUV4UDNGdF96XzM4cFZUcXV5WnN0NFJmS0FFRHZ3OXBEc21seHFQQkVucGtYcE1BMVRUUWhEMllJWl9mVnQ3WENSUXl3RDJwVkhtdXQ2aU11Sl9GcENrN0ZHczFBai05V3kxNA?oc=5,0
AP_Politics_C,https://news.google.com/rss/articles/CBMinAFBVV95cUxNVUk0MnZnM0RCTVRtUkgxVGgyVnRqSWF4c01LZW1VeWhPZ19wZGduNk1qMjJFcHR0T19iX1IwTDNwSzBLN21tVW1aUVdESE0yaWNXUzQtSXBpU01GNlhaM2lnQmRmNTNYMUkyQV9hYmZEV2U0SHYxcUNSYW1lOXIwa29QeGNQTFVvV3Y0R080MDg2Q3EwOXZnVGhGenc?oc=5,0
AP_Politics_C,https://news.google.com/rss/articles/CBMingFBVV95cUxOem5OMXZ4V0hFampqTDNOdWtrSDhEVW5qSHpRN3J1Q3FNc0NJZ2lpcEdDcFlINHBUQ08wOEpXbmJSY2kzaVFaZEVOOFVqbXNfekFIZGdkZ0V2djVnbm0wQ1I4Q0ZJbTNmcGVGaUI2WFJNUmZCODBhakNaVWVZaTZneTB4R0EyZzFPRXJGZk9kdUd4VS1OS1VFY2t3LW5NUQ?oc=5,0
AP_Politics_C,https://news.google.com/rss/articles/CBMimwFBVV95cUxPVHJ0b1dwNVNtQUtDSU5TRFBOM09KNkRJVFl6NTd6T3FjMjk5NEpIbUxNd3FPbElQVEJqNVV5N2RrSmcwSkhNaHpTQUZGbzNGemRFcC1teVNDNDB1OFkyM080WHBuWW5vR0RXUmtVRmlwX2t4ckxKbUpCcFZFdHNWTEczVFlidEtnYWE2VC1LN3Rrd1VzWk9lTGc5Yw?oc=5,0
AP_Politics_C,https://news.google.com/rss/articles/CBMiqAFBVV95cUxQdWhGdU0tSndYZm1jalQ0QW50RmRSQ3h1Q3AySFl6Nm1OakV6MXl3OWo1NVhyNmZ4dDA0clBXLU1na3B1V0xGOTVad3g0NUhyenZxN2dpZnZCTlUzeEV6ZE5GR19XMDBRNGRJR2ZTeUNmdmIwUHdTa1d0eGwyTV9Vd2VIaHhHVElaWlYtN2Z3OG9MZk13dGlsaGZTSmxpZ3czWjRrN0Y4dVA?oc=5,0
AP_Politics_C,https://news.google.com/rss/articles/CBMipAFBVV95cUxQYmdXbkpBMkFXR2h0YnhYNnB6YllWdDdYS1o1d1VVZUdpQUJfaVRIVDE2OG5ydjgtWDNEdkJBWWllV3BDdlY3NmFXUFR6Sl9yUHFDemtvZUw1RzFYVVJrbUsySjZMY3oyYzJQZy1jRzdLeUZTWHV3ekRLZldNeVhfOGhvXzVCcXNpUG1sMDFidGxjeFdZWmtUc055eVdDX3RELXlTQQ?oc=5,0
AP_Politics_C,https://news.google.com/rss/articles/CBMilAFBVV95cUxQSmVRUjNia2ZMSGVXQjdRUVRjS1lHMFl6bVNYVjJnS05BeUZMeExBVGhVSGZFSkxod1pJV0VQUGlFODdob2ZkZmMtX3ZPUDR0aHFyNjJ0MkZSMjJmSHZWZ0hheHZCUXVSNEM5aXJSbHpsVFVaR3JpeGlVcmk5UlY3b19zWUYtSFA5NEgzSWR3dmZlck15?oc=5,0
AP_Politics_C,https://news.google.com/rss/articles/CBMimgFBVV95cUxQLUdlY2M5azBpZ1RWN0ItbUhRbU4tLXNaaVMteVB1NzZuZGE1ckJ1cHphS2FMQmN0YjlfRTU0QUplcUh0SE55ZFVjdzlyTVRMa2ZIUzN1VEpCekJHdFJpdUt0QThrUnh2VVE5dXNlWFJSVEdabF93VUkyNDc4UmpVTnFvTklmQU5Sdi11Q2lEczNPQlJaa3lHM2x3?oc=5,0
AP_Politics_C,https://news.google.com/rss/articles/CBMiogFBVV95cUxOWVNuT1RjR19kYTJYSGRaZG9uY3NuOXJna2g2Z19wWUd2cWFhTU54QzRMQ05oTmMxZ3VvUmpveExIQzFLMFNGVTNPSC15Mm1XVFBfWHJ6Z2ZHbEhhWDVxVGJTQTl5Y3ZYWUpTcUg0WWdFY0FjNmp1Y2tVUkE5YkhSWkdyLXRmWkE3VDh1OTV4LUFaREJYNU55djJkbllGNWlNT0E?oc=5,0
AP_Politics_C,https://news.google.com/rss/articles/CBMirwFBVV95cUxQRkZIYVlvbTl5aGpPTjBKRmRwdkM3Z0RxcEY2ZUlRa041My1TcnhON0lyMGhJSjYtOVpuNWJEVEVMOEdrQmtnQjQ3TF9raDJOZnZfVnhPajB4bmY0Rms1SFpfUi1PWXIzQldYT2kzN3k3a3ZZWjRLb0RxZ254VnJBcGhZVnZBMmNNSGh2LVJ6ak9qRVJDS2twaDdBWGhnQjVmX1lROTgxMDREc3ozbHdJ?oc=5,0
AP_Politics_C,https://news.google.com/rss/articles/CBMinAFBVV95cUxOdlgtVVJwSWZ1WFhnbzh2enNXMkZmRWNWMkdlRzhVSDZwQ2tHTVZOYzA5YzdpTUJOeFJtQlhLSzZQbkVrd3lGSjYxNnQyNUdMeVhWX1JRZGJXOWpURUp4UXlsUkpFMER3WlFLc3ZxT2JPM3VaMVZyS2tnSHp4enJEZTZyNkhKTnZEQlo3SGUyYTFRUTROMDduN2YtcDc?oc=5,0
AP_Politics_C,https://news.google.com/rss/articles/CBMiqgFBVV95cUxNNVVWaEoyc1hIS0w2cXM5UzlOLXBPQ0p5cVhTeUtmQ2JSU3JoWnZLbDV1akxMUzhHajlIcF9ySWJEWTZzdUVaZi1vQWFLS3Q1WG9keV85Y3ZtdFVtMWRSOXlmUENnZFR3Umc1anY0QXpTaFRIUjFDMTdoRUM1ODVKaGNPUlh4UmRQQjhaTnd2WENtNHpHYW1JWWljZXFBVTNKYTU3aW96aGRBUQ?oc=5,0
AP_Politics_C,https://news.google.com/rss/articles/CBMimwFBVV95cUxQbFB2WndCcVdPQllvWmdnZVAzVFlOZnlhcGRoMWdwVkZESVN6MTV5U2l3T3dsV2NqS0d0eEw2ZEIxZWF0cVR1MGszblE5aVp1VHNTdkFFVHFNSWdqQlNOY2VCY0NZaE44eE1LQ1NxMV8wckdzQlozWWg1eEFrLWU5SWJ4WWMwYXg2anh6aGtTanMydHpGemlXMEdBaw?oc=5,0
AP_Politics_C,https://news.google.com/rss/articles/CBMi1wFBVV95cUxQUFBjVXdnZEJpRk05bV9ER1JnQ0dYV002ZzZKZ1hnOERUa0JjdHkzYW56amI0X1lVSG5TQXlJSlduejFUTHFncnRRQVRDSEtEMWRYd0hYNjN4STdGampfNVZMTVExZW9MeEZpMHc3dkVySi1fNXdBYlZQcDFsNTg4WXpSV0lSa3ZLS0tiVFpHTW9sWjFJZXljTHdJY1lOeE11ckh3aVhkcFcxcmtPSk4yMHo2N1JwWEJCOThtaV9HdUpJT21ueWE1cV9rTzZJOTEwNWpvcUExaw?oc=5,0
AP_Politics_C,https://news.google.com/rss/articles/CBMixwFBVV95cUxOalRVUC1iTENXR3dHMmYtOG92eHpzTVIyTDlva2RSRUVRQ1VGYlYxbUFZYjVtdzRvaGgyWHRMQzRfWEVfd2poYmxPZzdsNDRkSDZpTkk5Y1FodndiNWwxVmY4WmlHOVVCbnhrNGc3bjBtVDg4Rm9Qc1ZZcUtFZjRKTmFxM3RSQXhPNU44S2RjV1BIcUFRQVg0RnZGNHRuaTJ3bjEwaWlNQ0pxcnk2X1FPWC0zQVZTTE5fQmdFY1MxYUY3YWEyV3dB?oc=5,0
AP_Politics_C,https://news.google.com/rss/articles/CBMiqwFBVV95cUxOSE5fazQzSVZNbEpDQWVLaTRUdEs0eTJVbHpUc3pTRzNlOGlsd3pPS2MxaEFEVUN0SUlwcjA3dDZ5TzVKZ25tSllsU0lGZzZ4T1pXRGdiX3dLOHoyVS00MDhhaVVDNXljQlVmU0NkaXAzanFQRWVRMnpncVlCUlNqMl9xNE5FYzgtSzkydldtZm90aU5XWGpia0hJUGlZc2xQdUR2Y2lBRnY1YXM?oc=5,0
Economist_C,https://news.google.com/rss/articles/CBMiqAFBVV95cUxNLUJ6VUN0TnRyalBDcGUwWHZWYkM4U1BfaHdNSUhTaW1UU3BQS2hYWHFDcFI2UTBrc1d0SzdvbkhKZ2ZUaFZIZkhmb0t2cVJjVDA3TWt2XzBCQXc5RHQtRE9xOGJsTlpVY2l2UTNoU2x0a2JXdnEySkVScDl5ajBPWGYzU1lIS2dGS1BXMElfc3kwa2dsMVdaVUFKWWZ5VWg1VkV0Tlp4Mkc?oc=5,0
Economist_C,https://news.google.com/rss/articles/CBMixAFBVV95cUxQM1YtT1ExVHliSkNCdno0QjE1YWtuZEhRLXM2SlZZTTVyNl9pckMxSXNPdmM5UXU5eHVwTVNZU1JHbTRHYmJPdmVTd2xUTTlxYmtLaDNKV3ltNXBXSmZDU09iN0NLazgxN3llTjQzQXYwa19rRzRzMFN6c0VUSm5ZRExZeXFTNk1wa3ZLaGRoTnRvLXlxbkFGemJHZ0VnTXNwYlhNYm81WjhWVmdxSGo1LUZfQVlBV2pMQllLV1RHamFCOHBz?oc=5,0
Economist_C,https://news.google.com/rss/articles/CBMisAFBVV95cUxPdDNTVDk0bTBNUDR4eWZpZmFqQlhydTZoNnA3bHF6NERCVTBMUDdoUW1OcTVJWlBLNFVCM1ZhMUE5NHlSNmtiQWZvMEtYRnFPS0RiRE82eDZIb3BWY2dycUF0WFplMXA0TF9zWTFPOFNmVU9QXzRWUzBWTEdPNE04b3ctSVZWU1FQb21scGlRaERvQ09sbVYybnpVc0JBbDR4NklXV1J2dUwwVzJPRDdISw?oc=5,0
Economist_C,https://news.google.com/rss/articles/CBMingFBVV95cUxNQWZwM1c4al9FekVrLW5XMDhJM2FIZ2JORFhWblNoTFhQaEdrUGVIY01SOG5fN3pKdVhjV3hXWG1wUnBYYjlNZUFhdENiU1k0Vll4bXpBVnNoOFN0aU16SEE3SGFuNkdjc0UtYlVWR2h3d3ZTc2lEVHF2MjNnY0V1ZmhYX3JaYzFiLTdha0ZtMGRNWGRxRlFpTkY0bXdXUQ?oc=5,0
Economist_C,https://news.google.com/rss/articles/CBMitgFBVV95cUxQS0pPWDlpRDZuVUo2ZF95WktBa3dKTzdIR0FITVNvLW9ZcFRoMUNvZlFRLXJoX091SFhab1NFYjllWGlQNUpaOUs2VFk2NHNGLURMcFBMUGowRWQ3MWZ5cUQ3MGJUYW1hLWs3a09LRDh0eWpncXRiSjc3UmFPZ2RzZ1hVT04tZGdBRHZpRVB1dElxQmJxdURjdm52OHZlOGduZFN3VjBicW1LU1doaGhWZzRtVXJlQQ?oc=5,0
Economist_C,https://news.google.com/rss/articles/CBMirAFBVV95cUxNNWQzMUpILUtVd1VsS2cwREdpNklZLTNNMVBtSXJwZElBbHNDWHhDMEk3N3lRZ3VnN19YWEh0VXRIeXZ4S2FkUmdCQU01V0NiSmo5U2oyZUFxLVVSUHpFNVdzdEc3VmxXQnpnV01kOXlHdmhKd3JVSWFjdVhhMmNRLVBfWDJpdjliT2U4ZHNoOTlHX08ycHJaSnBkVkhvMFo5eWdlYXhZdU84X3Zl?oc=5,0
Economist_C,https://news.google.com/rss/articles/CBMimAFBVV95cUxNMzhGNG8wd2ZZN2FRTGlIOWpZcmF6N3NSWFp4RXE1RFJ5ay03eldtMUNOVTB4QkNfNGRjR3JQN2d2UzNjWTV4aHFQdmRyTEs3MVBnWnlLUTAxU3Ntb1lrQzJETV8zYmp4NnR4ODZuT3hKZEg4aUcxcnI2d0pFMkdKQWhBZ18zN1ZWam1TclZrcnA5aTFnRUVYbQ?oc=5,0
Economist_C,https://news.google.com/rss/articles/CBMiiwFBVV95cUxNellSdHVJeUFiQmtoVzNHT0VEWWlUUFk4TUJwa0JDRTRRaGsxYjFCaVpJc0dVUEhhVDBLS1V5R05LSDhZZVBnZU9JMnBJZVBXcThDRFJxMjFiN0QyWDltblJpWkUyaExnT3c1VjY4RkxDNXU2ejgyek1HYzA0dFZPVHVGY0ZLX1k0YVFV?oc=5,0
Economist_C,https://news.google.com/rss/articles/CBMipwFBVV95cUxPaWJvNVFRVVhwRUh2NnRQaWJ1anZCS3NxUVdCTTNLamdGX1Z1V0JLdW4yZkdseWZjX0s5YVRXaU40Z3ZCa2pQVlpGNU9QYXd0TXRKOWJSWHh2QkRGbjZWVkUyN3hLekdUR3l0NFVtSXVLbEVNbXFRZlRCTlA0VE94bUFXV3ExRzFLWS1pVG5rUWpFQ1dkY2ZwQ2xNdkJCczBYLUhLdGlsaw?oc=5,0
Economist_C,https://news.google.com/rss/articles/CBMidEFVX3lxTFByQXRCbkNrNWoyWjRvaENfa0xQRjFaQm84YlhzZnFiNGZRMm0yYk84ZVR1ZXI4dW9NVTFOaFh3S1B3RUNla0FoWUFMVkc4cy1jWlAtVmRSMHh4c3VHWTR0MXhvMmFfVHBwVzRaMjFQdUU5NGlI?oc=5,0
Economist_C,https://news.google.com/rss/articles/CBMimgFBVV95cUxQdGhkSGlLY25UUFRJX1RIc1hHRUtUUlJ2czVPSFpEM19xQWptYjl0XzVocEYxSWdUeVdUQVROT2NBanNvODIyU1ZRS2ktMXBOY3dHLWZHa3prWG8wWFdPbmJlaFBQWk9tMHEtNlZtVERILVZNOUNlZ1dfbTNnMU1wZ0RlVVdyNFQ3dkduNGxudWw3ZHVHWV9wX1R3?oc=5,0
Economist_C,https://news.google.com/rss/articles/CBMimAFBVV95cUxPX0tRdW9OVXh4RmZUMGhBUHZOVm5RUl9LZjFnYU50YUZMLThIRFRaenNwblJKemh6TkdyOVVWT2JHdjVMNElDU25rYnAxNkNkcUZnT1A0LTVsX1F1RHFFcWhReGt5eV9idGE1NjlncnVWNWs0OUNLTDRpT0M0WUFBeXBWOU5xdFkxQ2pDX2lHakN4SWpjVzFjZA?oc=5,0
Economist_C,https://news.google.com/rss/articles/CBMikwFBVV95cUxQYmd2TjhVa1pyQ0VkUWJuLWhzUVRhTjJaN2ZRNnZ0bE96WEhfNERQcmk1dWEyVXNjUWY0MURsWlRSeWZIRXBXYVdKTmpCLUh0Nkg2ZnJhbl9VbG44SHFRYkdVa0hGZFBDaGZJaGZPYnBtaFk5TV9WMlQwbm82aWlFWllUYktPTmhkZVRPRk9oZEhmZ3M?oc=5,0
Economist_C,https://news.google.com/rss/articles/CBMikAFBVV95cUxPVXhLN3o3bnJKZ0RQa1lqYVpWLWhOUndyTFJCUzMwMUxkZDIxeTU2TlVMSUg4QVMwNmk5RktiLVRwZGVZQkR6bWF4ei1zRUduTFluZjZoXzVZbFhITHY0bHY0dGtYdnBWaUxlZ0JKQ3JrVTBZTC1RTG9VM29zY3Ywd2JOUzBzZ2tHZHk4dzJIQVg?oc=5,0
Economist_C,https://news.google.com/rss/articles/CBMilwFBVV95cUxPRUowdlhWc2g2aURDbmhvdlZIbF8zbVk1bEFKdXRuRTViamZodWJfUkEtakhnYzNhLS1ZbTRWUHpoNDlCeFE2RWNlbjRKNHczZnpjM19TLTNwaDdzTEIxaDZWRWhLNmxwZnRUTDFNZFRpa3JlRWFpY3RDYXctTC1JZ2xfOThMMmw4bkVKM2JtM2V1WkI3RVgw?oc=5,0
Economist_C,https://news.google.com/rss/articles/CBMioAFBVV95cUxOcE1RTjBwSE94UmNqYjM0SjBiVm9yOUNsNk12emJRZldhekd4dGVBaE5wcWNrNUo1dU4xeHFhT1ZXVllXLUtWdDREZ1k5OWJKVmhZOWp3VzliS0hOR3pJM3pCYXdLMlhpRnNMYWN1VXhMY2JyYnV4cHV5ZEJnVG9uclI1MW53RDBMSGh0TTZESXR4LWdyOXlhQW1jLUsyLVBU?oc=5,0
Economist_C,https://news.google.com/rss/articles/CBMijAFBVV95cUxObjNjUHVaMVFhRE5MSzhQcEFKMjZLeEZxd3pOdFlQS2QxYTRES0NmaVExeXFYYnFXQ3BmV2JYd3B6a2pjWkFOUmNtUmh1QUp2QTRGVlpWeUd6WUU5S0dfUUMzRGxtbTdvVDhyTWgwTFBNM0ljQmRWdXJEeExvUE5NQkVqSEQ3WHI5QVVZUw?oc=5,0
Economist_C,https://news.google.com/rss/articles/CBMitgFBVV95cUxNY1FFUTA4d25Mak1ZSlgzMW9XVWk4dDdYYTZjMEN5Q1R5dmZNXzF0cDVQVldUZld5SHBoSE1XZmpEYjUxM0pHUFhVUDVvNmN6T2tHcjVURjlkekROQmxCY3c4bFlBUkRrQmMwUWpBeTBtaXZsdWRkREc4amV5UVF5eHNSUHN5eVdtUnV0WEFvZ3Q4ZDJHb0wxbV95SV9QUEN3ajRkcjFCZGNEN2FwU1UwQ1ZRRkRaZw?oc=5,0
Economist_C,https://news.google.com/rss/articles/CBMipgFBVV95cUxQWGRaV1ZXdXZwM3UzQlV1bXZDYUp6UVY4cmhqXzQ5LVQtOWpBa25Td3Q4UnFGd1dBSkVnRkt3MkU0bTdDUDUyLWVGRm5ja2ZaSkZ0SEczSHM0cmJRTDhQWGQ4OFBYT0NETVZZRXZQOG1VVHpFVkJwWi1tSGNNOWd3LTR0d0JvRjRtUE1MRTdNR1dMQktWVmUwdGc3ZzJNcmExZGpWQWt3?oc=5,0
Economist_C,https://news.google.com/rss/articles/CBMikwFBVV95cUxQcnhMYnJMb05rRUJ0VG9EbU1ZUGptMnA5b0VuZmEwLVhPS280ZHVUNE1obXROV251MVkxVEQ2MnNrSm1CRTg2T0VrbGxnTTdZSWxCdllmUGluaWRMMEk3QkdyTF9wX1k5UHBwZDVLWDlqV3RDUGNpOVBuY0JPRHk2RUxqSnl4TklOZURPZjlUUWFwZFU?oc=5,0
Economist_C,https://news.google.com/rss/articles/CBMirAFBVV95cUxNZE11TG5wamlidUo0Ylk1Zjl0SHFGRG1EWWxpY3RmaktUWlRQME9oR3RPRFU0NDNNUkNfV0JIcE53UDVZbUJDWU14dXBCbmJSQ2NlMzAza09FNERyQkg4SmtNYWwyQVdSbWI4VzdCaUwxNHhvZEdLWWhmYlpUZlZpekljY2RBNVdrNDB4MndkMnZ6TVRPVWoyV01EbjFPNWlXVUgxU2xLSl9QTmpJ?oc=5,0
Economist_C,https://news.google.com/rss/articles/CBMiqgFBVV95cUxQeDJmTFN3UFZXdk81bjJaQ3FaUXZHODVsNnZYdUNtT3UxMmNlcnpqV05UOEhFU2dmOEZZb19LQlIzVXZLVi1sVG9oYlRXY0VvVUJYTmlNTDVtUnZtMlozS2hnZUM0aUN6bTFfQUF3TlF5eHFxQnJTaDI0TnAxS2pxb19SUmFHVXA4V3daU0xQQXhzYUlSLVVIRVFQdzBsX1FzNlNmTnBXNXZ6Zw?oc=5,0
Economist_C,https://news.google.com/rss/articles/CBMiekFVX3lxTE0wRnpuUFdsSndQSnQxcjZ4RjY1UEFFVW03Y2NQT2oxQ3NCZmhSeHJDdlRmYzJVMk1qRUFsR2JYUkZRNzVRc1NiZVVfblN1bWIxQTQxU05hNDBjdGhFekZENlh5dHVTNHJYTWZlLUNaX3gtM1pieXhqMWNR?oc=5,0
Economist_C,https://news.google.com/rss/articles/CBMipAFBVV95cUxNWXBvZkNLNW05X0NJT1V6MXkzUFZzY25ONnpWbzl6YjhlRTR0N2VkdWt5STVta3hsczJlYkRSQlZRZ1VBRVVLRGZZNDFScG40Y3hTUkl1UlQ3c1UzUmFZMjNydTBxY3dFRHRfX1NCOERpdDJONmtUdDU3cC16bXJXMDhkRW1BSnZaU29jQnFJX3EwaC1RZl9hM3JZaGNUQmtpc2Rkdw?oc=5,0
Economist_C,https://news.google.com/rss/articles/CBMihwFBVV95cUxNMXBhaHdRMjkwU3Uwd3dVSEtxQ2RKbjZwdkxKbmRSZXlVRUFETW16aDFCaUNiRVZNdnB2YV9ZZjRaU3YwUVkyNmZlUHpqamVQODVtV213SXFaTklCOXNkY2xQR0NGNTRTbjk0dUgzT2VGa2J0TkhQT2xHZEktTWIyYmtSanRtaVk?oc=5,0
Economist_C,https://news.google.com/rss/articles/CBMiqwFBVV95cUxNNVpDenlLVVljUjl1Y3M2RDBYcFA2Z1RxbDU0dVpSRG9XTXBqVGJfUnVpWTZ0RnFRbV9GenNwSUszMVpHekx4dGJib1lKdHc1eHotRzBHRE1Ha0xkYXJySXBDS1lrbzludmFqRk5DRDEzZzU2SDhBMFBIZ2s2ejVvRC1COU84NFVGaUNQLVptV3lZeENUclFQOUpNVDUzYUJwRzhvOWl5aFRaY3c?oc=5,0
DW_Politics_C,https://news.google.com/rss/articles/CBMilAFBVV95cUxPb3dnZVFsUnk1VFVWcWUtNC1Jdmw1RzlrWVFlNHN4dm5GT0pkVFNYRkhrMXZzSzVRaWZHMWxaNXJaUHVLUms0bXdNUXRkUVZMXzBocERIc1ZPb25Ka0dYdnZWSlRMSFlZaGhidEFJUDhDcXhHSzNFTFotTmJUZ3NOVTlrN0dpUVJGemVRLWMwN2Ytc1JZ0gGUAUFVX3lxTE5hM0czVUNlUHQ2TmNmQzJKeHFRZU5jZWJOcHNxSnhQdTFSaHRfTXliTm5YdldtY2szeVE4NUNTZ1hvMnN4QUxXdjEyS0JOdUJ0bEFNQm1Ma0ptYjVaZmRaYlJzNEtxQ3M3RGl2eXdUdmpqdWhReVl5REptRnFaSS1taWk3NHY1TVpQRnlhVlU2UXlXMnE?oc=5,0
DW_Politics_C,https://news.google.com/rss/articles/CBMipwFBVV95cUxPeHl5ZlllR1l0bmRMRlF0SzY3Y3RwTVRKQlJ5UzBYUFA3cUREVjVyVHp2Nl82S0FfRHdaRTlSaXI0MTlucVRkdVpNTWJkWG45TmY0NjNzVjBFOUItb0VvWFlWUFF2TTJuTTBZaVJkRFl4ZXlRdjRIVmJDNmJqbEU3bEZXY3JWQWNzZUd3NjN3MGJVdEtpLU9QSk9RY0VhZ2tWbkd0QmlUc9IBpwFBVV95cUxOdU84R1hfQ0J3N2lmUkJmMk40TzBha18xVnBnemxFR3kxcFlFTmxnMVF1SWNzUVQzNVZWakdjT19lVnVuOThkVExWSFdGTHQ5ZUFPdDNBcmhEajQxSlN2cThPYnlMcVZEaWEzTEV5V1Z4ei1YaTMyR3g2WUthOHRRSXhnd3o4ZFhUQmR2NUlRRWlOT19TcjYyeW1feGJaWG9TSV9hV0tVSQ?oc=5,0
DW_Politics_C,https://news.google.com/rss/articles/CBMiiwFBVV95cUxQZzJHenloVjc1RnFhUHJIRkFYQVQ1V0tLai0zeUwxOEIzajNmSVZ1NjI2M1BWLXVacWQ0Y2Q3TlNqLXh3S0ZNbVd2TmlzajNyUnN3Y096bXFoMkpGU25Tem1rT3REZHhtZ2dFb0Q4eFQzSnJXc2g0STdYaDZHejZxMW9acmI1em9mTnow0gGLAUFVX3lxTFBlNEJSMDhqdTZBeTB5bEhRVGt3Q2RYeGZoQUlzNHdCRE5oNTJxdDUwcnVoQnd6SUE2NVRlbURFeERWbE5HamRjdTE1ZFpiZ081RW5vVG00dTRnODZ2Vm9LWEt0SnF6OWI2dU5IR3R1YU1hNF9lZUhHa18yMU9RNDVXM28zU2VHekQ3Q1k?oc=5,0
DW_Politics_C,https://news.google.com/rss/articles/CBMilAFBVV95cUxNaUpLa0JUMmZvU1dpSVEzc3BxTGtrcEJweHRaNjRPaC1jc0Z3LTNPejNUaV9Id1A0eFVCWHQtVkNOWE9ZRlRMandIc2dRbXl1Wl9RVTV3UzlwdE5ubmxIT3FuOUVsQzU1R1EwLTdwNHVpUmh0djRjYnZvaHZTTGtzX21KSXBfaWIzc0NQRy1zenFBc09R0gGUAUFVX3lxTE5wQmVBMzllZm56Vm9iNnRjZG9NMVlsZzlqS21GaXJlaW9ta1FWdGNzb2NFbk5ueE9GaDh0WWFsYmhueGI0a0s0a0VNQnRycnZWSHJjTzRTZlZsRjBhY3RoSmpJQkhJaXFqUUxMUm5SXzc5SV9SLU1HT2Nsc2FuVHRVUGpPWVFQMGVfazFfNU9BOE9MSi0?oc=5,0
DW_Politics_C,https://news.google.com/rss/articles/CBMiigFBVV95cUxQbjg4VEZRQXZOY3hRVmxIZUlYZkh1dEVYa3dlc0QyUmRzQ1doXzdkNXN1QjRZUlhiQXlncE55QlY4ckZHYnJJbk8xelZrNGpEamlac1E2ckpxdlREV2FTcHR1d2hvYjM1ZnZEbzEyLXo2dVhjNGFEc21VMmtKU1BKeGd6ZHNBUnA4aUHSAYoBQVVfeXFMUFZXTk5MMFI0eUJwTEx4djd5dWJsZUxvYXpGd19YdE11YlQ0Znl2ZzduOW42LWJtZzc5VEhBZlVGdl9COTdLWkF0a0h0cGkwcDJnbE1OMFFYdjNxaURxRXJKcF9qZVQwSDFCaWxLV3hvdW43OU5oZU5aNEpHZlVVV1hWSjlfRFE5dEF3?oc=5,0
DW_Politics_C,https://news.google.com/rss/articles/CBMimAFBVV95cUxNUGhXVmRpZ0gwOU0xeVdyU2ZtVDZLSVA0a2E0aHA1bmcxeE1NZGU5UURkYUhmXzh1bklfcXlacDJrT2RyR0l4bVhTdHpxdVlwZURKR3JTOFJFRjc1WU9XNkhyN1U1WEdvSGJWTWx4QW1rZkxONElLaEhsblJRN2hXMmVFb3NaWTh5TUZjLUZlbUtiUjhSdXNPN9IBmAFBVV95cUxNTmh2Y0lTbzczMk5QYlU0VXpPaVphVHRIQkRGYTByQ1FEb2lvWUZoZFhZOHg5QmNsNUQ4TERZQ29XVU1yMUltR2NFUVE4VHZFT21ncE9LNUpzQmt4OEYwRVlHWmg0MHYwUXhNWmN0a2FWaGZKaUxFSHMtLUxMT1pQUktPSWxaaXB0d0pnVXF0aTRCNE5WQVM2cQ?oc=5,0
DW_Politics_C,https://news.google.com/rss/articles/CBMikgFBVV95cUxOTk5VZzBxQ0F1LXhNUU0zWkdqcHpUc1pmdHdhQS1RQmlNMHc5Tjk0Z0VlaEVYY3NrdXhNTHdvb1FvTjhPOTFjYnB5YXVUekN5M3RpcFllX1REeWVIY19VWEdYQWgwVGE2M2pLSXNteHR1a21GTnpNR21Pdk1uN2dqWXB6ODNlMTBDS1FkTVV4R0FKQdIBkgFBVV95cUxPQVlGWmt3TmFfU0tVTXZHdzdua3E3TzMyNW1RcHNiamtpU2U0cHJtc2wzU1BiRzdIVm1wXy00UzgtOHhOSXFYRTE0Yi1Cb3hxSENOV1BSQWw5XzZ4aHd1WEdtNndTZi1fdWV5QmZRbVVEbXlLLUZNZjZuUGZsZEZ2ZzI1Q3N4TndldHRYaFZyYS1iQQ?oc=5,0
DW_Politics_C,https://news.google.com/rss/articles/CBMiiwFBVV95cUxPRlRCNUZHdEsxc0JtVG9md25xZFRPUk9QZXd0dHFTSjE4U1YtcG1VZnRiem55LWZKNk51dWNoVnpnVW4xVmVTVUNHN1pEQUp2bzRGS3pLalhrallPbU45SmpRdE9nWkJWdjJVaVpaUFlYeHlqSEwwZGVrZks3MWxiUW1RZGx6UHFYbGZB0gGLAUFVX3lxTFBmQ3NFV0s0dnFNMUstdkhkblhyXy1wMS1URHdWOFd2VGh5ZWk0OXFZZkM5TjhpeVAtaDRKcFpYT25wVTZlS3RTNnFpMHpySU4yMHBQUHF4NGVhTzJZUjFGOUxjVWxnZjBMcDVOclVNQ3JwVktHMXRtd2xfMHdmdW0zQTFZVWh6OHppRjA?oc=5,0
DW_Politics_C,https://news.google.com/rss/articles/CBMilgFBVV95cUxPYXBVQWYxYU44SWstOFoyeEhwa3ZUUFpBclZmSEJpVDkxNjJNdU1sOUN5b3JzUU9jdHctTGk2cEJudHYxUzNzbzdBN1dKa1hNVTlEQkZBNXlRSkF1NEVXdkhMNzFrbUtTdUZId0Uzb2RNLWZuaGVOM0dwSE1jcU1scHh1d1NZVEo4R0MxTFVFbkFZbHd1VGc?oc=5,0
DW_Politics_C,https://news.google.com/rss/articles/CBMilgFBVV95cUxNN01nZHlVNzh2di1CMFdINnVuS2I3aFFOZzRGd2tmNExZak5Vc2RqVUVZQjE2SmFodk1pTEVnTV83VzMxTi1hbTdJYnBQS2d4cDU0NHY1VFVLeTAwanVCbTZnY2cxNEdTUmVBdnlHVkpBcDZrNnhua0RjdE9TX1dBNDRzaVZWc1BxNVExTFNDNXZjMVpCWHfSAZYBQVVfeXFMUHdZTk9vOVZYUjBIX1dtaWtJdnlaeTVuVTN2NGtjRzBUNm53QU1iSFRicW9YTTRmU2I0VEtLMTdabkhVbGF0c21vMDRodG9PRVk5d1NELS1xRVkwSTVMSk1ibjU0TDVTekcxWHVpdnFBa0NaSWI3aW1zX3BJMG04a2I1V1R2TERkMDJhRHZUXzF4cWRudGxn?oc=5,0
DW_Politics_C,https://news.google.com/rss/articles/CBMijgFBVV95cUxQTUtKRFd2cF9qb3dOU2czek1sUF9BSWJFaVNxandLT2ZDUXhxLVlKVHFIVkduMlFxNzlmVDdJeUtHQnRmQ0xPSFFWbUhoa1FURUVUczQ5b2RaZ012QTkzV01meDlmbG0wNU5xZ0VZNnRhbnE3X1o4bzdHb05PQWk4TDVXekxDWlF2RllsVU9n0gGOAUFVX3lxTE5Xc1RuSVNFSkFYd25tYnMxblRlcFN1SlRIVzUzZUhFUnYyM1YzWDNkSXlGTllCLUYyYlJNdXc2VllVWVNmXy1uSzNCaGZodnZiNzUwUFhUYmVZMDBzWGo5SDdrZXFNam9mbTlCM3Z2X0tBUTA3RGgzdEpFdkROd1BGQmg2ZF9XSlhyWDJuaXc?oc=5,0
DW_Politics_C,https://news.google.com/rss/articles/CBMijwFBVV95cUxPQkJIU1hwZHZhYTB0Tk5fUjZmYkpPajJESTF1YllvMDhTXy1ycVlHRngxZ2QxVWpKak1jSXlwb1dZSm4zMGUwemNTRktzMlVyVXFrb0t6RUVPWHh2SnViX3haVUNVVFA2X3hDRVNsdU9Vd3QySUhITU1USWpjbjJaM1pzaDkyTWZyd3lieUhIa9IBjwFBVV95cUxQdnlDYVdzWms0OVRHamFmNW55VFF6VTJ5ZFZUOHlmZms0d1IzajZmLWoyeG00cVJITFVLaWpPRmRTNmtwWkp1OXN0dDgzQ1F5Qm42b29zdVZucjlEdWlGeXlTNmhtMWRuUGxodGRTMUhzajByenYwdm93eHNFZ3lfYUpoZU5NNFJmbWFGOUhpZw?oc=5,0
DW_Politics_C,https://news.google.com/rss/articles/CBMinAFBVV95cUxPdW5MMmFHNlMwZHBmZHZYdDd6UVJmcVc1d25TazVTNUFtUnRELVN0Rms4TjNMOTVncWxubVl6VXY0WnZ5UUh4SWcyd3VuSklISjdCb0hpenR5WnRUb1JrRnRfMnpkX25fOGFmQlJkTW40eEVDaTFFN1RSUmVZQUdLTUtJcHVDMGtkYW5uQlB6YnJudDRkXzlHWThEaks?oc=5,0
DW_Politics_C,https://news.google.com/rss/articles/CBMigwFBVV95cUxNN2JJVTlRcG9LLVRzaEFKWjJVaGxWYTRMeXZPYzMwclJxdEJpOXlvcVNfUDByczVyemtPc0VJYzVBcUdXc3Bhdl9JcGlrampDLVh0cHZ1NG5ycUNlVjFKVjdoWC1KM3l6ZWNPU05ORExELVFiLVpDa001WnZONDVUR0ZUMNIBgwFBVV95cUxONC1qZUFuQzhuNmFGTlJfU05fQU1fUm1DVlg4STd0bVFqcHotbTlzMFJQYXRlcUxSVUNXX016QlZRdUpzajZnVF9LakpCN1loZlZFbzRaOURQVlY1TGxiV3QyZWFKVEMtZW1EMGh4NG9TaV9zZjl5czQ5cVN6a25iM3JsSQ?oc=5,0
DW_Politics_C,https://news.google.com/rss/articles/CBMiigFBVV95cUxQUHFHVHhCRzZSYXhQS1YwZ3NzcjNBNGx0VURMcHhtb3pVeWwxRGtvWi0tc2I1UDQ4SlBJV09nM3lBSGdfcmRVdkhVZVlVcEFPSEpvSXVGbldBdWVsWUJkNmg2d0JxY3lFdmtVQVpyRUdrdklIenpvRF94dG5ycjN1TXRyWlBiRGR0M1HSAYoBQVVfeXFMT1BFaDBVMkczUmpDT05uaGtWcTVLTXpMd0hJTU5nY2g4a3NXUVNEMDVkVFhKZDJ3bGVLS21VMF9yNnRlbDY5SGxaUml6U1JydFpVVmd4ZWZMRFdjdWhmN2xfME1Ndnpza092UGxRVWw4Vk1WT0V0bktXdmZ0dVA3Tk5SUlpCWGk0R3VR?oc=5,0
DW_Politics_C,https://news.google.com/rss/articles/CBMijwFBVV95cUxPUVhhUnBtaUMzQ0t5NEFtdEdXQW00VlhBbVViTDJqWTd6Z1Z3LVpZTVBCTmE3TUpDdGpuQUNmbjdZMmxEMzNyU2h2VkJ1Nmgyam1YX0IyWGFNX2dBcndxdEgzaXhCdGw5alhlek00Ul8wTTh0dlZuSlM1MXp3OUFJbXlReXNJRVdWRF80S2QwWdIBjwFBVV95cUxOWDktZE5HZ2ZxdlRXUC1aS3RsaWpTT0FscU5fblJ1WW9SeExRa0UtbjJjUHV2QjVaNDQ3VUloVWpzRHBVcUczT01HQ3ExcEFXbDliOGxrM3I3SEl3eFlmTjQ1bUNfY0ZKTXlrUkh1ZmI4Q0xfdnlPaHpSUjFoa3puUmNKR1lhVXpBVnQ4NGwyaw?oc=5,0
DW_Politics_C,https://news.google.com/rss/articles/CBMimAFBVV95cUxOX1VaY0dGTjVSejJWek13YlBTSm1WNVVkX1dvSDlNUEhWUHJ3MWZMNFFoeWlieG4tRm50alZ5N2lnVmVTR2ZNM1pMT0ZacTA3YnVnUktKNUdZcHR2VGt3bi1EN2UwTzFVSG03LXJHQkxYTHdWUlNfTDdtaUJLaEU1WlFSaXFKTm01NlRXN3FnYnlaZ3k0eUItNtIBmAFBVV95cUxPOWt2Y3Radml0WUdUU2JLdGphNlo1WmpYUjludUNad2xqSExxeGRRTlRyaEVmd2F3ZGpHN3NwZGlidU1Vc09xV2VHa3g1Q0dSRjVVZ2dKN2dsSXdkRURmYmxuVm1wajBhSGxXLWdnRU9NTVoxbUZnWlNxeVA1TGJROWZDLUhsWDlWTDUxYWE1TmdtUWxHN296Zw?oc=5,0
DW_Politics_C,https://news.google.com/rss/articles/CBMilgFBVV95cUxNZ1pydE40T2lqb3k1ZUctX0RPSERNaVhERTdzMmxBMnVsTUNyNWZjV1NMdUpWRzRjSURJZnVYNk1LSUtLcDFrZWF4WVR1cklnaU84YUZGdk1qbjhFM3liX1NfQ0w5VVpPWF9EYmdkQ25YSmt1eDdTOFA3Nkl4NWJIdGpzM1RETmswdlIxTzZMQVhTQlNMQUHSAZYBQVVfeXFMTzdTVVhTZVdPcTUzS2ZhdUpOQWNrU0hHcTNZbkZoREh4ZlJjd3dXTVlPdS1CWVVSUGhjNzhmZWFOZE9RSGxjTGl2U0Q3ZWFCYjk0eWlrVnpJZk5LaVlVZXQtMDlyWkFIQ1doeE9FaVJzUW91SEowX2YtYXZFXzJvcnRsNGtYNkFYRjkybUFrTTJnMlZmeFJR?oc=5,0
DW_Politics_C,https://news.google.com/rss/articles/CBMilAFBVV95cUxQdTBwanZTNHI3SHVRWEFYT080aFJJZUZ0WFZFVXVXdFM4OVZOUkRWYjRSZjZyQUxsRmUwcHppNW9WX19TQjBOMXkxY2x6dEtwYS1VWVpYVXJwd2Q0U3lNM1RhZGJfVkpOb0dVOHhvSXFVRW5DU3ZleFlKckpsb0dfYlZvbjJmNUdNVHFqZ2ZFUVhkQzk2?oc=5,0
DW_Politics_C,https://news.google.com/rss/articles/CBMimAFBVV95cUxOd0JpbjZxcnRqdldFdDc1ZF8yNmxMQjhLWE5GeW4xUGhRZ25vUlFEUlFrTXZOY0JhOGZkVm93Vl96WnZBSU5XZ3BwR0tpQUxTVmE3dF9WOFhLNGNuTl9TVGtKT2JZeG9EN2hlZGlSei01a2IzcVNhb004QlVRVzROOFFyZHh0amROX184OFJnc09GenRlemppdtIBmAFBVV95cUxQWVZCRGpkNE1vRl9NVEliT1ZJTHNDU1gweXhvQm9qWGtRSXFRSXBwWmNxTWNXNkJ5Ui1Ea3NjTVNtRkdzNG9PdUJhZlNpRmZkNFFKOW1fd204TF9NVE9hQjlheU82b2YwRlN6ajI5dy1BX3RwRHVYWWVyTVlQa0RmTUNsT1d6WDJ0OWtvLTIzNjE5QzZRaWpmVA?oc=5,0
DW_Politics_C,https://news.google.com/rss/articles/CBMif0FVX3lxTE91VkJ0bFlqZmVvQkY5al83ZU9lMGQ5dEN0WmZ2UFFyN25iWXY1OXhpWGJyRV9ZVjEtQWdRSWZTbUxpZFRwRmlzMTh5d1RqekpvZlFiN0pqTHBINkhTY0t2VU9ZUjliSzFFc2lrUnprQVJZb1NtUEs2WjlqSzNtLVXSAX9BVV95cUxPNFZmMmk4cm5XdXlDVzJrMDFmRHB6RFRZa3FlcnZQY0UtWVhyOS1vbUU1UXAzNUhwZ3NoRUh4cUlYXzlrTzRPSVFOY0FhckFWRzhNcUpFdWVVcUlGR2JxRlEzYVIxZWQ2MmdUSEJfMkwzRU1MZklzQWVOZmYzZ0tz?oc=5,0
DW_Politics_C,https://news.google.com/rss/articles/CBMinAFBVV95cUxQOGVJNUtvYXFfdzd2VUxDdF9qQzA3dFdWU3IwTWltYll5MEpUdHJIdGVrTHhYOXV6NlprWlBnc2pQYkFWUzh2UXNMbmhOQk5lTmVXMlVWeWJyZDZMaDQ2ZllXbFFIaXE4ak9DSXlaaDFZZDZ0TktzNjNfUmxSUnpHZktJRGNmdlRldHVoZHpIbUcyVnJlbkFjSEFXV07SAZwBQVVfeXFMUFpidnhGZmI5S2hJcHdXeFVYXzAzekdCb2g1azJ3bWlSajBERzVKamV6NWhuLWxLUXp1aXBwczdyLVhUTlFpRHhjN20xQUxoTDVQV3d4VS0tZ1kzcjlZS1RndE53OVhzdHl0NF83c0RxNFAydm1yMngxZ0o4TV84QVdYU2pSTnl3TVZkUEtpeHdfY0xfRTdIbHhocUh2?oc=5,0
DW_Politics_C,https://news.google.com/rss/articles/CBMilAFBVV95cUxQLWpXOUxNb29TSXQwYkRPdTZqS010SjdNWEU4NUZBMVRWX2ViRk9QQ2RSdDJqYjNfVWRkd0dHcXB0VG5sUXY4ZEI4N1lLUklKZG1OOXRQMElwcV9ydEdBZjVnTWxMclQyZ0RMZ2ExbHpwV1NPZ3lYMmlzaEctdjRpNGVfWU4zSVJUSlgwU3dkRms0LWRI0gGUAUFVX3lxTE1GWEltOF9oVHVNU3I0QmJtYUM0V3dibWJYbEVEX3dGSWJVSkQ5MHdpaXBENWlLajZlT2cyb0dBdS0wYWJiM3BxbDhQZk8wMkJwSDYyaDdqNnF2NlZWbU5qNHBuaGp4MzYyQ0h1VTBsVjlSQ0s4Y0E1QlFobmpqdEliYzRQa0lrTTZnZlZRN1ZHTlBYZjE?oc=5,0
DW_Politics_C,https://news.google.com/rss/articles/CBMijgFBVV95cUxPcXd3Ny1Vd2trclFaSnY5c041Z3ZLLXVGOEhCM2NNVVhnbHVxZXAzZFpyYVpZWHd6Q0dUTG95NnlPU3oxLS1PMWpweFBtQjVRR2F6ZW8xdG55NVQ0NGxRY19hQnFfZmRWcEFWQWd6RVpWX2RzOWxIZG4wdElLamgzb2dYUXNTeXRFaUVPWHp30gGOAUFVX3lxTE9QYVNKc3VGeFVFRGFOZUE2VV81NUVfR0VIU184ZmF3VnF5d3NfNWQ3ek8xZ1R4RHpZUktQcU96cTZCbzBUbF9xWkJQYWZ0V0pPSThsRzl5OEZSazdNN3RpVzFSaERLREpTQ0RFcVdTbmh5ZjZNeEtwbFVlVjZiakVZWkYtamZSeGFxZ255RWc?oc=5,0
DW_Politics_C,https://news.google.com/rss/articles/CBMiigFBVV95cUxPM253eHU0MnhjTlhaYTFDUmlRSG1kZktrcVlyNXFvMjUtZzc1TlpBbzFpSTBHNEFJaTdkalRBRU15VVBFZUdTbTAwb2FkUVlNSF9CYllENXNzc3JCclE5a3g0OEpsbC1jdkpDcjJkZnNPck9SbWVEbFE3NWdwRTh5RHZiQ0gwbXFWYUHSAYoBQVVfeXFMUFJhbHBkOGlGTFZlb2VKR2VlbGNQazFCV0cxcUhvVzZYN05zMHNkazFrSU92VncwWURuNUJxMklOUGxueGJ2QlBncGR3NEFKM1dUZFhSbXZfWlhrNGw3dUwycElFc2VHYkxPcTZoQS1oSlVPa3dDa0l5cWVwdEVVQXdoQ2pIX0p6VHBn?oc=5,0
DW_Politics_C,https://news.google.com/rss/articles/CBMikgFBVV95cUxPVXVlRWlkVjl6M1hBY0tsNmlEQi1ELUFXRWxqLUZFXzZqM25WOGR6YjZCYUEwVUx4R2NXdHRZd01GRlp0a2U0bTM2OTluM0dmb2lESXNTV0dtUEtjVFB2XzFIYlJhLVJSTW9Eb3lIX0NIMjFpYjN6UWtmMmNSSFRwcllQU2FtSUljQm5KVHBBR3lfZ9IBkgFBVV95cUxOUGVUc2g2SVhHalVOUEQ5RzB4X2oxLTdCTTBuaHZobWlmUmVzUGtmUVRSN21XSW1fY0c2NzEzWEJ0QmRsMlVtcVBQNWNIZkdLSXAxcExoMEhiSmNQeDJZLUxTX3lRVllYZ2oxb3I0VldOcllwVFJGMDd4VHJJbEpTc2dHSktZWlc4SEZVeGYwcGxFdw?oc=5,0
DW_Politics_C,https://news.google.com/rss/articles/CBMijwFBVV95cUxPbTJuR2VrRmhUUmNaZ0RTVTM3N2kxa284Qkw2N3dvOXVOSUdQN0RVWWJSVzdrWElpTjZITWpBMzVJdzJFY1QtbnFuZ0RHODZiNGpDX2JIbFE2TWk2djd1ZjdBQ0dBSlZNWW1kQ05uTFBDTndIRFoxelNhc1p5UE85U0E0MGkwaUtqcG5MVDFpY9IBjwFBVV95cUxQM0JxWjlNeF9fbVVtSFZaWkVyTzREM0xDWHFjeURsYTVFaWFsQ0V2YWg5MlV4Y0RHcVdwRzJ0S0ZmSWpBSFdzMjRTVVk3cHFiTmRKRTdMNkVUcTlJdjd5LU0xVnFMejJiMUFleTZVNEhwSWhTX2NrSGlKMmhJcHVocFFZMUUtTU1WZHlOa1I3VQ?oc=5,0
DW_Politics_C,https://news.google.com/rss/articles/CBMimwFBVV95cUxOWC1nM0lmVHdwTXNpOEwtLUVldUFYNU05d09oOW0tSW5BTnp4UzVGalFfdnptbjdQQUpBTzhMSl91RWk3WUlibEFCb0E0VmI4aEdLQXdwUEx2bzUzM1JCTl9hSzFRcU4zNzlNUVpwM2lWUFVxUnFFQnFvMkg3UF9XeVlKT08wZkxwa3RqNTNEZHFIdVhzQmx1VlFoNNIBmwFBVV95cUxNbmM4dk9LQjRpTXZDeGhWY1lfcWJFTTZIVGh5UUdkZWFSOGcwVjg3MGxJWG5LVE43M3hpUlpnU1FWbWJja1M3a2wxaDBEZnotR2NrUGRMYzhYVjN0cW9JN2dsRlNtRk5sbTl1Rnc0UXBKOVo1b0VWZWJaSFZ0N2xnYVFucy1MRGdlTERLS0lqOHdTUUs4M1JadHNWUQ?oc=5,0
DW_Politics_C,https://news.google.com/rss/articles/CBMiigFBVV95cUxQVl9LV25QWU9LclB5VUpRT2h2SmlKLV9xZ3VobVRteXAyWkxaaE9ydndLdGMzSE5UdlJSSTliZ3p6cDJibUNuc3VVZmtGRzFGeEtqcHNXUjlKMjVTNE9SOThSQ0J3M2M3WjhUb0dsM0JGaGVUQmJ2Uk1EZHIySEN4SHFqSVFzdy1hN1HSAYoBQVVfeXFMT1dyMHowbzZla0F3OXpjNXdXd0RnRXdVeG90cGE4UXI2UzRVZEtVWGp6bk1UZi1oNnlZbFdFXzRqWlM0WEpXdFF4Mm5uQWQ5Nk1VSUJzNHRZeElEaG9ocXhka3FOaDZlVTQ5TWxLOTg1SGVkVm80Wlc5UGpRZzFhLTN5MXpQSUxmRDVR?oc=5,0
DW_Politics_C,https://news.google.com/rss/articles/CBMiigFBVV95cUxOZnJiRDhxdllVdnU3NkpYWmhGLU92R2wxaTVJY245T0VPdDJHdF9BbTJhenNwdTJQaWRwdGJvOU53Zk5rMHFIT2ZVSUxDRGJpd0xNYUc2QXQ1aWZSb1M0Q0hxUGRxWnRROHQ2Ynl5TDBzVGlUaEFuQzVtRjNfTVoyMUJNam5taFVVWWfSAYoBQVVfeXFMTUV1bUowZFptWDdpeFpPMEk3M0VLSmxYcTFIdk13T3hvdHlVeHBnS1htYVdsM1h3Y0RESG50aHVudkdDU09xVkNOUWUwWGpjOElzU19Pcm5fWjVNMTVOZ3d4SVVzVlFJMkwzR0FWT0hRWVBsVkdrSE1rUFRoOV9NNXJTUW8zOXpUc3JR?oc=5,0
DW_Politics_C,https://news.google.com/rss/articles/CBMiogFBVV95cUxPUzJiNFEwTGVtc1d3b0NQZmxYNG5vMlA2d1lsQk43NGNxanpQTEcwTmIxd0czMlJ4QWFiZXlieFN3WkxQQ0JmYUJZamhHeVNmb1pVaUVvdVNyY24wd2lDNXBPbUpwaVd4RVByY3AybnVSR2lWR2JVQWpfUWlPR01MMkhFcEZNOGt2SVZrQW55WG1fS1NzVWJad09DVmVkZ3ByM1E?oc=5,0
DW_Politics_C,https://news.google.com/rss/articles/CBMijwFBVV95cUxPSFJrUEhBSjdZYS1LT1VMR01XSjFhcXltYmNaZXVXRmtYTGhFOU5HOW5rWVFMZHZ2cEZrSEdTRTZTbEdGTXlEWnF2WlFsbWRvT3Vhd0xhWGFCdnVMb1NYZDh1UlRLb0VoNFFqdGNha0ZZQ1d1MEZXMDVKRmVoM1BBRTFWeUM4SmFxaFZBanZzNNIBjwFBVV95cUxOalhsVXllSzhWN0VRdzhscXRoR29Fd2VhX2t5bGdBQzV1MUJBbllpd0RJRTMwZUxseVE0Yl9qYXZ2c3FlWlI3bjI4dF9nd0NzN1FFRmxhYTlRNWVxczVOY25rRTBoTjRvNkpQV0ZSTk4tbmd5Ymx5OTFtSVYzaUZub0R4dmVFZGtQaWtzYmpPSQ?oc=5,0
DW_Politics_C,https://news.google.com/rss/articles/CBMiugFBVV95cUxQb3EzeUY0bnhGNlZlbGstcHp5Skw3SEx3T216Zy1rc2c0UGhJUGJYZDRNNGExc0NMZ29lMGRIY1NiZ1VVeHc1Zk9kNExQRTVjV1F0dDJ2MURPOFYweXVuVXlYaG9rVWY3SlZoUFZXRmdrdXAyTVF0NDN4bWhLT3FZUXRMaU8xcWg2VXVBcWZlNzI1ZVVOM0J1MlMzNmI2UkhFRU1YeU5oV1FPRkF3TEpyRW40WmhkSUFLdUHSAboBQVVfeXFMT0JtMVhvd0s4M08wYVI1M0pqX1c1Tl9USnRoWkNRb1dFR185QllJN3pZNkwzdjd5cEJkUVFacVNnamhjY3NKRGQ3cEpIa1JuUVdRVW1BeU8xcmRNV0VwN3hlOTNUUVFwZi11TlJvUkFFVld3c2FHZDFYY05zUktfWDVpVmVSb0k1aG9CRXNFZjNEa2tsY3JOLXdvc3dZcTdlZXpOdVpsVzh5VC1vWnJ1c3lLMDRqNzdFci1B?oc=5,0
DW_Politics_C,https://news.google.com/rss/articles/CBMijgFBVV95cUxNeXdFMjJJQlE4aGRWZ0FmUnNIcTNqcmVvM3lmYzJTa0V4MXJjVHpQMC1UUmRUbFdjaDRnTGJKcklRQ1RrbGxOZUlsTDBfS2ZDaEVHZ2J4RjVudTFUM01EcmJjYmoyVl95aVRvSXlIV2V6dmwwZUdsRFpIQnhvLVhDMDc3Nm13dnpMbnlXd25B0gGOAUFVX3lxTE5mRmpsaGRBc1VmNzdXVE1BcWNTUDRZTG9PVUJKTXJoMUN5WUpwaTZWblRNUmtES0ViMEpNR09zS05id0poZENNYVFYRGxvRlNaTzVqcVNKVUwwcnNURElJQ3MyZWZ3T2EyNzBjYjJOY2lmeTVIZFNNWjhobnBnMndwVE8wdy1vVW9wYnJLaWc?oc=5,0
DW_Politics_C,https://news.google.com/rss/articles/CBMikwFBVV95cUxOTlJnbUlRSzhaVVZZRnF2V2F0cXVsWUNvWFFHb0ZnQzNkNTJCdzA1aWxTZnVCZkFUc3NBQmE2dVhENTN1MVRKcEdRMkpVNWpSc1Rtb1ljenFYaUwtWEZrMThHd19WU0dsR012SXhoOV9JYUNCTFlrb04wMC1jWWtTOXl0QVdyeTJjUXBLRzlZdFpvdVHSAZMBQVVfeXFMTnl6SkdNeDZZSy1VZERBWmRRdVBCenQzaUxCWkJRbDUxR0ctMHluajZWRXg1Q3dUcGxIVnFuY3F6M2lNY2ZyQnhzRENCVlpoRkJmNC1iODFxNS1YWE9OQVZtd201QmVRaWYxX1VGQm04eWFieFZMcTFXUlpyVG5pSHRyNjZWS3h1Vk82UFF4aHhSa01r?oc=5,0
DW_Politics_C,https://news.google.com/rss/articles/CBMikgFBVV95cUxOb0VkS2VGNGN6RXhUYW1KdmVFREhLOUl6YUJuYzdOVXhYNGIyeDlKSzR6RjNPTTRITVdUWHdqVURFSzY3UFNMMWo0T1JIOXBhUzg3Q0l6RnYzNVJCWnRPYVZtVFozLTZpd0VMRENyak9LQXRwdzlXVlVJXzVsdW9KWjl1a2FrQllJU3ZHbjFxaUx3UdIBkgFBVV95cUxPMjdZYmFfaG91NTk5NmJUTkVnM283a1JIV1VjTzRXMlB3bHI3N2JuOFFIMjI2eG52bUEtc3JCbGRmUC1XblpHZTV2U3hQaTFfUFk4MUpLRFVqWTdBRTJSbnJWTE56YUNoWk9ISUJEQXdNNlRDdEplVnkxVTZpYTE4a2hubHlxMmpTV3pVSG5CaFRQQQ?oc=5,0
DW_Politics_C,https://news.google.com/rss/articles/CBMilwFBVV95cUxPY2o4ampvcnRWeWJ4MGFJTkdIVlRmZVZkTHBzMGNtWjE3SUdIY3FoVFBKUVdMcjlqZ2FFSFQ1UTJXQ3FnVVgyYlJsenNfTHM5ZTd0MUpzSlVvbC1WS0NwTlNOUG8yaXpUOHJkZkFMTENqb2pILWdFck1SUEhBNTdacHVtNHBzRHZhM0J4ZHRXdUlSQW04cUhN0gGXAUFVX3lxTE1keWg4Uk9EbS1YVE0xSEZ6V09SbXhOZ21mNlFoTkdWZGdGOFVHUmc4U1Z2Uzd5YkN3UXhqZ2NfT2hKeVdmbG1IWUs3MS1HNURBajBmTG5SU2pJSGdCNnVlLUR3WWxnYkozbm14RkpiRkpQbkhQQnVXcjRQMGlLbllVQWpxZ2dFdk1WY0tHV1dlVnF3ZEpWSzg?oc=5,0
DW_Politics_C,https://news.google.com/rss/articles/CBMijAFBVV95cUxPdk9VR2N0aGtld1FqenZIZExVeXpZV1ZHblNXdXEwRVNfQXczU2poTVhWU09QallqVVRUc29UYk9xbS1ranFlY0hKdWQ4TGJJdGoxY3o0MEd3RUczZktuR1JockR3b0tCckhMbU9vZktfTmxWaFZBUUtpaGZPQzU4dDl2b3NnVXFJREVVaNIBjAFBVV95cUxPRkEzcjkxZFdtaFNxZzZtUEFoZks0RnBVdjY0aDhXdTFqd0hxckJ1dk1yUE1fdm5PU1N4M0MtRXRaVGlaWGdBVXBLeU9UMDNaMXlCd25nNy1vSWVDLUpaNFNrR2xEbVVpeEwxODNPRzBtVTMxbk9wX21sM0pRcl9oYjVta3JXOUphTGM4dQ?oc=5,0
DW_Politics_C,https://news.google.com/rss/articles/CBMiswFBVV95cUxPNl9icXg1RThrMkF2SEh1ZEhjMnVnbzZKZ2tFbzFvVUZGT3FyYzRsMjU5Z3RPalVhSEdkVmtLU3ljQnhyMEprUXhrQ3RkUEZSbGhKekRHUnZscjc5VzJfcVNXQ2NWeHRseDBENF9EdVc0ZG1TZzZtcjBuWlA4YWNDeTVZTDdURm1qaU1ILWFzOHJsYW50Y2dwV0d6Tk9kbTBzWnhETTN2aWZEMDYzQk8yVHY1MNIBswFBVV95cUxOWVpzakptN1NYNHM5WHVMOURJbEVaTV9qRzdzTnpvVGl4NjRKUmFLa2liQjItZHZ6WFFtc0RNd3NiR1p4NzhhcVFSS1RWd0dzcXoyN3BPLXIzTHVJUThaOUVLekp3Skl0dllINktnWEdCZXpIdkhOSkFOQS10N0JEUU5aai1QbmVCNVZDYnUzckVCZlo4VFdaRHhYLUZRbGRIYWRhSkhFSk1hMkJQemtnVnlxUQ?oc=5,0
DW_Politics_C,https://news.google.com/rss/articles/CBMimgFBVV95cUxPTV83Sk5uY21PU0pDRWVUZExJUlk3cVRESEtaXzlWZWhBWFgzSGFidTB2T3M5bHFBUWozQ2pkS2NJSEw2a2NOUkljOUNZYXlIVXVDUFFKbTRoTTVINEtYZ3JaWWtuX3ZzZS1fU2ZVWU93SUd1V2ZiWEJabjFybWlQZ0xZdU1xa3hOekNSbGoyQ0VnUUozcWFOWjRn0gGaAUFVX3lxTFB6N0ViT29KczRFUDVxVkhsMjdTWHpOZVA0X09xbUZ2b2pENm9QNnRYUTduSGxxWDhtVk1iM3RWM3dxcEhRbU5PQklPOWpxOFJuOTFaTHJleThLdlZ4eFNiZ1dyTHZ0OE5CYnhHR1BHRXBWZDYwWmNXcFRqYWhDT0d2ZkpBbC1ySlVBSW8zMzJrYVZPdmxnXzFKdWc?oc=5,0
DW_Politics_C,https://news.google.com/rss/articles/CBMiogFBVV95cUxPYUZLX0wtSU9LcTZRWi10eHJuNjNObm9fNFVWaHJzczVBYnRGaHFPOHd4ajBqdmxzUmpvekFRWnZBUzZmV1BOMDRtaklvOGhCMTNJZ1lzdXBLOW93R2p2SXI0bGxUQUFjRVRHVkFBYXJSWUxsUnVXYmdjdjJTQWdldkU1NXNoYkRzb3RoeEU0TVhzNDlETFJ0dS1PcHdNZzJrbkHSAaIBQVVfeXFMTzJ0N1dYQnN4dVEwQWRydDhrcjl2MkFBNU0zZ0FKZDBDdlV1dmJYQm1pdG44bnFaaG9Ca0JFSmpGQUlOUEVTMzNJeWlVVjZRc3N2RkJ6WUpFQ2x1am43ZWhvSlpXb3JWc2V4VF83N3lBRjlWdExQemxlelNwMGVmV0ZLRG1jY2RyU1E1cGI0U2hEeno0THlxbHJRS2VZU1p5dVNR?oc=5,0
DW_Politics_C,https://news.google.com/rss/articles/CBMilwFBVV95cUxQLVZRc3lIZi12UURMY0pYTGVjb19XSXFuanFPbGRPN0dMSXU4MUMzaHFOcDZvcnBna3I2Q2RSUWRsb2t3dF9meEpmWHRPVGY4bmFPS2hLRUs4NGFHUThtRW9tMjl6Z2QyWTZ1RzR0c2VHZkxDSEN3NjktcGFZQnNpckNlTFZVQTBSdzYwM1dXUHhpUzVkS3dF0gGXAUFVX3lxTE1lNjV0aGRLWVVleG1qNGVmTGw2ZlI2aFlLaTZwOU1za1ZvZFJKNEJxb3NvTDVpeVFTMXA4YmhWaUdadlNGdnJiei1ZcWd5MU5USmxhWERNSVZyU1huMm5xbWJpbnNNQkJmNDZKRFZKTUdJSlNSVGZDeFJYbnkxSTBVUjA0dE8zRjVGU29DUGUzbXhwUjJDQjQ?oc=5,0
DW_Politics_C,https://news.google.com/rss/articles/CBMilgFBVV95cUxNY0g4azYtalJGOTVWZXhTZExDRnhLZm05cFg1VEkwekduc0Nhb3ZWMDNLM2RaNC10enNMb1J3Z0RKeFFRVkI0cC1qVE1GZFFBVFZfRkhrdk5wWm0wM1dSNHZXY25vQ21Ob0Z0RGs1Z284N05mbmhZTElrd3NGaTgxTDRydjVVVmVtTGY1OGdNTVNYRWdUa2fSAZYBQVVfeXFMTUloZmF4X0EzS3dSdXM4dl91ME9tOVZKU3RrZ3FOd253Z1NaWm9VajlISnpUdEpqaDdRcDctYTByaGJpa0Q2S1NKZkJ5RmgtNjk1Wm9HMkw0bERyV21OZGt1X0hQQS1wUk5mc1pPZFVCR0NXLUZYdm90TThMeTVqTTcwWG5sSXM2NXlaNHp4MXh4MEtrYnJn?oc=5,0
DW_Politics_C,https://news.google.com/rss/articles/CBMijwFBVV95cUxQR1N4bFktWWpMdkJTZDZyU0d2Rm5uckEwQmViaTB2WGk0emtCay0xWXU3T3N2ZVlEODBUTTc0SGRpV1p6OVVLbTFyNUo4S1AzMXV0QnBLc241cWlJdFBic1dpTVFucFUxMFZDVzZaSldTODNNVG1hVk5tWHBUcS1CV1ZLX2RMV083aktmWUdNRdIBjwFBVV95cUxQd1ctbHVvTlZ4NnMwUXNxNC12RFJxaGVhb1dURFpUaExFektfOXdodFJpUjE1UWlndFEweklvSGlWdHh6dHJMbkJ6eE1RdlloalBfcEo5RldTMWhnVGxYbFJFLTZ1c0x6ZnhvQkZqOWxVeF9sVlRXLUJSWVp2MUMzVE1zNHg1Mkg2bERONTNVUQ?oc=5,0
DW_Politics_C,https://news.google.com/rss/articles/CBMinwFBVV95cUxPOUF4Vlh6ZWpBbXExd2ZyY3RhZWJDZ3duT2lkWlNMaVZITnVReHloZnVDcHhhTmI2R3Vyek5POGpUNHp3eU05bktsSkJoSFZ6Q3NWRVI1empZRDhtUGtmcXowX0FDd05hNmVGTmhDUVdRY0pwVm5mUmg4Q0JYcEZYS2FGRldBTDU5YnNhZjVqR2FyUnBmcGpBc09TcVZqVlk?oc=5,0
FinancialTimes_C,https://www.ft.com/content/5dd8897d-5627-4f5c-bb38-750af2525f2d,0
AlJazeera_Politics_C,https://news.google.com/rss/articles/CBMiwAFBVV95cUxQazc3aW5nbHViekNXcGFIU3FnM19QZ0sxUlA0YjYzanZBdDk1SXZ6SlJNYVBTMWtScGtGaEx2WFF5Q1NiRDktVlBiT09WYnQzM2ZUVGRSWDZGdlZ3TER6MXZqZVhDUG0xanJxX0VqYzlhMlI3MGE2SXRtYmZDdDNmOUhNOS1mX1A5SkdjTVBmckJtaTFTTW5FX0FMM0pnSFBuT19zYTdpMDZKUWJEamZTOUR6a2J2dEN5dU1QcTFSSlTSAcYBQVVfeXFMT3pkY2FrTWNJYS1LRGdjSFB6clVrZ20tRm1NTWpWYWNlUUJGS3lXclJkVmdxSjBqbVktZF92UGZfNVQ3SGttNFZTSkh6aG5CRUpWQ0JILTNkX2x0TWFfNmc4ZGZyS0pLUHY0X0o2VjRlaV8tOEZrTWlpQUE3QW0tWjZhSFY4cUt6VkdJSFFTTzBqUE5iQXNQTVpmSjdlWDMwUTdLM1lEd042b0FOdXBSeFRzaU5iWkJIUkZ1UEczTkFOZUR1Nlhn?oc=5,0
AP_Politics_C,https://news.google.com/rss/articles/CBMi3AFBVV95cUxNdG82THE5WnBJeEI1UnhPQmdjV2xHM0dVLUpuWGtfM3lKNDVBXy1IbmVUWGJsaFZXRUwwbEQzb0EybXVYTHU4VEM0dWxrSGwwYjFWcF9talF6S29Rb0diMUstQTRXbHZPNDVyVllXX21jMVhSNGJVMm14d2FtcjZPWnZNVGN1YkJGZGdWZndnTWRiendBMXdQZEhiOTNLNzdxSG90RDd3Q18waUV6MmtzYkQ2dXlVUDhIUXdFQmZ0b0ZpQ25VdG5BZFdDdGFYbnMyTkRXMDhtZ1pjT3Rv?oc=5,0
ProPublica_C,https://news.google.com/rss/articles/CBMinAFBVV95cUxQR3I1MHpta1h3X2ZxS1h2OWNmNXF3RkZ0VmhOVVA4Z0Rzemp1NGpfTjh6aHUzZDByRUxIU2hjeXczVk1zemNNRllLemJLcEt6eUppT21VN1Bqcm1BbG1wZG1yWjFIenhVVzc0Tk1HSHZ2cmwwMlhobmlsTkkyaDRUZktwZ3NpczI3UDc0cjQtaDVsc0Zxdl9STWtWT1I?oc=5,0
ProPublica_C,https://news.google.com/rss/articles/CBMikgFBVV95cUxObU9zSDFScTQwYU9ZZEdmNXlEWjVYckhWT2hYY2J4eTBZZWppQkJ2d0RmS3V1UWxGV3BRNW55cG1Bdl9uZHRuWmxZZVZlb2htT0p3aFR1RURKaFZwQ3RUQnFFbEZUTER2Q2o5dHcySjRiT2hlV0FvUHZ6MDE0Vi05b3BObGpKNjhhSTJvUG9Pb2xSZw?oc=5,0
ProPublica_C,https://news.google.com/rss/articles/CBMijwFBVV95cUxNTHExb1lDMDF5X1pabDdQTHczR1lMcWNvOEJKazZJQzg3NXJrT2VIT0dXMjJzTWJULXVUYUdCc2NTRlRKamxOaXJzU29tU0JhSm5FOWZYUFd5RGZHdmx4U2t0WnBnZWRySGg5NUo3VXFKXzJtSkticnBRTzMtUHBLc1B5VDVpVDRnWGRCMmtwVQ?oc=5,0
ProPublica_C,https://news.google.com/rss/articles/CBMisgFBVV95cUxQMENtQU5TRTBzRDhqYkFLZUs2REJLQWUxbzl6c2R3MGpPaWtIejM0MDZQdFBfOVZzWjNPN2Jsa2NxemZTQWw4SlV5RTVudUNHVnJTMG9IN0FCMUlzNG5DWm1fdjJVczZXaVdIejJFaU14NmdReEp1ZGk2N0s2d1BlQUxIel92V2dKTTF3MlVOZXpOUXZLZm1qVzNtTlBoYjRkVlZsby0weS13Nm1pdHQzb1lR?oc=5,0
ProPublica_C,https://news.google.com/rss/articles/CBMif0FVX3lxTE5ZUzZTQVdCbXd6Y0stS2d5bjFRN2x2ZDNSYS1uWTNSVkNxN09hT044YWRmazNUU2tRMWlEQzNrbi1zRzlvS01feHI4WGgwbE5SYUtYMk9uQXVha1JaNEpKNFdtZFZLelByOV9iWU9YeTE0a2FVOFg2Vlh6Q1pKdGc?oc=5,0
ProPublica_C,https://news.google.com/rss/articles/CBMitgFBVV95cUxOWk9WT2hsSi13bGlfY1JyNWhCdm1oQVNjX09DOVY0Snl4ZjZGbjM5WWJHQW1uZTZpX09uRnR3dDBhUmRRYzNoM3lsMkdzdURWMUt3bE5QdW5wUVFHbGp2T0JCb0Q4dm0xTmprSDRnOU5TMFVVWHJZMEhqYzVNTUVCYXdKSTZTZWRZQjduVlpMdndGWmlSTzNPQU9keVRoMXczNFFDUklyYmtFRHlPQUN0eDZwMWxEQQ?oc=5,0
ProPublica_C,https://news.google.com/rss/articles/CBMipAFBVV95cUxNM2l3Sl9EeTlKN0tfcUU1aFNqVGZhbk1ic3Y0b09OeDhMSTN6MEZFOGl0ZjVSSkZFQ0hEaEF4MEx1Wk9yWTMxTEVyR2RYVWtxVl9pbXVSWDhBWUNnZTRrLThFR1JCSU41VGVqOVJTLUNYcnFyc0hmdzlUUGVFeTVNV2VaNEdrUTFXMXNCRTBnMV90VTNFeXZvQWNnMWc1eWZZcUJMQw?oc=5,0
ProPublica_C,https://news.google.com/rss/articles/CBMiwAFBVV95cUxPZzYzZkxDN2VIaE4zbkVOTzEzckpWaG1Tc2RhMkNMd3dDTEZTOXVDVE1QZWYyVzNOUlhROE9qaE5yVUMyeXNuZ0o1U3J0eno0SGxsYW9SMXRTOVVHLThRNG1oRlJHUTdudlFfWmtNTDhxcXRPZE5iRjFPRVEzc1p4Tml6akJ2RXJJdTc5NXZrS0lFWGlqZHU1Q05SMWpqTzl1QktFOTdfVmdvaFJhaVB6YXZsR1pEcWw5Z3NxYWtQU24?oc=5,0
ProPublica_C,https://news.google.com/rss/articles/CBMidEFVX3lxTFA2RGVKaDhRR2c0WWZ3d2RwcThZaGRLcV8ySmN1S2hSVVFBeTJZcUpneUI5S2tqT1dna09qV080dEIyY3BlM0tmQ3dqbmRzeGN1OWpVQ1VKd1Z4RWw4Yml2Rm9nSmJ2bm1LT3pPSnhjU3duQURk?oc=5,0
ProPublica_C,https://news.google.com/rss/articles/CBMitAFBVV95cUxNYzRHTWEwTE01djRKanJnODh5VWI3V2h1bFhFVURjSThkV3Y3TkVLc3RLWnd3WkVHY0daSkwyOEhhbGtxYy1DbG5pdF9jU2V5WEIzYmlnRnhYVC16Z3VKa3VCdC15c3JMWlpkTXp3YWZvd3hvQmJZT0FzTUszS0ViT05wVUp5Q0dWM1B6VkhPeUgtdmlsckNCRG5xdjRibnowRlA4cnBWRjU1WEM5TThTOGljcFU?oc=5,0
ProPublica_C,https://news.google.com/rss/articles/CBMilgFBVV95cUxORnlzb2VRM1dhMHZPeXFZdTN0UWhYMGhlMW83SXNOb0U3Tk9tUXMwVjJ2SVVabUxBajhBUWpKWTh4RVVqZGFBSW9sYVEtUVZPLVpiQzJiMUFTLThnMnU0M2dBWWhzbkxNbThOUG1nXzBHVE85RmVsYWJxbE85MlR1Z0d5RmFzNDZJeC1Bek04VDJhT2paTXc?oc=5,0
FreeBeacon_CR,https://freebeacon.com/national-security/anti-regime-protests-reignite-in-iran-as-trump-prepares-strike-options-targeting-islamic-republic-officials/,1
FreeBeacon_CR,https://freebeacon.com/columns/theres-more-at-stake-than-just-medals/,1
FreeBeacon_CR,https://freebeacon.com/crime/we-feel-trapped-maryland-judge-authorizes-eviction-of-prince-georges-condo-residents-besieged-by-homeless-encampment/,1
FreeBeacon_CR,https://freebeacon.com/democrats/alert-matt-duss-poised-to-surpass-ian-sams-as-worst-democratic-aide/,1
FreeBeacon_CR,https://freebeacon.com/courts/supreme-court-tariff-ruling-shows-no-guardrails-was-a-lie-puts-congress-on-the-spot/,1
FreeBeacon_CR,https://freebeacon.com/national-security/iran-rebuilds-fortifies-remaining-nuclear-sites-to-defend-against-potential-us-strike/,1
FreeBeacon_CR,https://freebeacon.com/democrats/dem-rep-stacey-plaskett-visited-epstein-at-office-he-used-to-scam-virgin-islands-government-out-of-hundreds-of-millions-of-dollars-records-show/,1
FreeBeacon_CR,https://freebeacon.com/latest-news/trump-says-iran-attack-decision-will-come-in-the-next-probably-10-days/,1
FreeBeacon_CR,https://freebeacon.com/israel/new-york-times-columnist-tom-friedman-plays-his-readers-for-fools-again/,1
FreeBeacon_CR,https://freebeacon.com/democrats/maryland-judge-signals-condo-evictions-can-proceed-after-last-minute-pause/,1
FreeBeacon_CR,https://freebeacon.com/democrats/jasmine-crockett-must-be-heard-the-democratic-partys-war-on-black-excellence-is-out-of-control/,1
WashTimes_CR,https://www.washingtontimes.com/news/2026/feb/22/us-firms-scramble-refunds-supreme-court-rejects-trumps-blanket/,1
WashTimes_CR,https://www.washingtontimes.com/news/2026/feb/22/never-trump-republicans-still-issuing-dire-warnings-anyone-listening/,1
WashTimes_CR,https://www.washingtontimes.com/news/2026/feb/22/scott-bessent-treasury-secretary-tariff-revenue-projections-unchanged/,1
WashTimes_CR,https://www.washingtontimes.com/news/2026/feb/22/trump-says-hes-sending-us-hospital-ship-greenland-local-officials-say/,1
WashTimes_CR,https://www.washingtontimes.com/news/2026/feb/22/trump-un-endorses-rep-jeff-hurd-opposition-tariffs-backs-gop-primary/,1
WashTimes_CR,https://www.washingtontimes.com/news/2026/feb/22/ambassadors-comments-israel-middle-east-taken-context-us-says/,1
WashTimes_CR,https://www.washingtontimes.com/news/2026/feb/22/man-killed-trying-enter-mar-lago-shotgun-gas/,1
WashTimes_CR,https://www.washingtontimes.com/news/2026/feb/22/trump-tariff-agenda-tripped-supreme-court-decision/,1
WashTimes_CR,https://www.washingtontimes.com/news/2026/feb/22/gay-asylum-seeker-deported-us-third-country-homosexuality-illegal/,1
WashTimes_CR,https://www.washingtontimes.com/news/2026/feb/22/policy-wonk-wants-nancy-pelosis-house-seat-unafraid-fight/,1
WashTimes_CR,https://www.washingtontimes.com/news/2026/feb/21/jpmorgan-chase-acknowledged-closed-trumps-accounts-jan-6-attack/,1
WashTimes_CR,https://www.washingtontimes.com/news/2026/feb/21/trump-greenlights-federal-assistance-amid-potomac-river-spillage/,1
WashTimes_CR,https://www.washingtontimes.com/news/2026/feb/21/epstein-files-release-fought-ghislaine-maxwell-calls-disclosure-law/,1
WashTimes_CR,https://www.washingtontimes.com/news/2026/feb/21/newsoms-latest-pardon-shields-attempted-murder-convict-ice/,1
WashTimes_CR,https://www.washingtontimes.com/news/2026/feb/21/trump-admin-wants-deport-woman-adopted-toddler-iran-us-veteran/,1
WashTimes_CR,https://www.washingtontimes.com/news/2026/feb/21/seoul-paris-world-leaders-rush-assess-tariff-ruling-fallout/,1
WashTimes_CR,https://www.washingtontimes.com/news/2026/feb/21/trump-raises-temporary-global-tariffs-15/,1
WashTimes_CR,https://www.washingtontimes.com/news/2026/feb/21/mike-huckabee-causes-uproar-claiming-israel-right-much-middle-east/,1
NYPost_CR,https://nypost.com/2026/02/22/us-news/trump-sends-hospital-ship-to-greenland-after-denmark-helped-evacuate-us-navy-sailor-from-submarine/,1
NYPost_CR,https://nypost.com/2026/02/22/business/roosevelt-hotels-fate-remains-unclear-despite-white-house-pakistan-deal/,1
NYPost_CR,https://nypost.com/2026/02/22/us-news/mamdanis-corporate-tax-push-could-cause-exodus-to-jersey-business-honcho-claims/,1
NYPost_CR,https://nypost.com/2026/02/22/us-news/c-span-caller-using-trumps-pseudonym-and-remarkably-familiar-accent-slams-supreme-court-tariff-ruling/,1
NYPost_CR,https://nypost.com/2026/02/22/us-news/trump-admin-reverses-course-tsa-says-precheck-will-remain-operational-for-now/,1
NYPost_CR,https://nypost.com/2026/02/22/us-news/trump-calls-brett-kavanaugh-his-new-hero-after-supreme-court-tariffs-ruling/,1
NYPost_CR,https://nypost.com/2026/02/21/us-news/dave-regan-ca-union-boss-pushes-divisive-billionaire-tax/,1
NYPost_CR,https://nypost.com/2026/02/21/us-news/katie-porters-anti-trump-speech-at-democratic-convention/,1
NYPost_CR,https://nypost.com/2026/02/21/us-news/jpmorgan-admits-it-shuttered-trumps-accounts-following-jan-6-capitol-riot/,1
NYPost_CR,https://nypost.com/2026/02/21/us-news/california-democratic-party-convention-in-san-francisco/,1
NYPost_CR,https://nypost.com/2026/02/21/us-news/trump-raising-global-tariffs-to-15-after-supreme-court-defeat/,1
NYPost_CR,https://nypost.com/2026/02/21/us-news/minor-loophole-nyc-council-bill-would-prevent-young-people-from-getting-arrested/,1
NYPost_CR,https://nypost.com/2026/02/21/us-news/israel-drone-supplier-honcho-pressure-from-mamdani-spurred-companys-ouster-from-brooklyn-navy-yard/,1
NYPost_CR,https://nypost.com/2026/02/21/us-news/virginia-attorney-james-hundley-swiftly-fired-by-justice-department/,1
NYPost_CR,https://nypost.com/2026/02/20/us-news/rep-nicole-malliotakis-urges-trump-to-intervene-as-coast-guard-members-are-set-to-miss-paychecks/,1
Quillette_CR,https://news.google.com/rss/articles/CBMikAFBVV95cUxPMnJUbmJBRGllLUxvRWNLdFZtYUlwaC1xblBpU1NGSWxINTBKa1NTNVBiSzFJR3dla0xkTzhCTmg2akNQT2d6RHpCNWQzdWJhWm5tYnV2RDBfemVXeVQ3ZDQ4Q3lGak5HLW9ZZEZQZEUyMWhZSUlkY2g3TWlJNGQ3N0xrc2J6THN6ZkF6MkVneVQ?oc=5,1
Quillette_CR,https://news.google.com/rss/articles/CBMihgFBVV95cUxPUnhudG5XVEw3UVZIUmt6c251dDhrTFlpSjVZY01BN0E3NXNzZzU4ZzRQUDEwVU01QnpaNmxHY3d3eDZFR2ZtY3NsLXI5VnhXRWVqbnZKWlZoa2kzaXJOZjNtTDRsSVd3T0FiTmE3RmF3dXc3YVl1eG1GeHNUN0txSEw4amFIUQ?oc=5,1
Quillette_CR,https://news.google.com/rss/articles/CBMiugFBVV95cUxPbEdZdGxDLWhuQk1KclI5anVoZjZIRXZMYzlieGtNZHFEd0ZKQl9ZNmx3d1NQemgtdzYwNGxqNVppcG5iVlhNVkFxV1I1a3ZFTHlHYVF4TzB4Y2g3Qm1BS2RDUFY3MUNkT0h3THllQllMWUNCM3h0WHJfUm10VkZISTF6Z3E2NFc5TVhYQ21WNEo0eU8zeEgyUzFMU2xqdzRlSG9lb1hVV0dYLWtxWUY3Q2Q5YmhOTHF2aXc?oc=5,1
Quillette_CR,https://news.google.com/rss/articles/CBMirwFBVV95cUxOUmdoTC1lUGMyWEZ1U05nd2ZvX3JmejJjb2J5ZjZlYU5TMEx1UVlHNUlLTVlnaUVFSllLZTk1MDhtbWxER0FiX2N4SXNQTm12MndHMVlaUlpOVUFvMDgtdmFtXzZPYTFnZWdZUmQtM0hNejBYUFF5azlFYzVtb3NkR2l2d0FEZXNFTU9jOTZYem8xb2tnQm4xRzgwclFTVWZCTEFlam9BUm9GU1dVNGFv?oc=5,1
Quillette_CR,https://news.google.com/rss/articles/CBMiwwFBVV95cUxOY1NwemR4WEpIc0t4YUU3ZVhPRXd1ZmtvUTV1NGlZMFc2YTJnTFlpMTRnZmdqOHQ0Q0VON0NhT2VLZ1FoRmVMY0dRU2tNQU1YVlhQM1lZOUROT0k4UTF1c1VEYmloSVhHclJPc3MtbDM4NlJtbzhranRCazBnckhkRW9tNVpjLUgydGNHd1hDZTNzU3lKZ0N5dmttc0RIWmx2OTJxUXFDbUJBdUFjcFFVak0xQnJ2VkdxZmZYX0ZVNHRWaU0?oc=5,1
Quillette_CR,https://news.google.com/rss/articles/CBMioAFBVV95cUxOUFV6ck1lWEdBaEMxTUZxSVdCbFdIbEJOUS1VMFkxbG1TYm04SEdyc1RENUpFNk1wbVBOZFE4TTJwSGlNWU1qQUVpLW0wOFFjY1Rjd2hNdzZpdENWaUE5Zml1QzRtNmE5N0xLNXpNaFZGeWF3Q1JMa1VzY1lIakZoREpGT3VJTW8yMFBJbXdoSG9ONUxlb0IzUGtDY0VDSm4w?oc=5,1
Quillette_CR,https://news.google.com/rss/articles/CBMikAFBVV95cUxORXpnUXBubzhqa3B5Njc1REg2OUZJT3pqNEFFUDVfTmNnNEN2eHl2emp6ei04MjBVNFpPRGl3b2M4eXg5aE1EMDFnSkhQZm1Rbk1DODl0clV6WE5QSVZ4RzItUHBfVWl4RG9HaldwZFZrZHdYU1RhVGpfOVV1R245UnZqWmZpUW1zbzgwalI3OVI?oc=5,1
Quillette_CR,https://news.google.com/rss/articles/CBMizwFBVV95cUxPYjlZby16ekh1LW5nRW5TdzVMOTd6bktXZ3lxcW9HTmtsOFVGaXhrc1VydFVxdUhMVGRzekhhdnFZdUhTVTFMc1JWR1l4bGJNRzhHYTVlYUZycWZiTU5KbzNETFEzd0hQcUJwaGIwRDdfcDdiZi0wSV9ibzhZNXFFMVVPdGlpWXVZZGs5dW9VQWM4dVYzb2hHN2dja01fbGl2RWhQMDRFbkhNRDVNRzNYWDRuUlFERHQ1ejFPREdsUUdiNWZQRlNoRk5ZUWVBQTA?oc=5,1
Quillette_CR,https://news.google.com/rss/articles/CBMirgFBVV95cUxNaTgzNTZCRlRpa0hWZHdZa202LU5Ia2FiSFpuOU9vTm5YR2pXaV9HWVBFVlViNzc4bTZaR3RfbXVRNHpYbGhmenpkS2MzeGlSdEFtdEtHVWZRNE5GYkZvckdldFRqVzh3ZEtZUzN2c2o0QU00eVcwdDFod3RvUVJReGJEb1ljVEw0S05NNFJYYWlSdjdFX21YcVRrckZYT0tEeUJnMktETGJmZEpGcUE?oc=5,1
Quillette_CR,https://news.google.com/rss/articles/CBMihgFBVV95cUxQRHRZZFBLTkplUEdoemlnaVVLN1VpczZlVklsTGJBMGxHcHRBMjVIMVBwV3ZEQUdYR2NEQkk5UzhybG5Ld2VaV3diNXdxVl8wdWNxak1rQU40cWlrUHhMT0JIOHY3djZVZUZLMGtRbDFPRTBDdk9RX0JaLW5qM0pwcW1VWHczdw?oc=5,1
Quillette_CR,https://news.google.com/rss/articles/CBMizgFBVV95cUxNeWlLTHI0R3gzZWNRV25lS3BaWjVuclBBSHdGNzNxU2I1Q21ILUZIR1dwTmVpNjVRN3NZLXRUVF92VlJCWnVnMDI1VzZvcFFUUUh3bEVVdEljczdxUkpyV0QtU3lPb0VaaFNseU8zSS1nNHREak5obzBEY29IM3BMZ0kydmFoeVhJNWstRDBzcGZzRThSa2EzQ3NRc2lTSlMxbC1iSkVKOUFCUXpRdGlPVjhWZnZXNXJ4ME1QRk0xcko2QnBKdk40MjBLd1Z4UQ?oc=5,1
Quillette_CR,https://news.google.com/rss/articles/CBMirAFBVV95cUxPcktoTXRyNzlETXk2XzRhaXdMVWtNck9lNlkzTGppWk4tQ2lUWU5rT1k1SzlEcTBrTlVkZzMzNzlkT1dkQkZoRm9zRFdWa210Y0pzMk9fX1FfU3RFd3U3S3JmbzhvS1FKTlFGWUpBYzJ3dGpfZjdWbmtueWlTN3Q2N2ZKT2lvR3ZfMlZjTWpaMlUtUndIcmxmTUpiVEdpdkFUdWRVdDBHUUtzcmFW?oc=5,1
Quillette_CR,https://news.google.com/rss/articles/CBMiggFBVV95cUxOUm11MDRjTFNlZ1hqYXVTNUhBNzJaZDBTdnRBMkl4SFozQVZxQWpWbV80dU5salM1eUc3c2dTQTlXdW1JYlh2WFFGaVVBN2Z6OTJVUk5zZUR2QWJfdEpxMEJ6NWJZSjNwblJaQnV1WW5SY3dOa3JRbFdOWnRzVUlBWDhB?oc=5,1
Quillette_CR,https://news.google.com/rss/articles/CBMihgFBVV95cUxQY0NGQTU5MkV0OVpfNElzZWRydVl2NUJ2RzRDVk4yTUVxUnIyZzYtc1RaNk5GT1pBTklDeW1Ma2l5MV9MR283RkR2TTZDTnFpSV9OcWpCQTBES1FJMVRoV1hrTzh4aEVMZ0hldWlHOFhVcmpVVHU3cW81ZkJMM3g1SklQN0RtQQ?oc=5,1
Quillette_CR,https://news.google.com/rss/articles/CBMiigFBVV95cUxPdnEtNUNUczdLbmphT0RWLXptMHI1dnp6OTd5UjV4ckZKdkJMY0d0ZExlSTNJZ3ZpTUUycnUtRS1jdjRLZmpuOEJ6RjZsSnBza1ZTMnc1SEFNd0lJd0VjOEs4R0pIZXRwbXFqa05McFV2T0sza0hoUW1JU0lkdENoazRXMWJ5dmJVZUE?oc=5,1
Quillette_CR,https://news.google.com/rss/articles/CBMitAFBVV95cUxQemthNzZmd3JkRnhPTk8wai11X2xfVVR2NFhTS21QdU94VG9laEg3OFF6eHl2S2hCVThEX0x4MWh6amRTT1pJSjlaYmt4akY3M0h3NTlXOWQ0N3VubVNjTkU4WnJlS2F2NHFITlpSU1RVUzBMakpVbTRZZlZ5TlprQmlfZVlfMFdFNm9EQkx6cmc0OFBqWTJmc0gyVkNidzQ5NHdnR25Gejl0bVREY1FrUzMwaWI?oc=5,1
Quillette_CR,https://news.google.com/rss/articles/CBMivwFBVV95cUxQX20zYV9hbWlRY2l4WXIzekNVNjI2eVN6RGlhM0xab05DTFFrZ0pOSkRzUllQUmxTOVFUX3plV1lydGxGak1lRnY3X2xVSU9iZndFTDhsbE9Ta1R2anpNdzlSMmdfak5Xc0RYUzE5RUNzU1VFOTdNdE9lNGlHVVQzUS1Va3FETFprYV9tRFMxZ2ktVHVvTTAwT083dmZhVmUyU25TZndFV1U5TWNVOGJwTUNSZmdBbE9ubmFoTHF0cw?oc=5,1
Quillette_CR,https://news.google.com/rss/articles/CBMirgFBVV95cUxNd3V3TFotd3ZUY0JKSTUzNk9nQVg1MnVaZzFCNG1RQmN3aElKd0lrc2NBVVNOMzBWZFVVb0NhdnAtOGFQS2NHMXU0N19HdjV4Wk5BcF91WEJfVks4c0VpMkItSlRUdENRcGRZWV9icVpUMFZEZTlROEF0QVNHVUtJZUhDNm1reENuZ0o4N0pKSjZ4R2Y2TEF6cGV6Q1dnXy13UFdSdE9YazB5WUk3UlE?oc=5,1
Quillette_CR,https://news.google.com/rss/articles/CBMinwFBVV95cUxQVkVLeEVaTFpQSUNZQUI4ODZzeWNQY0JMcFE3bmdXakNkbjBpYTA2STFmNndqR2VHRnZMRG5KdFZoS0xsRHEtR2xGVFBfMm1STW40RHJnTVFnZ1Q5bGVVQ2huQW5hTktuSG5pU25NWEhaS0JDQ1ZuaU8taThDdDZTUTI2cHVVY1p6bnl3VkpsQ3RhdEpVc0JjTFEycHBBZE0?oc=5,1
Quillette_CR,https://news.google.com/rss/articles/CBMi_wFBVV95cUxOdGhzVEhlZGhQYnNhRWZueEFpMXBBOGJJYkJNVWhHeUxVMGowVDVCTVpjQjFtdzJfblI5LXhiU25aU2RxYVB0MlRSaXBjZzl5RFp1dFMtV3Z5MUF6Z0dJR2dJQ0dfM2RwX1Z2RXZteU1jc1ZDUWdfSW45cWttdjBSVWF2YzRma0c2S2hnUEJkbEwzYWZBWHhDMWN4REVHbzdFazhRMk43UXpqNUNwd2Q4aGpvWlhmRnZGYUFhVzZnWGk3WlYxNkpickx4X00xOXhScVl3TXczSUVfVDBQaTNHcXBaQ1VTSlh2c2YwLW1iMzdZZFpNZUJOM05xaWgxdWc?oc=5,1
Quillette_CR,https://news.google.com/rss/articles/CBMib0FVX3lxTFBTQ0xIYzhGSWRiRC1xamZ4aTZ4UVQxdkI5RTN0eUFrU0E3RHFadm1OUWZmNGpZa2NKNldQOHd3X3AtSFkzQVJISXpKSEI1LUFEV2lPYjA0UkRZQ0FNdGJxNU4tYzB6RXZiRE55RXRmVQ?oc=5,1
Quillette_CR,https://news.google.com/rss/articles/CBMiqAFBVV95cUxQWWFDM3FFd0wtaXdVWE9MTzVZOHNXaEhmdEY3UTBPNGt4VDlZV0IxUTViMHJHRHlFN1UxbGFpSW1lOEtXejdyeWVLc0l1TzIxMllrTjNRUFZDMkE2MlNkQjc3VWd5UjhyMGNLa2dNTVVyRjlwMDh2eTByWV9MbE9oZ0lCTWtad3dBZzNCR19mQUt2Ry1PUlVCc1EzeldaaXFlOTF6Y0UzX2c?oc=5,1
Quillette_CR,https://news.google.com/rss/articles/CBMitAFBVV95cUxNZEQ1dTJ2SEE3cno4MEc0T05ub2NDOVUtbTdTTGVVVGJ4MnZBa3plYmhmZVlUbjdGQ19NRkhUSlJYaVBKMzJsbjViNF9GOVFIV0t2alJNcUtYd0Jfb1lrLVRaMEtnWmVTYmdtNGxNQXpMV1dpU3dOdDAwMjh3YnBXZE1Zdks1TzhsRUtsV1FUbHd6SHdUZWpURGdQNUJ4UmJDdW0xYXBGX3hfVGhsVkhxUnJFa1M?oc=5,1
Quillette_CR,https://news.google.com/rss/articles/CBMiiwFBVV95cUxNR2xGLS1kZUVDel81a1NMYy1RNUN6SDVQS0NRN3gya3ZKVnFBeGloekdHS2tQNm5Qc3FxWTR5c0o1bEFjMnFrTWpMcndQaUI0N2FUaUNQSGhvSC1ZNnY1czViY0tFWDVkQUgxZlhPVmVOWm8tVmE1RG1tZzFKaGdDWlRwZzVNSDkxLTA4?oc=5,1
Quillette_CR,https://news.google.com/rss/articles/CBMiTkFVX3lxTE9ZcWdCUHdXb3lCQUZWSFUyTEloQnpvbzdHYkloZHVqMDhwaTZKc090MzgtNEJxSV8xNmpnVy04QmRaaHJwQnNqbGhIUVdzdw?oc=5,1
Quillette_CR,https://news.google.com/rss/articles/CBMimAFBVV95cUxPb2ZjcnJFWDltTThnZms1NktyT3FPNnZ5OVJXcVBPLUJWNDV4Skp6RnBDVkYxMkd4TllHaWFqNDdOWTF2WVZsN3prT2x6SjVzc3BmbzBlNWRsYkF3VVI2aHRXTElPUS1YUkpaX3NsYTJobVMyYjNxZ0tFYS1vTzB3Uno3cmRBZmpsbGc5TGpULWtldWVCOUFTWQ?oc=5,1
Quillette_CR,https://news.google.com/rss/articles/CBMivAFBVV95cUxNWjBhRV9OMmZlOTFodEtibDJMdmcyMzBhUWFkSVRVOEw1YjR0eEVoUi1sbVhXdFdUdWlhbHFCazNZaXhyZTRsVG16LXBxWFhHdVMtQXV2MFB2ODYxcjJRclJ5N2dtTlc4dTZYQVdKNXg5Z29odGJoaGJZVlRXTDEtaE9hRGJ2TER3c2tYWm1ndzlKWGN0aDlvUjRnMFd1aDNNN3VrMjNwWVc2eXRxTXNiejVMUVJ5MnlJMWx5TQ?oc=5,1
Quillette_CR,https://news.google.com/rss/articles/CBMieEFVX3lxTE92eDhrdEpnQWoxSzhRSjBwSnRCMEIxR3NrWms5SzE4a3YycjlRRlpSWWctX0dwN2hmMFhMcVB2Z2h2QjRpa3F4Z1Z4ZzJ6WU5XeEJ5dzB2VzJzdGVMTTh2T3ptRlpzZ21WRDc3ZnlXck1mc1VtNWNZbg?oc=5,1
Quillette_CR,https://news.google.com/rss/articles/CBMid0FVX3lxTFA2NmZiWEVRNlRxbHJmOXdPQ1czZU1XNzl3U213MkJ4QmFBa1hHUGtWNklYZkI5dVlVM2JQR1lLd1JpeWxSb2ViNWE1Q1NtdWM1VkZTUExTalo1TGRGM0xjcTUyRy1BWnV3TUFrQkh2emU3aG1KYWtR?oc=5,1
DailySignal_CR,https://www.dailysignal.com/2026/02/22/as-lawsuits-multiply-transgender-reversal-movement-gains-momentum/,1
DailySignal_CR,https://www.dailysignal.com/2026/02/22/trans-lawmaker-wants-you-to-believe-porn-sites-are-educational-for-queer-kids/,1
DailySignal_CR,https://www.dailysignal.com/2026/02/22/tonight-was-for-the-country-usa-defeats-rival-canada-for-olympic-hockey-gold/,1
DailySignal_CR,https://www.dailysignal.com/2026/02/22/more-states-moving-to-close-election-funding-loophole-few-voters-knew-existed/,1
DailySignal_CR,https://www.dailysignal.com/2026/02/22/scott-bessent-lays-out-future-of-trumps-tariffs-trade-deals/,1
DailySignal_CR,https://www.dailysignal.com/2026/02/22/obama-is-in-no-position-to-lecture-us-about-decency/,1
DailySignal_CR,https://www.dailysignal.com/2026/02/22/5-key-issues-trump-should-address-state-union-sotu/,1
DailySignal_CR,https://www.dailysignal.com/2026/02/22/secret-service-agents-killed-man-trying-to-unlawfully-enter-trumps-mar-a-lago-resort/,1
DailySignal_CR,https://www.dailysignal.com/2026/02/22/small-government-big-crisis-conservative-dilemma/,1
DailySignal_CR,https://www.dailysignal.com/2026/02/22/new-yorks-hochul-administration-coddles-medicaid-fraud-while-attacking-rural-hospitals/,1
DailySignal_CR,https://www.dailysignal.com/2026/02/21/netflix-warner-bros-deal-falters-under-growing-political-and-legal-fire/,1
DailySignal_CR,https://www.dailysignal.com/2026/02/21/scotus-removes-ieepa-tariffs-from-toolbox-now-is-time-for-the-bat/,1
DailySignal_CR,https://www.dailysignal.com/2026/02/21/most-memorable-moments-of-trumps-previous-state-unions/,1
DailySignal_CR,https://www.dailysignal.com/2026/02/21/virginia-democrats-shelve-solar-fee-that-would-have-raised-electric-bills/,1
DailySignal_CR,https://www.dailysignal.com/2026/02/21/why-are-us-citizens-proud-of-america-new-study-reveals-2-key-reasons/,1
DailySignal_CR,https://www.dailysignal.com/2026/02/21/the-new-democratic-socialist-party-is-a-graveyard-of-bad-ideas/,1
DailySignal_CR,https://www.dailysignal.com/2026/02/21/the-trump-admins-refusal-to-act-on-mail-order-abortion-drugs-is-personal-for-me/,1
DailySignal_CR,https://www.dailysignal.com/2026/02/21/meet-the-people-fueling-chaos-in-minneapolis-new-york-and-beyond/,1
DailySignal_CR,https://www.dailysignal.com/2026/02/20/judicial-activism-struck-down-trumps-tariffs-gop-divisive-scotus-decision/,1
DailySignal_CR,https://www.dailysignal.com/2026/02/20/7-historic-moments-from-state-of-the-union-addresses/,1
DailySignal_CR,https://www.dailysignal.com/2026/02/20/tariff-ruling-could-help-gop-in-midterm-elections/,1
DailySignal_CR,https://www.dailysignal.com/2026/02/20/conservatives-look-to-protect-truckers-from-unqualified-illegal-immigrant-drivers/,1
DailySignal_CR,https://www.dailysignal.com/2026/02/20/trump-announces-alternative-tariff-plan-after-supreme-court-ruling/,1
DailySignal_CR,https://www.dailysignal.com/2026/02/20/school-default-closure-rules-hurt-the-children-theyre-meant-to-help/,1
DailySignal_CR,https://www.dailysignal.com/2026/02/20/cracking-down-on-chinas-trade-cheating-the-right-way/,1
DailySignal_CR,https://www.dailysignal.com/2026/02/20/crucial-ruling-appeals-court-delivers-big-setback-for-newsoms-push-against-ice/,1
TheTimesUK_CR,https://news.google.com/rss/articles/CBMi5wJBVV95cUxPZEVHckI0YnVLQ3BCbFM3czdmSG1fWmtNU0NFVjVEVWcwNGxwdUYxZk5iMHQ2bG0tZFBSaHViMFhPRkhmU2ZxQWp6cUxGVW5JdEZsanEySGRsaFpZY0tVczk2NGg5NWM4M0FZQ2pwQm9LN2htM3pJYkt0Z2FXVHNpeVJwMWNEcGxWaEt4SXN1dDZOSjFsVllHXzlab1lsWlMwZk5BLXREaU5LRldidWhTOE4yN0Y1THgxbHgxeE1qbWxST1dhY1dFejRtQjB2X1U5Sm9RODBhMEdrRTBIQXR3b2x1MTRyU3Qza29jaW5JVjVQb2R1OGtDYlRUSFBUVGZfeDgwejZNS21heGpBSGdrQ0FpWkszR19aMVJlZ1pzVGttMUNFNGhvOEtqaTZhU0l3eVRHM1pvZ196QXgxZEc2SlVIb0tURGRyR3BZb3ZMcUFZSzFBbTNJT0lUaXNxZHpVZHJkM0Z6RQ?oc=5,1
TheTimesUK_CR,https://news.google.com/rss/articles/CBMizANBVV95cUxQd3ZhVzJGQlJ4M2lwcG9PRk1kQTVOQ0xNdGlpbF8xYlpWb0lBd2RVVTdJSGtfb1kyNEQ0NE5IelgyMnlCcEYtZ0lTTEtlejVSaU1BZUplVE1wc2k2U3NsQnh6dm1zeVFIX01vbmxjeV8xVEQwVGkteHpJTTVZb3Y4MWxzX2drZkJkbzhKVG9saEZXU1hfUWNreENPd0Yya09oZm5naW81S2c5bEpFVmhHbnV5aGxHVUlDRUk2aXpiY0h5WTRoVTFNMzRsaWFNcWhCQVlERDhOREhmXzYzc1dCM3JPN24wVS1hV1JGaHBCRi16ZjJySnFLb3NfLWRJMVV2ME9VWDFLQmo5NEgxeDFzT1FRUTdyUWtnb0RwQkJZQUhWb0xTVXY3ajRNQ0x4UWxQQWN1VjdWTXpJdzV1LVNaV2E3eVFuQTZkVjF5NFh3V2NodHd2bjZNZ0Z0aVZjQWtwZEJ2SWo4QzhLQmR2Z0xEX0ozM005NHp3c0dwTHcxeWZaVW0tYU01dWlwaVFlLUVXNjJzTmpjRkRzTk5GVWZreC1yYnF1LTdRdGF1UngzMDFTSm10QnloeVlsR3V4Mk41UEVtZGxxWUxuZ0lh?oc=5,1
TheTimesUK_CR,https://news.google.com/rss/articles/CBMiuANBVV95cUxNdjdyR2lHc0tORjFOMGRJUUFtTjgwUWIyOGN5LVRJVUNMdzdlWHFNTUktSkw4SFgtbmpfU002YVRzTmpPS3Nud29VOTE0bHJ0dHRZRHQyQmUxc1lyQW43ei1vUEcwaU91a3o0MmZtdmM4bVJ0TVZWU042UUdvdGJ6bC1veFhySlVIUTNwTmZOVFNNa0UtNTU4d3VxeC0zcHk4d1puZHJLRURLN3BOQXI1emstQlItVWt4OTNOS1lrcnRlV2k1a2J0SEZTYkxBTnF3U1hocUZ3WEJZemR1NVNiZ1JwZGtLRzRHY3ZfR0ItZ0ZOS0pnMmw1aWhZSXZodmtNOVBzblVFZE9YNV8tSmJJbjM1N3REQWVUbWtZckpuQnlnNmIwbFA0VGU5ZFpNM3AySk9ucjU4SnRvaWVkNXZBNWE1d3ZjVW9iTlctMXM1MlU4ZHZKVnFnVlcxUEhCYnBuMlFDUGlfd19qR3NDdU1vVzYyQllYQ3JxVS1nSHc5cWlVWFdoeUZxeW9zaElTOVA4QUtxa251UUNXUmFZdm5CLUY5dk5ZMlROcll4a0hVeVlEMC14aTZ2Sw?oc=5,1
TheTimesUK_CR,https://news.google.com/rss/articles/CBMitANBVV95cUxNdjJ4THBKWHc5a19Ha0RySVJFRnNvTGt4TGFCZFNTeGNYNjVvajdyc2pJRHltQ0pOeHR3OWw1WTVUdDJOa0dSbk1ROHJJOU9oaWZsNHdwdURzYS16M0FTbS1vSEpTcUliTGVISnNqa05KX0pBY1FiZ2szUHVYTFVrYWNFaWlnbkM4OEZYeVU3QjVpSDVFU1RHQkVvc04zLUEybzlrdHNJTS1ub09RcnVCd05uX0JWVVJ5VmtPU0ZBNUFXRndZZkZQRGp0LUc2WGRiOWNGQnIwZHRKcnZ1Q2p5Y1QtaXJvTWVMWWNsdjhuRnVYOXFqYWFPYWNPTlVoUEJJOExkNnlaRUVfLUxMclRsM19oU1BrOWtWRzVXNWN5YnVVVEMwOUYxdnVuYWdYQzhPamlIZG8wczV6bXdGdWM0N0xsZzdFbnI0VjBiMGRXczVBaldoc0stSWduQWRMWm9UUk5lSG9NR2ZLNTdnV0R0eEVEY0paWi1tbmRlMXVlSFJMaGpwQ1JWQUpRUVI4UE5CM1B3c1FWYkROR2xXZnhlM1VVdERyLVUyVzh4cVdXV1RYXzA2?oc=5,1
Reason_CR,https://reason.com/volokh/2026/02/22/a-conversation-about-the-endangerment-finding-rescission/,1
Reason_CR,https://reason.com/volokh/2026/02/22/today-in-supreme-court-history-february-22-2005-7/,1
Reason_CR,https://reason.com/volokh/2026/02/22/open-thread-119/,1
Reason_CR,https://reason.com/volokh/2026/02/22/annotating-president-trumps-press-conference-about-the-tariffs-ruling/,1
Reason_CR,https://reason.com/volokh/2026/02/21/andrew-mccarthy-on-why-trumps-section-122-tariffs-are-illegal/,1
Reason_CR,https://reason.com/volokh/2026/02/21/a-puzzle-about-learning-resources-v-trump/,1
Reason_CR,https://reason.com/volokh/2026/02/21/trump-on-the-supreme-courts-tariff-decision/,1
Reason_CR,https://reason.com/volokh/2026/02/21/an-mqd-receipt-justice-gorsuch-overlooked/,1
Reason_CR,https://reason.com/volokh/2026/02/21/my-new-atlantic-article-about-our-win-in-the-tariff-case/,1
Reason_CR,https://reason.com/volokh/2026/02/21/court-blocks-community-college-diversity-equity-inclusion-and-accessibility-requirements-for-teaching/,1
Reason_CR,https://reason.com/volokh/2026/02/21/reptiles-v-plants-dogs-reptiles-lose/,1
Reason_CR,https://reason.com/volokh/2026/02/21/eleventh-circuit-reaffirms-that-pseudonymity-is-available-to-parties-only-in-exceptional-cases-under-highly-limited-circumstances/,1
Reason_CR,https://reason.com/volokh/2026/02/21/today-in-supreme-court-history-february-21-1868-7/,1
Reason_CR,https://reason.com/2026/02/21/virginia-democrats-push-for-mandatory-government-unions-is-not-an-affordability-agenda/,1
Reason_CR,https://reason.com/2026/02/21/brickbats-february-march-2026/,1
Reason_CR,https://reason.com/volokh/2026/02/21/open-thread-118/,1
Reason_CR,https://reason.com/volokh/2026/02/20/from-prof-jack-goldsmith-harvard-on-the-tariff-decision/,1
Reason_CR,https://reason.com/podcast/2026/02/20/no-more-tariffs-on-asian-olympic-dragons/,1
Reason_CR,https://reason.com/volokh/2026/02/20/short-circuit-an-inexhaustive-weekly-compendium-of-rulings-from-the-federal-courts-of-appeal-48/,1
Reason_CR,https://reason.com/volokh/2026/02/20/a-note-on-tariff-refunds/,1
Reason_CR,https://reason.com/2026/02/20/judge-orders-takeover-of-arizona-prison-health-care-following-years-of-barbaric-medical-neglect/,1
Reason_CR,https://reason.com/2026/02/20/trump-orders-new-10-percent-global-tariff-after-supreme-courts-rebuke/,1
Reason_CR,https://reason.com/2026/02/20/small-business-owners-celebrate-supreme-court-striking-down-trumps-tariffs/,1
Reason_CR,https://reason.com/2026/02/20/even-without-the-emergency-powers-scotus-rejected-trump-has-a-bunch-of-tariff-options/,1
Reason_CR,https://reason.com/volokh/2026/02/20/no-recipe-for-a-republic/,1
Reason_CR,https://reason.com/2026/02/20/the-supreme-court-just-struck-down-trumps-emergency-tariffs/,1
Reason_CR,https://reason.com/volokh/2026/02/20/supreme-court-decides-our-tariff-case-and-we-won/,1
Reason_CR,https://reason.com/volokh/2026/02/20/s-ct-s-tariff-opinion-now-available/,1
Reason_CR,https://reason.com/2026/02/20/aliens/,1
Reason_CR,https://reason.com/volokh/2026/02/20/tomorrow-is-national-legislator-integrity-day/,1
Reason_CR,https://reason.com/volokh/2026/02/20/today-in-supreme-court-history-february-20-1933-7/,1
Reason_CR,https://reason.com/2026/02/20/canadas-government-dominated-healthcare-chokes-access-to-new-drugs/,1
Reason_CR,https://reason.com/volokh/2026/02/20/open-thread-117/,1
Reason_CR,https://reason.com/volokh/2026/02/19/second-amendment-roundup-bruens-citations-on-sensitive-places/,1
Reason_CR,https://reason.com/2026/02/19/iran-is-trying-to-silence-dissent-western-media-are-breaking-through-anyway/,1
Reason_CR,https://reason.com/2026/02/19/dhs-spokesperson-tricia-mclaughlin-goes-out-at-the-top-of-her-game/,1
Reason_CR,https://reason.com/2026/02/19/u-s-to-spend-24-4-trillion-more-than-it-has-over-the-next-decade-report-warns/,1
Reason_CR,https://reason.com/volokh/2026/02/19/no-pseudonymity-for-defendant-in-computer-fraud-and-abuse-act-trade-secrets-case/,1
CityJournal_CR,https://news.google.com/rss/articles/CBMieEFVX3lxTE5BeW5qbXNGYXphNmFrMUZOaURmajctWjZVaFRNRDFvQ3ZPaHF6ZXRoMkppQkhFNVZobnc2eVROOFhJQ1NpX2tjU1hnQS1BeWFTQTF5MElOam93cjZ6dENqOGpWR2UtUENzNE54cHNtSUh5ZEs4di1nZQ?oc=5,1
CityJournal_CR,https://news.google.com/rss/articles/CBMiggFBVV95cUxQODRDanh4X3JEQXY4bmx6WHhkWUNpUnkxRzQyNk95RG1SMURyaUppRkNMNXVUMUQwNmlPTXJxNWZ1X3hkOW1mUEp4cjRCSDFRNzlBZE0wSWF3TUJFeW9HTDJkR01Id2hZb1JmRHQtcG16TEJKRUFBWVl5ZlMweDBWa3Bn?oc=5,1
CityJournal_CR,https://news.google.com/rss/articles/CBMigwFBVV95cUxNVm1NMW5uYVJJTm1Ka3gzMjkyLUpmeW5kcG9zMU5ETEZJX0ROMnBCcm0zcjBtTDc5SGM0ZXJuc0pRYW9ibWVHMml1VnVHZ1pxYklqRmhIZU5MVk5TVWxPLUJaUGc0V3RUOWVjVHFmazFyZDNVSkdfeVI3cUNsUXJPd000TQ?oc=5,1
CityJournal_CR,https://news.google.com/rss/articles/CBMidkFVX3lxTE5reXlfVHJreUlMcDVQZ01hUHFUNlRVbEg2MjBSdzdOaVRMNzlWeGZzY01yaGJfU0UtMFNFN0QydllYWW1sWW5sM0xYcGMyNVVMSzNBWFkxQjJZYmxSLXdIeTBfMkZUb3dtU3RFRVVWdUNrdTl4ZkE?oc=5,1
CityJournal_CR,https://news.google.com/rss/articles/CBMijAFBVV95cUxPbkRydW9aTkVkX0MydFMzR2V5REFQdllSTGVHSEl5ZFdNdWVDeWh4WmY3ZWw4SkstaXg0dFh5VHY0M3dHWG1qbm1PR3dtMkxVel96QzNKVW45QUQteG9hU0ZIbDZCRGVuRHVkSnFjbmdFcjUycV9MUzFid2paZGxURmVMcFl4aTdMS25xRA?oc=5,1
CityJournal_CR,https://news.google.com/rss/articles/CBMilwFBVV95cUxQVmIyWHJRR2xRSUJnSXlwSjhZa1F5Q0hQX1FGSFBBNl9WcXlsLVMtUzFFcUZOajZrNFo0aGcwdUxuTE8xQ0pMVXphYm9zMGoybWhHWWp2ZWlpUEtpZndUdkpKV3U1cnphWm4zNGtxNkUydUdyVDlnc1dzeDdKeGJxdEQtVHFpaTAtT1dKR3hyWmRaeDVldWxR?oc=5,1
CityJournal_CR,https://news.google.com/rss/articles/CBMijAFBVV95cUxPdWpFajROYlV0a0R5Q0loSWd3VGRWOF8xSVY1NVJRMEpDYjRBUU42V3pKTjYwTWJzMFdlV2pRUG5tVkFtbXByaVBsaENTc3Z0cFlQYTVNYmVIem1EVktxMHRPVW42bHNGMTB1ajdrLTlCSmJBY2xUQVJ0MTB6blpVbkpPVUFWcUJOTnZXdA?oc=5,1
CityJournal_CR,https://news.google.com/rss/articles/CBMilgFBVV95cUxOUWJ0OUdteXR3eW5VYmpWbUlDUG9xdnZYSzhZQ3BfLXNFVnItUGZGc09Oc1JiNnVYYlRBMEdkekFjYndSYWRGVFFscVF6bkQteXNIZzd1a0YwUlpDTFFtMGlsak1qVWcxYmhoN0YyMktVc2JES0s4Q281d1pHMjJWQzQ5eDhGemRjY0E5VGJLeWVrSVRGS3c?oc=5,1
CityJournal_CR,https://news.google.com/rss/articles/CBMihAFBVV95cUxOYTdpelR4eEJsZ3JmM1FKSzZJU3JhTGYwcTlQSmNzUklDd2xxNWFiTkpKNE0ya3B4S0dhQktyTHdCZGRmRmRfaXVNTWMwbTBwSWxFRlB1bmxoSjdsZjJUTVRSQjRHUXRHNjBMY1hWaUtaQ0NfbWd4dUhhMGtENWl4c1R2X0k?oc=5,1
CityJournal_CR,https://news.google.com/rss/articles/CBMieEFVX3lxTE1MdTBFZ0JjeFhkckZGdktyRXQwLS05cEE5UFNpLTdDREVrVzU4YXVOMDdYUWdNMW9PTDRrSXF6VkFuOEdkRFhRVktjZ2NQY1FzTV90eFhvQ3k2YzZKTEljMUtSalhUVmo5Q0MxcmNUMHhSMXZTVzhBaA?oc=5,1
CityJournal_CR,https://news.google.com/rss/articles/CBMic0FVX3lxTE95N0s0aTNkbWFPbk5GYkNkVDRUMlZyOVpBMWtQT3lGazZlSUt6MkVIajdiR1V6bi1vTjMwTmNDYjRVUU45RUdiTVZQOUI3eTZZb1lwd09oOFdWQkF1bmVfMUd2eUxDN3BSVnA5bVhFMnNLbXM?oc=5,1
CityJournal_CR,https://news.google.com/rss/articles/CBMiakFVX3lxTE45cFpYOWpVaGxfb3NYc1EwWGxaNERxY1k1T2FUcVhqSVh0aWktMnhKa0FveXdlRllJaDA4djlBQlYtNzd0RmJWUExmaU1ocEJCcmhuem9pcll5WFg2cm1EdFhxZkxkVGlPcHc?oc=5,1
CityJournal_CR,https://news.google.com/rss/articles/CBMilAFBVV95cUxNeGstdGRpb2xfUzBLTzVKbmU1aHhrNlV3RElmZGFreUpJdzBnMW5fQmRCT1h1dk5SWjBNTHpoektZTk1KTUg4eF9iSHRMZ0FsM1lKaEs3eFFtQ0VGZjFFU0JpaU05ZUJabDVBdDJpZjl0ei03a3J5VjRSd1JpS2RsUm54aGxlU3A5ZC04bFhtOEg1SklW?oc=5,1
CityJournal_CR,https://news.google.com/rss/articles/CBMihwFBVV95cUxOQm9kWFV0T1U3XzZWWkFSRUtkaTduT19TemptUHkwb0pQTzBsYmpORXJtRTVGSXU2ektETTVrcEI2RWY3SDhEQVV5aHN0QS1DX3RpcE04ZDU1ZEdTaVBvbW1Ic1QyZFdES1c2S09lWmJWWExYX3BkWWlvNlRVdHhzcWhCcE5wU28?oc=5,1
CityJournal_CR,https://news.google.com/rss/articles/CBMiowFBVV95cUxPREdWb29NeEtaSkpZQnpGdUQzTGdsanZwVFR1YzA4YXA4aGczX2lVdFRQSDJjN1kyTmlZeUo2dmM4amVHTV9GWTljd0hHTjlOSzdyREJtMUhSOWYwOVlucjZTMC0zczFUS3U1RzlES3RYWjV0MmNYOWtDa3o4RHcyMVlRZ0lMMTlCU2UzRms4S0ZNaU4xSjZlZHNPeFp0UkMydXQ0?oc=5,1
CityJournal_CR,https://news.google.com/rss/articles/CBMimAFBVV95cUxPWkJ2VkR3eFk3Tm9TVE1YMU9nMUNCMWp5ZWlQa1hORU12clBaLUh4a3pOeUFPdk9rMlNJanl5eW1rY1pGZk9EQk1UbVZLYTRudEROYmZaX2EyQWNLNEtXWW9HRGZ5M2tpbkFhTGZoekJjTGJQWWRHUGtWeGJYZzV3UWZ1M1VqZ2IxQVh5WFdSOTAydVpKRHFpNA?oc=5,1
CityJournal_CR,https://news.google.com/rss/articles/CBMikAFBVV95cUxNZ28zdmk3N1J4b3FWSWI3X1lFN0o3XzRFQUZTTjdnWmxGRnBveTA0MXBJS3JQUzhUZy14MWZMX1dTY2YxanFFTXF4a1QtbHhMQzZtRFY2eW1nNkZTNmZZSVFvY0huZ0d1LTFCQjRjeEpCYzZ1bzRYbmlKYTY3N1dackh6cGVwY3JCSko4MzA5ZEs?oc=5,1
CityJournal_CR,https://news.google.com/rss/articles/CBMif0FVX3lxTFBVWVVFYUVjV3NLUmtwMm9zYm4yZ2xKQ3lsekRBUGc2bVZ1Rm1TRnYwLURnRlEzallkQ0FHa2VseEpEVEdPSFhnVkpvRTJlbHNmWEFTSW8wUmhXNENFMEpER3J0bXpEOXlmV29JV2R0UUR3Q2ZGUzlCaFBxaEV2b00?oc=5,1
CityJournal_CR,https://news.google.com/rss/articles/CBMifEFVX3lxTFBFUzRMeHJGMWxVUU92aG1UbzNnQVNIQmczd2ZVMUdkeDBSZ1pJOVlWajJLY1ZRLVpTNnpJWW15SmFzek45RnYzcUduU21oUDF2Mmh5S0c1NlBfb2Z0ZGFkc1N2NTFFTVRoZzFZYU9sRWFYZ0NGdUsxSDRzX1k?oc=5,1
CityJournal_CR,https://news.google.com/rss/articles/CBMieEFVX3lxTE1JRW1OZGtGaDI4YmlmVHlaYXVQT2Y2bzlxcHlOaVF2aE5YRGI1eFBqR1Faa0oxREJPS3RpNG5FSjBDQWFROU5VdmNPbEFfeXpXSVM3aFRGdS1RMkV0UjhBWjQzVFh1OUtGWU9TYW9uUVNrX1RWcEZTaw?oc=5,1
CityJournal_CR,https://news.google.com/rss/articles/CBMidEFVX3lxTE9HZnh4SnlQdTMwd3pHcjkzcEczektvNHFzeFhnR2NUSzEzSnJkZi1tb0VUYS1jbk4yZ0V3bThBTzBzc2IxWks2N29BbmdHaFFHeE9ib2k4VDU4ZXZkQ1Rqai12NDBDYzN6aVMyU3ozWVlCYW1F?oc=5,1
CityJournal_CR,https://news.google.com/rss/articles/CBMiYEFVX3lxTE5RVkVhUndDcDJpb1FUaml5OVRuREJ1dUQteGRlc0ZMOXVOTnF4QlVkaWgwdXNVTDBwMWJrTlBBeF9hMGg0RThPQ2xac05xY2R5YnFBekNFdWIwX05iNXF1Qw?oc=5,1
CityJournal_CR,https://news.google.com/rss/articles/CBMic0FVX3lxTFBIdGJ2NUJubjh2ZHRrTUhjRi1iTmZXdm1pV2tpN0I3dHpYOWxmV2FqVU9QeXB4OG5tSjNfRDBUdzNOeG85TmJmeXRRQnRmMlZ0Rzc4N0ZjZy1wX29VdHAzNGlobUJaR3RzQW1wMmJZa214Ykk?oc=5,1
CityJournal_CR,https://news.google.com/rss/articles/CBMif0FVX3lxTE9KYjFnLU9ob1JZazZIVHNLR3U3LWhBcVd6ZmdKOHVxTmFMbzdqUkhBdTdOTm16VWJDeGVib21jMmxlMmxQTEI5dWpOcE1kNXFPVFU3dnJGMW5OMUhmMWxZU0RJRXh2UzhuUnFIQ0F4V1RLd2FaMHIxanNVMFNJYmc?oc=5,1
CityJournal_CR,https://news.google.com/rss/articles/CBMihwFBVV95cUxNaXZFelJ6ek5fN0V6YjBkX2Y3OGhTUEpKSEdQU1Z1LWdxV0NQczViR1FhdjZHalhFRWd3bGJrQmgxbVBLdnF0bFFKZzlfNHhQRkw1aVhzZlYxOE5TRFRaTHJOdTI2dTZHYUg4M2VfUzBmX2hKNmJUMDhrZ3V2STVQcXRwVDNPVW8?oc=5,1
CityJournal_CR,https://news.google.com/rss/articles/CBMiZkFVX3lxTE1ZaG5pVEprbmVlVldKa3BQR2l6VWRqWFdRLWk4UkRJU3dmdnY4TXBsdG1Ma2QxVzlRcWZqUlhXd2g5Z21GZ3JpZ0VvZklqYS1lcHlQdHVaYURFcUtsYTlRR1hQczNCZw?oc=5,1
CityJournal_CR,https://news.google.com/rss/articles/CBMicEFVX3lxTFBwNS1BUk5yYmNrX3pkSk5KREhOZFc1d0x3UU90R0Y4bHhxUENOXzd1Qm9ybUduVFhNVWRSVkg2cTQxWTJNb1hqZ3hneUdCLVNXU3lzSm50bnZNZDJKQlVKVWZCYWVIMFFYcUpSVGVGUjY?oc=5,1
CityJournal_CR,https://news.google.com/rss/articles/CBMibEFVX3lxTE84ZWpwRzdMcG9sd1FWVGpfQkRzWU9VRWxBUDkwVGpRem9wdXhHUXNuVVBPRVF2eDRRRzVDMFRUeDlLUl9wM01rc21tSEQyb2NFN1ozT2JubHg0MjBWWVpTN3NyRTFRcXlUREFQRQ?oc=5,1
CityJournal_CR,https://news.google.com/rss/articles/CBMioAFBVV95cUxPT2RmM2k1RTZIdTFRM3RkOWQwa1hrWkNDSVJfR1B0N2xCNURfOTQ0S1JRbHcxWGdqU2YxemtEc1ZveDhTMWRQMV9DZVNlWnhvZzNHbl9wd2lnTTBQdGxvTDdlRUNwWHRpcHJPOUlJZE1wNWJONTJZaFNRSnFVaU05QVVkaktMMUZadWZraDJNY3AyVV9hVmdjZjFlWE1FenFi?oc=5,1
CityJournal_CR,https://news.google.com/rss/articles/CBMingFBVV95cUxOMzZiZk5UaTRINTZSbms4d2o1cm96ZmVZM2p3dlJJTUhiM3pEWEFBejlzSnV2WnhmNWlaNW50MXgzUF9FMHlUZzRqdl9mLWNYOC1VNnprZnRYWDBzWkswZmU4SGRuTnJxU0NIcHRkWnk3QnBhY3dPQVk5SkptZVVnQTB1XzlxSjJEUHhtVEwxTGJ4akt1Vnc4cGVIeWdwdw?oc=5,1
CityJournal_CR,https://news.google.com/rss/articles/CBMif0FVX3lxTFBMY2xQUHQ1LW9fY0JiZGtMSkZQT2stdHNSVzllSmFKcUl1OHNEbEZaNHhmMWFXb0VqWktiUy1rSEoxRzhTcnZ4bmxaQ3NXb3BIYXFNdFBoR2VYQlVZMDRyX1JhZnlDYUZDUXVfN3JraDRQZHRNSWZ0TWxxSHZKYkE?oc=5,1
CityJournal_CR,https://news.google.com/rss/articles/CBMijwFBVV95cUxPTjMxbnc2Qk1TdVZVbEJ3WWRnd2EwZmh1MXl3b0E0Y18zaW12bXRqZjBObE9oalhrcXRGYkQyenM1aU9jUVp3OUJTU1kxVmZGZi1YMEwzdzdCS2xlMHlMZzRsVXMwTW1IQnlJbUJJWGVfRUoxZUR6WkRtRkM4TXh6azNRa1pla08xZ1lhakt5MA?oc=5,1
CityJournal_CR,https://news.google.com/rss/articles/CBMikAFBVV95cUxQZEtaaEZqS3hTaXAzZktHTTJCaUlSdFB2RGFndDl5Q0JBZS1HODJ3V3R4d0h2SmZkbFk3eVB5MndIbTB6cFZTT01CdGhqQ2tUZG9jN3dfTGlUdXBNS29SQU9JY183YmkwSi02bnhocHh6SWxuNGl3eFREcm9kd0F6TTZOLVhCalpPaGd6YXNZYUM?oc=5,1
CityJournal_CR,https://news.google.com/rss/articles/CBMiZ0FVX3lxTE9RQ2FCY2gzTGpETHduSF9RUGh2LUpZdE1MNExzTUFCLUs0VVNxWnR6SDVJOUNZTFNadmdBSVcyc0JkekFJdjlPOXRzVEpHNXFsZ3JkQVY5amJMckRQZEdaYzNHdk8wcjQ?oc=5,1
CityJournal_CR,https://news.google.com/rss/articles/CBMimgFBVV95cUxQLWxELTVEd1l1dDZ5T1JLMWFVcUdqcjVtLUtDeUU4NzY4Y1BpS2Z1T3k5QlNmenBJNEFGMU1xT1h3X3VBdUMtODNqNDE0eEliT3g2dWdGcjAyQ010QUFCaVE4NDJURm0tZ2U2LWt1SEZkanBLZHA0SVBwVHp5dWdFRUdQdmotcUdwWWVqUHlWa0ZKY3Z5bkhMWFVR?oc=5,1
CityJournal_CR,https://news.google.com/rss/articles/CBMia0FVX3lxTE8wbm1yVUhkbld2T19kR1RSZ2tTTjRQUU1RY2JQdk1vN010alFzRzZ2WTBBSnVFQzlnei1JRlBKTmFZcXhHcGJtN1JTbTFvclFWVGtYZnlsU0FZbllTLW5NZGZGSGtUNHBOQXFV?oc=5,1
CommentaryMag_CR,https://news.google.com/rss/articles/CBMimAFBVV95cUxPTlBaMVE4d3V1bkNkbm1TdVZ1dUNZc3BFVFE1YnJhbjBNTmRmMU42R0RncVVMdE5IcDBrUE9IQnNkcDB0dDBhREV5eFc5MUxEa1ByQnVMM19wcTYtV0tKMXdWc1d5RWR2X1QzV3VEVHp1bzdONkltZGM2UEY3TTJ0N1NBb2hYOERCRlhoX3B4eGJsTEpiUGdlOQ?oc=5,1
CommentaryMag_CR,https://news.google.com/rss/articles/CBMijgFBVV95cUxPSUVUWmNITEp0SEVCMWt2MlhJQko4TE1VeUdyOFVTMF9weW5vZVFCQ2llcVJjaFpqMFFNVXBCazV1ak85dVc1QzA1VEVkNzJMbG44OV9QOFFrYmozXy1aN3NzdGFyYmhsU0RRRm0yM0U3X1JMSG5RRlpzTjF5VUItOTI5eW1kUFphZjVBUkFR?oc=5,1
CommentaryMag_CR,https://news.google.com/rss/articles/CBMieEFVX3lxTE5mOXk0M3pvYjFBdGJ4M1FXMy1CaHl0dkI4UHNnN3QzV1h1NUI0eGVnZUtwZkdTaVpWTGxWX3ZWSHhFbVVwbmJCTUNhYVJJdnFXSHpzV3dwcmQ3eVp6NFYxb1NweVJzcVFOSE5GSGtMVm0tODNpNExWdg?oc=5,1
CommentaryMag_CR,https://news.google.com/rss/articles/CBMiggFBVV95cUxNSUhPOHBpWVg2WUYzbHJBcjF4ZUNDZldUYjQ0YjZ0cl9NQnA4WGQ3MmZEZXYxRlBkRzJpbl9IZGwxbnZuR0Y5aUhacUNpLTZlZGhxQUVLd3dLOTZTMXpzeW9kUndTcXlPUEdKQmZYSGY2NWRMclc4Qml4SHc5MjdnRjJB?oc=5,1
CommentaryMag_CR,https://news.google.com/rss/articles/CBMiggFBVV95cUxOcmxpOUdwRnlhMnl2T1pKZ204UUFQQmJJRlk1QkF3NXQzc3lDTFBwSnZ2T3FiRUMyeFVMME5PRjB6UU9GWFFzTGJRcUluSlkyenRYeHhiREl3ZnFWVW9aM1dZV05qTmlxanpnTXFvdnZ1bTQxb0RpcFZUT0Vad2Zzc0hR?oc=5,1
CommentaryMag_CR,https://news.google.com/rss/articles/CBMiugFBVV95cUxNc0dVVEMycWFpek04R3RteURhVVU1c3l1UUM4ZXp4RTJyM1VpMUZYTWlUM2RUbWNwM3hVVl9wS1VSTXVEd0FWSVpyRnNCWUozUWdybGxEMTNJNU5RN2tTNUdocXV5RER1RGJRb0xBVkJpQzM3LU9sM3RfTk5uSWZtNU5IVUVYbmtPUjBqNjY5NEhIZktPUzJkWTRrUGV6TW5peWxHUFZCcnUxMDNGT2gwczVIOXpaejRKbkE?oc=5,1
CommentaryMag_CR,https://news.google.com/rss/articles/CBMikAFBVV95cUxOemZGdG96YThQT1F1anBLTC1xbkQtZUR5NzQ0Y19aZjJscVl4dTl0bUt5OFU0c2hEZDVKMkM2akpYVHIxNjFJb1ZuRlJPSlVGYU1IOVgzUnlKTkVsMi1HdTNONXFCbVNEcWVmVTVjalJncmhNS1ZOZTZ1c0x6UkNQcHZUMWNzczMyLW5rTWh6OEY?oc=5,1
CommentaryMag_CR,https://news.google.com/rss/articles/CBMifEFVX3lxTE1rMzRaNWxvU3JTcVlsSjNyS1FscGdPWGJ2MXFqTkJJaFJPSFJJYmIyNGhBNHRQMGt0UENjcDB4VlJwRTQwOEhYQUFoNTJ0blQwS2QtQU5WSFJzcC1pMzU3ZFg3b1QwbzhHNUhfdGJ4dnd3S2k1M3JHQmxSV2c?oc=5,1
CommentaryMag_CR,https://news.google.com/rss/articles/CBMitgFBVV95cUxPMkliT0E0NnluWlNtLXJGUlJESXpqT3VNamVRNmRjNlpZZ0U1OU1faE93WWR4Szh2bi1ONjcyek5vbVp4bnhzX3Rfakx4SEp2ZFRUbWg2ZVMtWXJMNkJtTE5paEFJbEFNYzZfNlVYVEctcEFkVVhucnUwREtEODRwU2hsd1k2MVVUZ0huZ1U3Z2N4MFM0cUw4NjU0c21BSzY0RUJ3QS1CMG1GVFdFMXJLSXJ3aDEzdw?oc=5,1
CommentaryMag_CR,https://news.google.com/rss/articles/CBMikwFBVV95cUxNbE0tRVpJRWYzVlhFS09ZZU1kclliakdRRU9JSWxyYVlJalBjSEZaZEFselFJSGdCMDRka19jWEJsdWRxUHhqVS1Md05veEJkODAzU1BlX2dqZXUwVmFST1dNVjM1Nm5DYkx4d3JpZTVZdlBwY1lENUxGX0Z4ODNPRHdKRWxHQ2dkanlwOGo3S3JGWXc?oc=5,1
CommentaryMag_CR,https://news.google.com/rss/articles/CBMi0gFBVV95cUxPTFd4MFZkU094SUlzUnkxcjZpemhBOUxvZkZ4YWpsb0pxNWVLUWNwMHhzS0Rnb21xbmM1a3hVb3pUYVhRVW9uZHdfM05xZVoxcFlKRkpNXy1uSUVIWm9uTzBqT1RvSFd4MkV1RnpMMGpaV2JWalZqNHRMd1pLSVNfY0cxVXl0a3VQVkEybjNEaWZ2M2dXWkxnY2dJNXg1VW0xTFU0UXV6bFQ5anZ2dHlDQ2pIOXFVdEotbXBPeS12S0t0YjdETUk1SDFRTHFDcjBxSGc?oc=5,1
CommentaryMag_CR,https://news.google.com/rss/articles/CBMifkFVX3lxTE5wdmZ6SEoxdlVKQ2FERjV0WmUxNFNmQmMzNEZrTi11WEZWM1ZTMzhyb19jNkN2cTduWkdQSXJrazc0X1NTOHg2QVlUZ1M4QTBhUEN0dzZfVUtpRkFQd0hoQVFJQlBHdGtfeW9IMjl6U0w3R1FfdWkyWXRFS3pndw?oc=5,1
CommentaryMag_CR,https://news.google.com/rss/articles/CBMilAFBVV95cUxNdGU0bWtYVVdtRDdZZFR1MFQ2Y0tkM2o3SlhIRTZHLW5lQWpGS2E0YWYxeFpMQWg2aEQzalRCZVhLMW5kXzVJLU9LUVB3WnVadWZyeC1zMVJVXzRnRHJEZnpHLXRMM3hCUWo4VlBKeTFERjRYQW9UeEZZWUJSMlgwVW9kRG9EYzFXbkFMSk8xVlZyWmwz?oc=5,1
CommentaryMag_CR,https://news.google.com/rss/articles/CBMisgFBVV95cUxPSUhsV1RkQlNHRmlPVk5waHpESGxEVldzQjlmMWtoU21fdVZsaEdzNllzOFFvMHJ1eFJ1SE9sVEJ5cFZrMlNIWHNZRkcwbG5ua25oQkpqUzN2bXVaVGJYT24waWo3RGowLUUzNnhkNFZyeHVwYjJfSlVlbnlrRmRKeEpiSnpOQ0ZSd1AzS1RZWU84YS1mRDJoYnYzYmRfa0pMSXVSOFAyQndFWDFqTU52RTJR?oc=5,1
CommentaryMag_CR,https://news.google.com/rss/articles/CBMi8AFBVV95cUxPRVVITlFiM1ZjaHI0Z3J4UjA2aHFoLWVPQmxiaGpaZF9Ga2hUb2Y2RmJGNU9fQ0NoS0NDWV9BRkpRanZFVUFlZ1NOMS1SSl9ZUzR4a0x3Q0xVajBoMERaWVRxUF90a0YtQ1hVTFlFSGpadWVqZEVXMnBDaG15VldlSjZWZXpnU3pYd0VSMkF6dTdkaF80UUhzeV91VlZPUGpWbWFTR3dQRTRnYmxwSWJXQ2RFZy1LM1BTaFJjc0xuemRNek4yM2ctVWZvQlcxS20wYXVrNVpmVWZiOWdFNXg1SFdiaUdMRVZ0WV9iNXVxUHg?oc=5,1
CommentaryMag_CR,https://news.google.com/rss/articles/CBMiiwFBVV95cUxNNl9LMi1Sc3p1eExqbC1QcVlvTnJNeU9nVGQtVWFsc0gwSG1fb04tRGdmVVpaUjZMVXlvU2syN25zaW1JM09kSGNMS3pLZ0JGakoyUmVDSkpxVmFvWGZzX3B5NkdhQ25PY2FDbGJiOEw2QkJscXFab1FyTzBNLTdxQ1FES2Z4ZjIwWGo4?oc=5,1
CommentaryMag_CR,https://news.google.com/rss/articles/CBMijgFBVV95cUxQcHpsMFRpT0lfcmItWm56RmxwNjRUYk9VRi1hR1dwcGI2cVZmeXRud2Z5RjR2aUY5a25hbFdNTkQ0R3Uzak5XVHEwdjRJN1FyOGVsdlpSNEZKZzVXU2V4YWthTk1DRXZPSDZKR0loNHhHUzZ2VnJZZDhZdjZOTDgxUmxqLXJKdTlvTGRFR3NB?oc=5,1
CommentaryMag_CR,https://news.google.com/rss/articles/CBMiswFBVV95cUxPVjhfUV9nanJaeVRUZzNIOVpyVFpFNDZuTFBoTjYyYlZMZjBDS243NXB0TEQwUzB0QWlndjVnU1lHVEJIbzhPMHZKNGlMcEdxRGxNcEJWYUdvMGlxWnBtS3cwSGRDZWx0MmpnS0VHY0ZqbUZvcUc1akhJb0s3Qjhrc2hUSmxyMktnNFFtNDkxNnNoNjQ4MVFxTllnUTd6Wm12TWEtb2VUQnQ3LUVyeUdNLUhrOA?oc=5,1
CommentaryMag_CR,https://news.google.com/rss/articles/CBMitwFBVV95cUxPRHMxMDVHTEVIek90XzRvc29LWExDdWlzVTY2TEtncDZFTUdYdmRZZHQ1WUozdUhKMHBOQ0pHZ1dnMndaR01ITWc4d2FJSWwzV3BuWXR4dE5PcXJsVzRCZWF4T1B5dm93WGl4U0p1b3VRNlMyRDJWaDh1MDlUdlhza1VMenh6cGQ0a3BaLWF0R0tweTJoeG11bTJzQkRNRGFrQzhqRXJmNlZPOW5zeldhSXhsWVRVY1U?oc=5,1
CommentaryMag_CR,https://news.google.com/rss/articles/CBMikwFBVV95cUxNeHRWZU5WNWM3cDE3S1RmUkVGV281eURuazI0dzVCTTZRdmw5Rkd3SXhfaF9VZUdBcjRFU1BKWENkSUttaTlheWFIWlZfazYwdkxFa3pwVm45WHhwblVvNGdiZTNJSENBcmQwQXdLOWR3ZTdySGtHaFhtWDNYWFZBUURIai1MekNQYTZ5dWdFUm9kVnc?oc=5,1
CommentaryMag_CR,https://news.google.com/rss/articles/CBMiywFBVV95cUxOVmJYaDhjaThoNGlnSm05NzI3cFE3RXkwLWpsRTMwdFlLcEladGNveWQ2Ry1nQ2VFVThCRERrTUVOVV9sYmFSVVVkNlVsOGZJX2RyclBQTVEyODE3bFF2MTNZdkktM19ILTA0S2E5a0V1MXNhczhPNG9OLTFDNkhvRVlZbDQ0ZzRqWUFDdGN4cF9LeVJrV2tfQUZOb1pDVjZCNnJxVzcwQ01WZEt4QkFaSGx4MDdpOVEzOGlaRDFteWJmODIyNl9NRXpPOA?oc=5,1
CommentaryMag_CR,https://news.google.com/rss/articles/CBMifkFVX3lxTE51SzNfaklwM2cybWZnaGdIR254Njd6ZlNEQzNRSmRYSGZJQnpkTVdJeDlTMi0tSHZJVFI1VnlNTHhwSTVVNFpGMDVUcnVwM3Zrbk44U3l0eV9HSjBDVlJnSTMtaktvU3JIcU1idHVTLUxiajZad0ZJbzJMMWFIZw?oc=5,1
CommentaryMag_CR,https://news.google.com/rss/articles/CBMi8wFBVV95cUxNOXFTUUNZdEtHSW5pOG9ENDBPclVVZ19naXRhNkY5MWpSQUhxcDRDVTdwUkJfd2prV3E5Q09SWVlnYXJRemRMWU1leEswN1VCd2liSVVpWGxHUTdrUFJSYkRpLTFraHlRTDVENFBPMWRFTmV5NkNkb2Y0bWJPVDV5Y0tuaUtlYm1sVFZMZDROUWtXamExTU1vcWdRYzJUUkkwY0paUkVKVzhyWmRieDdNUGM2VTNTOWdJSnNBZTdieUdldUx6Qzl1dzU1Xzh1ZVhMNElSU2Y3SUxXSUIzR3NCbmY0T1hVVGlRX3FxcW9rY2FOMDA?oc=5,1
CommentaryMag_CR,https://news.google.com/rss/articles/CBMijAFBVV95cUxNQ0NWTE5MSDY5OERQM0kwWFJwS00tTjY1MlVTZXlIOGI4Ui1za0hrZ3ZmeGMxTDJ3bEV6Z3V1bDBkRGVzQnJnZmVQX0ZVLVE5N1lQVmRBci1BbWJDT2JfTE1tRzB4Y05seHNDVlppQkRKTC1td19vQ2swVGRpR19YVVg0eXJGVTlpT0dqYw?oc=5,1
CommentaryMag_CR,https://news.google.com/rss/articles/CBMijgFBVV95cUxNRTItWmhzMjlqa3hKNkJNLUFaUTNGU2FLTGpkeXJoTS1NNUVqSl94MkVuWUFmV1J0VlFYN1pyZGs0a1V5eVRIbW5McUFMbDNwdW9CUkJWVnl0NVZsTXFYVGNkQmg0eHF2b3RuZm5yaTdwa0otNXhkY0JsQlNoaXBsaUpDV2xMb2I2WGhXMmFR?oc=5,1
CommentaryMag_CR,https://news.google.com/rss/articles/CBMilgFBVV95cUxNT291RHBpcDlKbm5fMzlBOVJYUkM5VThmczVzc0E0ZGtqMnpkVXR3Tk9HQ2MwLVVyRUZwUW5Qb0NXN0dEajFmM1ZIUjVvZnhHcmg3cjBJS0xQaVhHZ3p4N1lQWFNmbE43OTM3aUJtcUdjcVYwRS01Y1pzem5DZFRQZUxkVFpCcEhneDR0QUtUVUhTSHNjTlE?oc=5,1
CommentaryMag_CR,https://news.google.com/rss/articles/CBMilwFBVV95cUxNdDdKTGliVEt0ckZYOUFKUDZzUXpleEJxWmVSOGo1djFidFFQZF90akIzbGJPeVpEYkl3amg3MWY0SHBaT01vSFlUWlZaWXUxVy1YdmlzTzRLdk1xZXU2aEJPRjhyTzB2SXdqckRWMjVrQUZobFhJTjlzSUV4enBPY2VGU1h6bGhwZDBWU05VaUhsaFpuT0FV?oc=5,1
CommentaryMag_CR,https://news.google.com/rss/articles/CBMikAFBVV95cUxPd19mRjhoV0ZueFREOGZzMXQ2T0laenpIbVdmZFdSWTBCVUhCS0lfNHVpenJFR2FtVTlKWmNRb0JURTBrbVdIdG1DUFJ6aWpXZ0RtNEQzeDVmaEc5NDZOcGV1R1NtYURUT0hRX3pOQ3J6Q0dQaFE4YjNjMF9CSUEtaC0wR3ZGWXViTzdTN1hTdEc?oc=5,1
CommentaryMag_CR,https://news.google.com/rss/articles/CBMikgFBVV95cUxPa0dfS0JWaDN3RF84MW5MNWo3UEFsQ2duOW0tdWVuTVlWZ2N6RGpHbzZLMTFycG9yWkdFZGFFSzl0cEt6eVJFaTd0TlNPVG9TMkEtaWRWaW1PWWFHZWtaSi04dzdKQUg4RVo4aERvUjBQNk96RkFpOEppOUxaUGxMTWVra0hJb1FfUi1VNWRBQXVmdw?oc=5,1
CommentaryMag_CR,https://news.google.com/rss/articles/CBMiqgFBVV95cUxNbUVMRUxpVGJfeHg4V1RXVi1BQm50c0Yta2tqSHZyekZJQWQ5YWtnc3plNzFZVkdoSUF1Yjlrc3BhR2h5WnBZTUgyU2wtYjFDekktMXZ0V2g0N05TSTM4UGhFSHhTUDJ4NkYwUzBSVmphSDgxaHJhTWdxU1R6XzBRSE10eUhJdUlfRlltTnVLLUY0YXZ0ZjVoTmlEVlFzVmpOVVdHN3hTSXlQdw?oc=5,1
CommentaryMag_CR,https://news.google.com/rss/articles/CBMiigFBVV95cUxQS3lVLUpvbGRwS3ZzVk8zNUlaeE03WGNRSndNbWZ6bm9ibHRaZDNxOHU0ZVk3dUpERGZaN2IyVzBHMDVGcEstWExBNVU5cjRzaFAzQVVfbllmY0FQcU00NUgydHgxWGdraWdxM2NScXZOQld5eXpRaUc3LWw0elB4c3g2eFV1ZXhnMlE?oc=5,1
CommentaryMag_CR,https://news.google.com/rss/articles/CBMi1AFBVV95cUxNZE85SllJRnFzLVNPMUFDdV9tejhfbldOdy1seENvTkdzV1FLZXJaejMybnR4LTktREFxV0MzYzV4ZGIzam9VU3RSaDlBMFdRRm1hcUFoSEZiSDVrM19HZWdCeHloZjNtOUhhSlhJTFRjem1VWGJKeGVwa0JOR2Mwd0xRNmR0ZFVnVWZxcDNUZWF4a2xWNWlpbC1Vb3piX1lITDlndlB1SHBwVkhCMzRTY1l2UWs0VlNCNTZFTjFWUTB5WTEzRFZmTTJwQVY3OVdvOUJiYg?oc=5,1
CommentaryMag_CR,https://news.google.com/rss/articles/CBMiiwFBVV95cUxQYXZoM2hlRXRBd19LLVZwRWNtalBlbUd1ZXdwYVZMYXVxYV9MNzhQZjdvbVFrR29zeFZ0Zlllc1FlYjJ4MXpzc0xoSUxudXVrUHlXNy1DdzJiZnlYcU5rOUFmMU1ONjJURVVvcHlJMTlZUGpDcWlWVDJVdFliUk94bmRkamlUWFR0NWxr?oc=5,1
CommentaryMag_CR,https://news.google.com/rss/articles/CBMinAFBVV95cUxQQVF5aWxhN29sejV2V0MzNXdIcWdlTjZsMk5uX0VrS2NOX2h2YjVHUGFsZmlscjg5SHdlTmNONC1ISzlvT1BhOGNDOVc1dkswZHJaOVNyejZkRHlEMFJyQU1PZmtjYnZJYzJLQ0NKSkNvbXQybUVxaHhneHR0MzBIRnhUcXpMVk5rVFRZYzhmZzRNRlJISkpHczAwdWM?oc=5,1
CommentaryMag_CR,https://news.google.com/rss/articles/CBMikgFBVV95cUxQdF9ENU9JenRoMlJFWUxKS29jOVZLblB0RlFlUXBBaUdqRkJETDJLV2lKU0pWU3Y2b3ZhLVJta1FVYjI3MFlNNXJycDlvakJGTk9rSDZjYjJtd3VIUFN3STh1UkxPTTluc2FOWXlaMVpzeXgyWURhZ2FtQUdEZk1acjEwNDNoMkMtc3BEdnZBNlJCQQ?oc=5,1
CommentaryMag_CR,https://news.google.com/rss/articles/CBMiqwFBVV95cUxPaF9uMWt5LWNRUHFZWmRxcEh2amczWUVHYWs0Wk0zbk1lZXVzZkJpcUhldWRTcEJ1eFo1eEdLZDNyY2Q4djIwa1BjMndWZkJXQUl3aFRSd25YeWkyOElPRGlrTy1mbEFLVG92OS1yeW51Vm1XaU01SnEtYXZyNUd6Z0Jqa2p3QWlERjc3a1o5ODFSRUpGZEFkSzJrV3NuWVZlamlLY1RXTURnRTA?oc=5,1
CommentaryMag_CR,https://news.google.com/rss/articles/CBMirwFBVV95cUxNTmpaZGoyNFR2RDAtZlRENUZBUjlJX1NUSF95LVc4V3k1TmxSTkFWWTdXRDhaUnc0YUpRMjRwMlJ4elByeElTS3Jia3lzcDZxRXkyME1hd25vQmdwaGgxY3BVSGhJXzA2T19HaVVhbHhoaHpkdkl2Y3gyUnNaQWo2U0FsdU1CZUhCOHZnQW5iX0ZUYzBmZDZoZVhEQ0dUUnY0d1MteDgxX09VbnVZZlc4?oc=5,1
CommentaryMag_CR,https://news.google.com/rss/articles/CBMihwFBVV95cUxQb3Y5WkVodHhrcEZFeGU0azhXNkRGUkZiX1FDb2diZzNIMFN1MmdqVm1EOFgzemp0d2VhN3B2UlpkS2RnTkNHbERwQWhVdm5TNE5kQTdxeGRsaTFaNjFFVndESUR6cVU0MXltM2JhQ1kwZ0dtQjR0NzQwYlgtNjI1anRaOENnRkE?oc=5,1
CommentaryMag_CR,https://news.google.com/rss/articles/CBMipwFBVV95cUxON1gydWFEZ3pCQmduRkp1VTZSd1NiWXBuMThQOWxnNlhraWRaSEVkZVlOSS15b2ZpT01aSmNSbVZzTms0UkFaMXNjZXAyMzFEWmZObTFKVF90SEgtVGZxRW9IcF9EYWF0LXFUSGVzNTlMYktMVXVjYjZRNVlXbDMxMFdTdjFJV2p0bXh0OV9FZG0tSmoxaFZHd1RjNHlXZ3RiRHhTUUNDOA?oc=5,1
CommentaryMag_CR,https://news.google.com/rss/articles/CBMiuwFBVV95cUxPWlM3NndpTldCclh3UjRLRDNwRXh0VE80Y001V1A4U2d0emFFZ1A1c25FZkdxX0lCcVhidnlkdDE4alB6dXhmZmF1Q3RfWDltV3ZSVG1HLXVkMDZ2bk5xUmlUajZVaTh3NW1ZQ0pWcjJRdXY2TkJzV0F1WW1ELWxQLVhFSG1tNi1jZDRxMFFSdnJsYTg4S1U5RERaaHYzWnlkYTg5WVp1MlAzd1VZdUdQX0E3MzdQU3E5aFNF?oc=5,1
CommentaryMag_CR,https://news.google.com/rss/articles/CBMixAFBVV95cUxPTV9GaEdVNjBSWE0yNm16bFhCbGM1QjBTR1pZa0V5MlgwM0c1eW9SWmhDNGM1Z0lTM0c0eTlIcEh3ay0zS0Y5OUZfcm1pXy14Q2dCejRWbE9mT21SeDVnZVV1Vjhzb1h0enFUN1RTZjRSSEtvUVU3S1JyQ3Z3WlRrQTJldVZJQ0JKNGw5dzFKVlhxWk5QdWxHMUZ6RndxWkR1Q1NNa2RXZ1BiUXQtY3FkSHN6TWhsQXVMWFI1SHZTUHF2ODZq?oc=5,1
CommentaryMag_CR,https://news.google.com/rss/articles/CBMifEFVX3lxTE96cVdSa2oyMEZ2bnMtQjM1VGJPdDd6QV82RDVEbXZ4V0MxSUZ6VlJNbjQwX1I4NnE0RGlUd3FNREMzRzJBZ1ZqYTNRZkpQa3JGam0xZW90QkpMckh2VWhWX09na1hZOTlEbU55NVJhNUQtcEgzNUpWU3laWno?oc=5,1
CommentaryMag_CR,https://news.google.com/rss/articles/CBMijwFBVV95cUxQRlBZSnd5ZU9sSTBHWlVTR3hRRmY5VVR1TFE4X19DRDJua2Z2YkxMQUcyVkN6d0hrM1h1dGd1ZHFURTBKSDRnUTgxMGR6YVVINFdqV2NRMjlMNTdzdUlJZWEwc2FXRFk4SnhITlVPdEg5bzQ2NFY0OFFBNmJyMV9IU05kbnJCZ0NhM0laNDBuaw?oc=5,1
CommentaryMag_CR,https://news.google.com/rss/articles/CBMimgFBVV95cUxOZ3loZUlFa05wU21SMjdFaVE3aFl4aEJRdkpWUTc4OXc4cDVyQThxQV9zdXlqOGRTekEwS25mRUZYT1hxeW5KMHhaYktKektrTVo2SkQ5N2NBSXhRSkZHUEJkTGlPdGNPLWZmRkUyRU1xWFBBUXhKUzlwdlFyeDlDcVRqbVFtWHhSeUFMRGttalhCZC1mR2NaYmdn?oc=5,1
CommentaryMag_CR,https://news.google.com/rss/articles/CBMitgFBVV95cUxQQTlNeEpUcjRWQlROVEZrVlFySlVPR3dNTFRMVm5SZDlVQVlTbVVpVmhPQmltaGV3ZWFFd2FHNmRBSG5od1ZOZUZZN0JURlNhUmk3Qnl6UG12azY2eGd0eGlDWWU2MTJHQTNOYmxuNFI0cHNvRnpPNXduaS1oNW5VLVlBc0xhRG05a2xDSDJaS2poTHJ4S3g5V3pyZEEtTU9hV0RySVkwZVdJckFvRk12RnNtYWFUdw?oc=5,1
CommentaryMag_CR,https://news.google.com/rss/articles/CBMizAFBVV95cUxQSE92d01tdVI5elV6R2dMNWs5Q2l1T281U0pYWGxWZHZ4UERkQmRmYU13dUI3cUlLU3R3di1oNWIwbHROYXVhNkZVbHlteElIaDFVYkt1MjV1VDNKOGFtWWFZYjR3Z3ZxMk9oVDlaTTg5R1lLRFR4SU9udC1SZlpnaXpHcnhIeWk0cDc1c3VNOWRfbEFTOVIzRFR6ZHdCQzVNTk1iM1l1R216N1hXWjhGOFZMLXFpaXNsRUYzQmJiV3AxMDZWWXVrMXZqQ3E?oc=5,1
CommentaryMag_CR,https://news.google.com/rss/articles/CBMiekFVX3lxTE0wVEFKb1lJUjNaYmRMN1RNZ2cyQ0dUQTdVcEVSdEw2Z1kzODM2OFNmalJWbzJabGlFR3VidTJNaTJsNW1rbi1lSzRwamtqdm1scmdzSXF6ZkI0dTdCLWFzNXNMUWUxT0FhU3N4ek55RVVoNF93RHZEcHln?oc=5,1
CommentaryMag_CR,https://news.google.com/rss/articles/CBMimwFBVV95cUxOM0stdFNzbFlIR2VJdTNMYzhTeEEtNHVBRnVtbUFNTUdLcW5ndnlIOTNDbFh5dVVwbWc4NlY1WjVmcVZzWXczLU96V01JRHdjZnlOMGFwZ0Z4X2I4REZJV3Y1bnBwVG5vUmdwdWR5bGMxc2E1LTJha0NpTkxFWVNRQ01hb25OeFlqWHZwTjZxNjM0OUFCYjRjOFJ6TQ?oc=5,1
CommentaryMag_CR,https://news.google.com/rss/articles/CBMif0FVX3lxTE5renhiTjRlNmpnMHJtNV9GTjlOT2ZrYWx5aHVkd29GS0ZhZW1DaE9yZ0RjQWphWWF5OVRSd1o5dUNfUDNKTkd3R3paX09aZGYtaWsxbWVHcG9Rek9aT2dZaFVMVEtZS3dsSVJwX21kR0sxZEp5MUNpb21XX21UNFE?oc=5,1
CommentaryMag_CR,https://news.google.com/rss/articles/CBMi-AFBVV95cUxPcWRBVWI0SG1JcFFBcWhjMjU1aGJxNzQyRy1aWDBFYnpsUW1NU010MzdKbnFVdVNDLVN6MWtMQlY0bTRCRUNoaFJBUXVoUVp1UXd1VldFMFBJODU1bllhMS1hYThuWm5ucFU3cjlGaU9ITVJJblJnU3kwbmFTaTZKNGlZQmVOZG5RVjdXNlVINHVhenJoZy1sZnhMZkZPMmJlZXNORGxlekFlRGRZNDdoWWR2cVd2blFyQWo4amN0NUxKbm9LX0doekFqdmxxT204bTRRYV9hXzk4Mkk0R3dRcl9xUGloVGpIeGF4T2hJbkUxMVVmdFJYTA?oc=5,1
CommentaryMag_CR,https://news.google.com/rss/articles/CBMihgFBVV95cUxOR3haZ3MyTmdacDk1VjM3a2tubGlia2pwRTZjODRrLUFtYmVQTjBKTEcyZTdPY0tTV0FQTjgtRXRFSlpOTk5hY1o5TmJtcDBtSkVlZ1EwOFpiX3Fta0NkeEY5WldJVWdkNTJwMF9pUjIyUTNKRjJydVQxYjZoREdxMnBzSjBPUQ?oc=5,1
CommentaryMag_CR,https://news.google.com/rss/articles/CBMiekFVX3lxTFB5U0NaRGhzM0EtQUJyekdJS0M4WU5Gc1Eyc3BEQVpKcWlnWEg5SVJvVUJSTlNIS2VhdGdlTXR4SWRvMmN5QWllZVltYXMzaU0tZkVjMlNjWUVNcUtMMm83U3UtWm5YYWRER19rTU1KNmVLaUdPT2xZRXNR?oc=5,1
CommentaryMag_CR,https://news.google.com/rss/articles/CBMiggFBVV95cUxOODZPS205RW8xNFlCczNwZmphT3VRMEdEMHpZZzNSNV94ZkNfdHVqalQ0bi11YU9xOG5TLWkyTDgzeHBkYmVEcHg3anlWUzU2TURveTYwZVZBM1RnTWRPcE5ncTdOY21NbC1IOUFPN3ZTM3RQdkpWUlhkSGUxRUt2ZFZR?oc=5,1
CommentaryMag_CR,https://news.google.com/rss/articles/CBMiggFBVV95cUxONmsxZHdtVW1ZTzM2QUhhWmJ0M05rNlVYVk5fT3E4SFg4OHRlX2NBeS1XcjJWZjltelhaUTdQVndlWUlpLWpIVEVOX1ZsVktabURQcTdOazFZTGhoX05HbXJQX2FFcEMwRHBrdTBzbzNORlMtWF9LRW5zbHlqSTZvY25R?oc=5,1
CommentaryMag_CR,https://news.google.com/rss/articles/CBMif0FVX3lxTE9DS2FNVm9acTQwb3NLRmNGMTE3OURhVVN0MVhlamJidU9LNTRCa0FHTmZnTU9kWGlhaGhiZ2hacXpoVEpfekhWX0s2azhNdzhiLWdpQW00STNjcDZVWHVFS2RsVXpMM1hsQzd1dTVCMkhzNDZNNVVqdmpVMjN0enc?oc=5,1
CommentaryMag_CR,https://news.google.com/rss/articles/CBMiqgFBVV95cUxQeHd1RWpJemxOU3YyUE1RM3NoSzNGVW9UdUEwTWtYX3UtVHJNVE0wUW1EcGZqZDdQYmkzLU1mQU5vVW9wV3dLZmlKdVpldnhCRW5LVVNfQXJ4UUNvRlllMmNWNmRVYVRrelJNX3VNRVlWRlJseHVBRGhOZUJ6U0xTaXdLYWpWUUdvUmlnQ2REVnducTBLbHNVVUtNZUpoU0tQWFRUYmhnY0U3UQ?oc=5,1
CommentaryMag_CR,https://news.google.com/rss/articles/CBMiugFBVV95cUxPQmx2VFFtdHBETDVZSndWZ2pQOW5xWkdRaHoxMHVRa0ZWR0tpOVhYR3NSVWl2dlp3b0ZCTXlJYVYtYm9NdXNVY18tSWlwVFhkSkhVSlNpLVdSdGhPRUEtdUxTQjdIR0JiQUlWUDkxMFJUNXU4QzRFNnBRenE0M1pLbm1EOUxmX25vWGtQeC03UDRfMjdrcU9IOTBpbGlldjdzUXQ5NlBkNXhlXzZGdGtkMnpMRDRkYndPU1E?oc=5,1
CommentaryMag_CR,https://news.google.com/rss/articles/CBMiQEFVX3lxTE1tVkV5WmViN1lwYy13M1Z2V0dobnhvMnRnWk5PQ3hpS084UmIxaXVrWlFRU3hOWnRNVlgxZmpfRF8?oc=5,1
CommentaryMag_CR,https://news.google.com/rss/articles/CBMiekFVX3lxTE5ESXFqbXcxUGNSdnE5OW8wYkFxa0daanFLdWpjQTJ1ckxZd3FxN2l3d18yOWJHaWdvSkN0dXEyUG5ua3BaRm43ZW0yMHFaeG1laldoSlpOR3V0OEFZb0NpRndVVW5FTk1IbE56OXhGa2dZN3ZhTld5NWNB?oc=5,1
CommentaryMag_CR,https://news.google.com/rss/articles/CBMihwFBVV95cUxQOHBOaTU0WU9DbWloaHgtaWtyNkNRVnYwQU5wVkhwQ21iN0xndDRwaVpkQnZ0Vl9GOFBCNjRYNXljSTJvc3JPVmktYnAzdzYwWTA0QWxhMUhRTjNIM3RuckZMZGp3ZGRUVy1SX3JkX2E4SERxMWEtd1JwWEZ1OXBIQ3Ziak1HU28?oc=5,1
CommentaryMag_CR,https://news.google.com/rss/articles/CBMipgFBVV95cUxOSGxGUnhIaTZqQlJMU1hDNFp3eWpDdUEzNHVPWmJyTHl5QjZSN0dkMDFMdHV4SGR1TEN3b2dGVWtlUk9oZnJ3dWlWcmFlbTlWSkdFZG1hVm1JTHV4OGZMZXVYNC1TaC1HNWtuUU9WWUhneGZRSXZScm5YWmhiOUJIYngwaV9wM3l4N2ROS2gyWk1Ka1RMbVIxdTNZVERvdUhZOVRjMkN3?oc=5,1
CommentaryMag_CR,https://news.google.com/rss/articles/CBMilAFBVV95cUxQaDhEd0F3Y3NmRjVSdFM2RVU3Ri1hdXVKMld6Z1RjN2xwaEtNNlRHYjkwTlhESlhLQkt6aUs0M3Z3YVpOWEhabXM4VWc5TGRXRl9WSG8xT05mcXkzYUxSbm9OOEZBUmQ0R3NkbWhYWkJfR25KRktwRDVpUkxjX1NLQmItT3QyNHNpWHBnODRmZjVuVG0t?oc=5,1
CommentaryMag_CR,https://news.google.com/rss/articles/CBMif0FVX3lxTE1lZDV4QUhJUTFwTGR6WHhPY0dmenFBR21mUXdYa1h6LVd2R3lWVVdHUkFqeEY1Q1U0UUszcFN3MVZxRXBPOVNrS0xlWEh6cmdVenZSdkdWQWVhdGl5cV84NnBEd2hwckpHY2NyZ2xHRDAyZGgySFZrRzlFN2wxbEk?oc=5,1
CommentaryMag_CR,https://news.google.com/rss/articles/CBMivAFBVV95cUxNdTZERFJqZEFaRnZ4R2FpNmhrZHVXWm9GYnpVa3pVNjZxNHNHbWo2RGx1TXprRGVkV2JIM09WNHNkV1J3Uk9pQXpLWG1GSXFBdndscjFIenBYUWQ5a1BKMVNsaVJ2QUw3UnE0SkszZVV6M0hpZjFETklCSXQ2dUJabU9fUVlYLVJkS09peVJKbGYyOEVaTVlzR2hUWUFXXzRFVFdkU0V5S3c1Zm5nckVmWV85TWRrbXBEY0REeQ?oc=5,1
CommentaryMag_CR,https://news.google.com/rss/articles/CBMijAFBVV95cUxNcFUwNFdpZnEwb2Z0Xzl1VHVHS19PT0gyMjNYenFWckItcnBiSUpsZENIcDljbmtxWW9ySk84elZDc1puOVpoZnduTE9tOXh2Y09tYlV1R0dfYnpGWTlYbm1HM3BaSm9jWThnbGFkTnlfWC1NTTRHeV9ULVJWTGJrNVRoczlScGpZQmJhWQ?oc=5,1
CommentaryMag_CR,https://news.google.com/rss/articles/CBMiigFBVV95cUxOQWZuSFNDNU1DQnhnb0xOblp5R3JydEMyejZZQ21lXzE1OXNxS0dMZmNTVG5KZVRuem8xZGpCQlNXMlZJSmRXazM5Mmt1RFN3cWxNYnlkZ0YxazI3bm9ZdTRZMkE3ZEloa29wUFQ5dS1oMzdPV25fQkdfaTRkTFZwOEFoVVZOdHdncVE?oc=5,1
CommentaryMag_CR,https://news.google.com/rss/articles/CBMikAFBVV95cUxQb0R5XzN0aFhlSjU1bFdQNkE1ZnpYeVlRVkNPYmI2bDRfcTdxalpwWkhrbk9WdzJLMEVoRTB2QXZnMmFYQ0R2d3hrX2gybE5GNHJ0SWt5YWIzdFhPTXZqbGM4VWJlZHNxRHk5SXJGOFlZTFM2VGUwQ0NfRXdRRXI3ZUduUWdLNUtwUVRhWVpWeGc?oc=5,1
CommentaryMag_CR,https://news.google.com/rss/articles/CBMi1gFBVV95cUxPcFg3V08zZ3B6V3RiVUFfYkNpam5vZjRKdGpNWW15dDNKM01qY1JEYXRjem9lZ3BaWDVQLWdaUGRNdE95Q2tVNkc2QThaQjJpUXk2X0J4NklONkFMU00wQnQ5UmlqZUZyakdjeXRtUWluZFNhbWlPbGtYdUJ3ck1RZmNueHlpLVVtZ1l0TUdnck93dVZvMWV3VDY5YkxOSEdQZktZNnNuY0lsbHhzMWF3LWYtamtFdGNfa3c1Z2J1anZ5MHhGdnVGbFdZdExoN1kwWV9wYk9R?oc=5,1
CommentaryMag_CR,https://news.google.com/rss/articles/CBMi4AFBVV95cUxQLXlUWURLRHZHY1pPVTMyWklqSldMQ3dSa3FPWHRUM3NBXy1WcUlpQXUtLU50VXRhTnp0UVpfVnZGektRdUs2OGxRdkkyQ214ejRrQThMVVRyYXNTU3RZSkItd09sYWNBNUl5a1FudTUyMWMtWmFDcExadlB5WDhLUzJmb1RtNFhOOGU0UkpZN3JwTEdlYndXUkJFXzVMV0tHN2JiNnhReGtrZUFSQm5lM25RaGhvU3J3ZmtGNlZSVS1ndXhfV2dGMWpTdUVrSy1fdlVBcnprTm1vQVp2eW50UQ?oc=5,1
CommentaryMag_CR,https://news.google.com/rss/articles/CBMikAFBVV95cUxQWnFtd0xmR0w1WHdJcl9ZU3VUMDZoMHRHQ1lTOHlZYzFVSXFMT2JhbTR2cFh4NXd2azBtMXFnSEQzZjlfVkNtUDVJVi1oenE0NE1OVG0weE1Jc2ZCblUtYkFUc3NxOVRqQVo1TlIzTTIyX09malVycXE2aE1vTmUwLXUwVFRtcGxDLV9RbDdfeUY?oc=5,1
CommentaryMag_CR,https://news.google.com/rss/articles/CBMif0FVX3lxTE5aUFRyTjJOQnhfZVg0bndKWnJhN1p4bFBNWnhKakZPMi1YWVgtN1VjcGxiUVdQaVJweTJLYkRpNlBBZlZuRTE0SkZXSmRLSlNwdHZRZWc4M2lBUERVWEZ0aTl1cHN4cm9uWTIwQU80SXZDYlFmMzZkcmlzUlY4dEU?oc=5,1
CommentaryMag_CR,https://news.google.com/rss/articles/CBMiVEFVX3lxTFBGRVltT2R1RjMxUTVHZnRxR1N6VTlvWDdPSWxHTTRmaUtSMVhPLUFQWFV3Nk1yYkQtZW01Z204VjA1UTl3RzhMbXhwclNBcnVUSlZtRw?oc=5,1
CommentaryMag_CR,https://news.google.com/rss/articles/CBMiwAFBVV95cUxOenNFUXYzdGh4MndOS05YZFBHS3JlbFdMbTFQZGNPVGNDOU1LYzA2X2JXeFI4Rm9yOHU5MnRUdzFyM1ozUXl2NTFReDJhT2lXNnRaZ1I1ckZtRTBnNURvbkkwUERNSTdpLXVEeHJoVFZZVzFNTUtVLUxxUkVONWFkdWxuRjBYMjlMZTRrZnNheXVrQ3F6TmJkR28wb3AxUU1MZExPV294T1R4ZE1OY2dONDVyMUZqY1RFY0x6SlRnV08?oc=5,1
CommentaryMag_CR,https://news.google.com/rss/articles/CBMi5gFBVV95cUxQNzlvT3Jvbk5rMjBCbkg3M1pOT0luQlFpTV85STNDTENTU0R3NVlCWE13WXN0U1dGSEVTSFU1emQ1N1UtUGxncWFLLW82aWp0bVRkZy1FYkkwM29PSm1RbmVwSUNjWlgtRkd2OVJxYUd2S0hTVWdFd1JWMnpsSlJ3QzF4d1MtQkxidng0TjhDN1pZRmhEYm9uLThtVmtMU3p2bEJ5Ym9HTjg1OXFtcDhGMzlrLWJsTUpoVWxRSEFpcFgyQWkxVkU5YUJ4MUNzLWJCOWhUWVVUSHlQWkJzd2xWd3ZQc3Zrdw?oc=5,1
CommentaryMag_CR,https://news.google.com/rss/articles/CBMif0FVX3lxTE9XZnZFcjJ0RUIyTFlvZFJtd19IUF9DcW9oNmFXdFFSZ0VVQ2JuRFJtTnZqcGdZbU00c3FvbTNsaTV6NVpWQkNqbGRHdXJ4U3VjTXNvNFUta2Zwd2phMGExdmhzOFhFV0duVEFTMUF0dEJ2OXZUZ3lxNlFWdEJfMlU?oc=5,1
CommentaryMag_CR,https://news.google.com/rss/articles/CBMiigFBVV95cUxOVFpzLVhmTXpmcHVWaUdIdGRDUzVBVkhYMHgyMTJxXzRTb0ZkM3o4bXhfLWl2ZzdaTl9zYTdVMTdlWWU5WUtlelBickFnc29lOGNzWVRvS3F4dlBud3BuSDh0YV9TZWh2VzBzWHp3SzJrWVpkWTBtejJHVTBvYmRCdVFkWExTVWt5TGc?oc=5,1
CommentaryMag_CR,https://news.google.com/rss/articles/CBMiiAFBVV95cUxNOGJfUnVYUTBmc1JLWFVDYTg5dnFSQ1dTOTc4RDJUSC1iLWh3UE9WLXBsaGc3cG9DQnhObDVZTUtOYlZycG5qWkJJbUNHRGN4MmxfM2tuc2U4aHpzLWlQRWRxSVpxVC1EcC1qbWJqVEJZZ2xKNkpvTjFWZ0RVVWR3QmZ6czQ5akZO?oc=5,1
CommentaryMag_CR,https://news.google.com/rss/articles/CBMimgFBVV95cUxOSWJOaGJfU3dxXzNqXzNQRVhILXNkd0NfUnZ2ZGdmelN6OG5VTG5PWlZtYk1veUVaQ0tlSElMSG1id0RDRDBCOV93bm52Z1JUQVJ0YTNRM0Y5d0duRXpEVUdvYmNpVTdGZlQ0U2dUb0tsV1E5bnEyalhUazlXYWFNVG53Z1R5YzNNWnc0bXY0dUtzbGQzTTRzb09n?oc=5,1
CommentaryMag_CR,https://news.google.com/rss/articles/CBMilAFBVV95cUxQMnIyRmdURFR5b0Zpdm9uanVaWDdrY3JVa3oydE9PTmZXLU1OdmMzUHh2b3ZlVnF4WlBmSGE4a2c4X285d1dleVRnQUZZZl93SVZrNU04REVQdkkwM0FDSmlxdGNzNXJ1dmFPamtVTmNYYWVwVnZIR0pCTW1SRldQU0tLZ3JMek95VF9fem1VT0stb25h?oc=5,1
CommentaryMag_CR,https://news.google.com/rss/articles/CBMiuAFBVV95cUxPUjRWOTdkNHZUVXo4dTVwZnJnSUNSWXgyNFB2YjBJMFlCZGtaWGJXcUhuQ2FTV1hEc1NWb2xaUHJJTm14SVZyMkpvZERPUnh2ZUNUZC0tbHFEdWx4aGNTd1NqSV8wSzM3cU5NQWNZMGR0OGJ5UlVZRVBuemFncXFlWkFQR0VrNjVrSXI2NGl4dTR3MGtTR3pNVGJ4Qk1FRXpYNHhuVWZQZzhsTm9uOUl1bUtJUkRra2ho?oc=5,1
CommentaryMag_CR,https://news.google.com/rss/articles/CBMiekFVX3lxTE1UNGk4dTg3WFZoQkFhX2ttbDJmZU1GSGtxS0l2dVhQaFdKOHJkM0JDZjl3Q2N2Zjc5bW5qOWdoeHhkeEgycXBBUDFKa2Q3YlJOQmRiaUNpbGxyVHphRWhHRnFWMHZNVi12dnlmeUlnYjhpNUtaYUxoSWV3?oc=5,1
CommentaryMag_CR,https://news.google.com/rss/articles/CBMijAFBVV95cUxNOHVYd0ZkY1pRbXVHQ2NaX243dVdWalBzM3dzdWZqZDBLaWNxaURuQVNZVzhGc1BjeHN5OWZtaE5GM2FxTjdfaGVZeVFNNjRTQjl0TjJ2NmNyLV9TZlJKaTVONzVaWWJQbTkyaktfZi1jYzJEOFhqZXRQNlkyTXk4ZEw4YjFBR0t2Y2lFXw?oc=5,1
CommentaryMag_CR,https://news.google.com/rss/articles/CBMiiwFBVV95cUxPYjh3XzVJdGxOYWFpaTNwcTJfeDI2eWxjcjMxWnpfS2VIakJzQmhyNUphak9FN09WMUtld01VNU9ZSC0teTZvWlpyYUlwNVQ0b3dOaTZ6YmVtbmFyMzBVbldTS0ZNWlk1Z0FKNFNhM2lrWkQxd3kxd2laejJnY3ZxQ1duaWZudzR1UEJV?oc=5,1
CommentaryMag_CR,https://news.google.com/rss/articles/CBMixAFBVV95cUxNWHd3VmFrOWpuVktHdkZwQWVwbGVpcDM2dlo5cEJNYUkzaDd6cEFNRnlVZ01UTGlLTzZMWFpwZGlJc3pmZXlleS1MaTBwZk5VT1NNS2xnaW5RN2FRNlV1dGdNUnRiUjdnWWQwRHc3NVhseTV0UDRKMWxfWE9rNWEtY2hJdUJMQlJYTl9jQmtDT1FPSlMyalpwc2lNWGFfTHBLTGNyd19ubUpxZVd1RjNpRjJka2ZKd1ZUOTY2TWNoZHBzcE1t?oc=5,1
CommentaryMag_CR,https://news.google.com/rss/articles/CBMiwwFBVV95cUxNUzdyTmtRM1FnQ2JvbVBLdnRRRnhBcjI3VHJmZnp4Uy0ydERaWG9Bd25vUUljTGFGLUVDUWJhYWVFX2p3WWdqaldaOWJWTEVCdnRTbVJFSjNrM1ZDUXg5emI2WTVjbkhyV29iMWVRanpteWRYWk11MERIRXU4M2FLcndNc0QweVVnY3YzUDZlUW4yRlBrOUJVcVVUNzdpUVV6UE5Bb0V2amdWOGpDXzI1elRjelEtaGlodVRIMUpCRDVHdHc?oc=5,1
CommentaryMag_CR,https://news.google.com/rss/articles/CBMilAFBVV95cUxPcDVUb2QyR25CQ2xtaXVnZ3dMclREQmY2cUE0TFU3akNyRE1VLTBhSnU5aV9fZ2Q2NkNKbEltUzdmc3psaDZiQ3FLV095SUVsQ3lLRmxNZUxUbUUtWTl1Vkh4SFlYZks1VHhzOEN3cHJYWl9sN0dJcWI0cVZIVTAzems4SmtyVmJDWEQ4aWdaTm9LRVJ5?oc=5,1
CommentaryMag_CR,https://news.google.com/rss/articles/CBMigwFBVV95cUxOMkFkRDZzU0RULWxaNmx2bVNVUDVTQWtoWlBnSkxWLWlhb2k2ZVZ2cldubVhpQWIzTm92VXpwR2lRSThjRTYzT3V1c1pqcmJHeV9ua3VZXzN1MUdCclhNVmtxSG1ENWNsSi1iZDI3bWQ2V25fU29iN3pHZDJXTFpndEE5QQ?oc=5,1
CommentaryMag_CR,https://news.google.com/rss/articles/CBMijgFBVV95cUxObjluV3NULU9ySlBaSno0UmpXSGc4dktsUWR2RFJ5VHFxN1d1SVR4cUN4OXg3VTNtekY5M2lJdmhoRkJTT3BLTzdWNUpjUkVzanp4LWRCQy15VURmSEJmcmE0c1pVRjZYR1hKX1VESGhPRWZqZE5xNGNaZ0RyNzJTbUNHRWxFdFBaX3VnMG53?oc=5,1
CommentaryMag_CR,https://news.google.com/rss/articles/CBMiekFVX3lxTE9tRjdlUHh4U01abGtIOGNXbmRzbU5pQWlsNUNRazRmZEFFMEtKU1hEZFo1ZFl3a1QxZ0QzM1JLejZ2ZGxPVDRyUFNOZkR0dkF4NlBVbkNWWXMwWERLY3lYVzl3RzJOUW1tRHdwaUhObTdRb1BzSVRXMFdB?oc=5,1
CommentaryMag_CR,https://news.google.com/rss/articles/CBMiigFBVV95cUxQeUM5bEhaZS11N2tZQjRKYmlJQkhOMU9lWFlmZS1jUGxmWGV2QWpRQnl6bGRDMUFWRUdwQlFQXzVYU2lkdllaanJJZ0dJbkFhcDVQSG9jdGdTQjJFaDBZblJCM0oxRHkxbVRHczg5azZaYlhxQVZmS1d3MGg5bUtraW1sTlM1OENDX0E?oc=5,1
CommentaryMag_CR,https://news.google.com/rss/articles/CBMihAFBVV95cUxOUm5iUjZSSktTc01zZGxuR0lGdGVHamdkNkN2cV9sYzBabjU5YlhaLXFpY3o0RFR6THUyZkRGMWFKc3g2N0Jyd0FRbzhjQ0R5ekJZMEpndE5NWHFJYy1faHVXMjdsVmZmeWVGQmpJQXhQVmhfdFJoMmROQUxmM3JkemJ2UGg?oc=5,1
CommentaryMag_CR,https://news.google.com/rss/articles/CBMickFVX3lxTE14TDdDTE11VFVZYUJ0LXl2ZnAzOXlOMVhqNHBhem13eGZhWG5sc2kwQ0hXX2lBYXBQN2k2bkJybVpNd3pHbEREYW1tRzc5N0FBbVZ5V2dxZy1GZmlPT0k2RGt1dHp5MDgzSHFHbjZET1M1dw?oc=5,1
CommentaryMag_CR,https://news.google.com/rss/articles/CBMiigFBVV95cUxQbFFMTDU4U09SU2NxZ2tYNXFhQ2VLcHpBTFNQUjFvYU5Za2lvZVluUjhHUkdRWHNjMkpyc2VzU2ZRbHc4VXNGX2hLa3oxN2gxSDRkOV9wNlFmaGhaQkl2UVdsSzFfTzRXZkZiODZmOUhxSFpHNXdxNWowUTNndkVrMmZ2S1dsVEtCM2c?oc=5,1
CommentaryMag_CR,https://news.google.com/rss/articles/CBMiowFBVV95cUxQWnd2N21Kb09nYl8yWUVBYmJLc1JUWFozSlIyT19nMUVnRjJ1aFlib0J4Y1NzY0pvVWx0RjdTcTZqOXpKa1pDdnlvRVhfNEtYLTlkQUlWMFJsa3d2eUEwdHYwMXBxaU9kTG52SmY5d1BEbzFabkxBS3NNcHo0MFpNTk9nNEZYNHlhR2tES292WlAtRmJJczdUUURxRHp5dXUxY3BB?oc=5,1
CommentaryMag_CR,https://news.google.com/rss/articles/CBMihwFBVV95cUxQLTQ2cTJzU29jSGVDdDlrbFgxdTRxVkVBMDg1S2FqdXROMDdVRFljRlJmeU9NR202MDN5Ri1jck56Q3Juc1hDOHpobGJENk9VWVg4ZTMyN3Y2YUF0UjRsTVdTRlprZkxpbkl2bXVVbk9ZNjR6bEgwLUtBMldpRFZ3RUplTWJBUzg?oc=5,1
CommentaryMag_CR,https://news.google.com/rss/articles/CBMiiAFBVV95cUxQQWMzMV85UnBKX3JiV3dTY3BOcEJ1aUhOQ1p6STRVdU03blQxUk13cVdibnl2YUMxRV9sb28tMTAxSXJsUVJHQ1B2YU9SNXdsUjh0YTNteG96NW5KVnVzM19YbzJzRi1zOGx1OUViUHUwVWF6UTBZdjJqUVVTTzVpbEE3SFlPNTNW?oc=5,1
CommentaryMag_CR,https://news.google.com/rss/articles/CBMidkFVX3lxTE01YWV0UmlJdVNDdXBGT19ZT3hJTERQVFV4eUJsZ1A4OHRvSElGSHlJUndwR1MtNWdNNlhFdUU4YnAydDhQSndBek9nTGR0amZCdDN0cmhFdm1fbUl4dWZtYVIxME9YQV9qUEdLQmw2bFFCczVfNmc?oc=5,1
CommentaryMag_CR,https://news.google.com/rss/articles/CBMikgFBVV95cUxQOUJKaXBsMC1veVU1dXM3UXpMdmJOODd6MkoxUlRrcThxcG83S1c0cDR2OTRhaFhqcjNVM0RxSXRIMmVBVTVkczF5RFlNU0RaUW1MVE5jdHh0Y1QzSG0xVE51ZVAxYWVzbkhWSFlHNWxqZmQ0dGhTLUFSVDZCUVJva1BMMHlhM1RSVTJyWnRtbUJxZw?oc=5,1
CommentaryMag_CR,https://news.google.com/rss/articles/CBMiywFBVV95cUxQcUljbFNfQlc2QlpodTI3MGo3MEpTaWxVUDdoUGplV2FtUkRVZFR6UjAtYUFxXzJPeWh4UWFpak5acHd2dXYwM0UzWDdLaWItYjBVbXBzeWZpcDdXRUNjbmlKYU40eFBMNGZqb0ZXVkRCT2pPNWc0eTR2aWpTYnBsYUZaQ3JtYi1XODB4TFdxRTdwTEtFMmxLTG92dV9fRTRuWFVwaWM3U0RMdWtNT1JZZEdFUnBJUEwzUWJoU2RyeXQ5REVaS01pYVpUVQ?oc=5,1
CommentaryMag_CR,https://news.google.com/rss/articles/CBMiqAFBVV95cUxPdUdWUl9feENzeEtXdTREZDRtZi1qZkw0MFp2R1MzbUNNX2FaLTV6MkhJSEVMdVI3RGhCaG9SUVBkbFhISUdSN2JsTWIzTEN1N0E3Nms5YUUtbmR0dmZCT0QyTGR1bzVxUHZ3ZG9teTV0MmgxYVZWMk4tZmhEOThHMlROWGV3OGVHRzhOLVZMV21lRW9nS1BXUFpiT08zb0c4NmxYdXdnbVY?oc=5,1
WashingtonFreeBeacon_CR,https://news.google.com/rss/articles/CBMilAFBVV95cUxPczdOa25kVVdSaGNRcEdKUHdRc1NNRlpOQzZSVnJUcEVaY2Q5WVdRSVdYOXdFdEpQdmpnLXFOSjktXzhya1l2NjlhSnM4TnltZFV6Q2xnOGYwcXpEa0RFa0FUcFpXYldxTjNXVnB2MWR2Q1BnYVo5R0JmTVE4VHViTWpMOVd3REdZTWtMMlMwajJJLXdE?oc=5,1
WashingtonFreeBeacon_CR,https://news.google.com/rss/articles/CBMi0wFBVV95cUxPb1RKWldkWWc4WDVmSHBMV1lCNUdycFljeFNuYTlOTE9EeGVCbl83YThKUDZlczlCX0tCZWtSSU12R3dSZnc0R2ZTWl9XMkwxbWpCSkFGcWZXaHpTZ0liNzJOZF9lUnhMOWlLUEk2cUNpZXR3WHlVaVU1R244Y3R0STU4LVhvYnJ3YXp0U082MWNEcTBPdXA3UV92R1Jmckl2SnVfYnpvdGE5aXhIVVRQdU1pNlhGZ09STnNIS3Z1ckxTQTkzRjY4aHoxdWpoR3BWNGlF?oc=5,1
WashingtonFreeBeacon_CR,https://news.google.com/rss/articles/CBMi8gFBVV95cUxPVFFrbC1rUGxyaXpVMk8tZk85SXB6S0NPNlZyME94YnpELWdvbllHd3FNNkctenM1Ql9KdzhkdjcwWUJBN3QxeWZrMXNlelMtY3pMUXpRYVpHODlXLWpTeGZjX2wxYkxIbjdpNGhJNjFORTc3V2VSYWlfSld2LTVEenA1MWNkYjczYkZIR0RDczNsRmNleC1WMlVsUkc0Skp1bUZjVnZBNF9pQnRSZnBQSk9aQ2ppcXV1VEtVNzdqdUFWdkYta1Q5UDF2cEVKaUgzSW5OQXNGZkV0NWlxVTZ3d0hkb1p0RGdQMThzSmxiZzQ3UQ?oc=5,1
WashingtonFreeBeacon_CR,https://news.google.com/rss/articles/CBMimwFBVV95cUxPUWFPRC1WWG41ajVrQ21jZlVSbEZGYWJQR3l6X19Ib0hkMG9kUmwyaUdWZHptZVNjYWhVbm02aWpoZE5TeXltU2dJS0RyNG5RTGxtUWVOUWRIOG5jRGVLRWtBLW94Szk3REwyUEJEVElaSVB5eGhSWG9nUDVERjZhMk50djhsdFY1UUV3NlZqM0tEZl9LV281eDNvRQ?oc=5,1
WashingtonFreeBeacon_CR,https://news.google.com/rss/articles/CBMigAFBVV95cUxOY28ydzN1MUZ4V2lUVHRQMmdocWMwZTVMSElQYW02SDd5MmdISHV1Wl8tbllmSV9vVHp4cXg5X0ZaMjB3WUk4SlpiajFacV8zYXRhc1E3NXJBemJWbjUxN1ZRWHhLTTNqazFrRDdxZDNPdWlIUUpNNVFPMmpLbTlONQ?oc=5,1
WashingtonFreeBeacon_CR,https://news.google.com/rss/articles/CBMijwFBVV95cUxQZzVqeDNSZE9RWVNjeXE2ekhDR1FTLTdYN19nVFFaTWMyd1NxclBZcGRGMmpiSTNlY1dWUFRxaTlLcWYtWkRMYW9NLUZwMHR0MkxCM09VSm8ycmFsOWdVSjMyUXdNMTdTMkpONW1rZ2FvUTVmQlVjemZKY1BBVmRlMmt4NnlSTElyaUp3cVFWMA?oc=5,1
WashingtonFreeBeacon_CR,https://news.google.com/rss/articles/CBMivgFBVV95cUxNZHJabkZYWlcxclAtbXo3YVBWVWFUTTRvTE5oSHNEMFpCSHg3WXpzd0lnaXRHSXZFNGxmcy1nbFpNTnVQMHpxVVdpR1NKWUl1WHJ2OWdnVVN0YmhCSnlyWkFqX3dlRkxQTHo3RmJtR0dMSVZNaHR1aWdLekczUFVGb21kUUtreC1RTnNPNVNuY1Q1WEVGMUs2X2FJcDZLSGs2N09WaGhKaVhoTFV6MmFNSWtrWmRCS2p2NmFtMWln?oc=5,1
WashingtonFreeBeacon_CR,https://news.google.com/rss/articles/CBMiuwFBVV95cUxQNjhIaWNPa2lpSWFtZl9IZHVrU1dfVnl3MGtHWUFFY0RDcGJ3SzF0ZjFDZ0dBa0RJcGUyNWRZRlM0TDk4OHhrcnFSYmRsRFl0VHpZa1lRVzhiYVJYYk1nVm15Y3VZSTJjNDlxOGVXSnFDckVlcm84WS10VzNxX1FubFRMNVpUZ25NYmR3SFlpMURfbUxHaXRPX2N6MW4wTEZRUzQ1bnVRY3ZtdUhldkFTeXI3Y0VuX3VXdmRR?oc=5,1
WashingtonFreeBeacon_CR,https://news.google.com/rss/articles/CBMigwFBVV95cUxQYi1yUjk4akdZUXl2Qk9TZnhFYW9vTmtHMk5IVlVPWF9OSjZ4bnVhazV5TG5ydG0xZ2huWkpEZTlJNmFqR210WW1tOVI5V2tLclFKMkJqNG0wQU42TWFpc3A4WXFKS1VTVkxfSjFHeWNsMEZ1b016VFBzWGFKYmhmaUJVZw?oc=5,1
WashingtonFreeBeacon_CR,https://news.google.com/rss/articles/CBMipAFBVV95cUxPVXpscGdKZEpPZ2ZJa1E5V0FZeXh5OV9zOGh6aU4wSzFFLUFoU05RSWpiQXNFemwtLTlhMFpud3FvNVI3RE5STlBvYms5YjBVemp3S2JFRHQ4aExYeXNKMGVQMW84bWY3NHR5THI0TUNPZlkwNzBHNWpIRVdxYWdiWldTTDFCOGZiWF9XbjkyVUl2WE51OUc5OGp3bEY3ODJzdlZjZQ?oc=5,1
WashingtonFreeBeacon_CR,https://news.google.com/rss/articles/CBMi5AFBVV95cUxPY0hrWVlYalFaaGdJbm1IamNCWlAwTEhxSWxhaWhNc2pIQkUwLWhSSExVNmNBZFR2UkFJQTZmcGJCNDZ4MFlvSkZLYmhKZk8wa241WFU1N0FLQk9YQ1lUUDZkNFFmSVF0bFU3dXROUU82WDl5M01URFNQSEtNc3dtVmhJcHJvQ1RDR3JmT0NSSkd5QXNkRzdiLWJNUzRsVXdQVFBJMThjSWlRaklPMklSMVllZVVOX3oxN2trZUx4UzRMTTBUeUpUa2hVRTNQdV9oejhIWUdza1QzcmJDNWxKN2xoWEs?oc=5,1
WashingtonFreeBeacon_CR,https://news.google.com/rss/articles/CBMirwFBVV95cUxQNHA4QldNYkx2STd2ZFhmZlhzM3k2SW1OOVZHTXhscDZyZVc5c005Q1RUT2lob0M1S3QwQ2hfVE9mR2JWeXU1VDJ0cGlZa1NHRi11aHEtY0hhSzNJTTVnRVpmVWdEVy1oNEdRTnZBSHNBcW5QSjdVbmt4cFZVS29JYkN3Z2l4Vm9qQTZTeVdrX0NJaHVmRXhJRktib2g0SWdnRkZ3ZFFhWExyWHB3MFNZ?oc=5,1
WashingtonFreeBeacon_CR,https://news.google.com/rss/articles/CBMiqgFBVV95cUxNb2NaSEN6aUZJRGpRbFk5Qmx6aXFRQVdvRFRicHBLZUpNY3h0NXQ2SmMwc2dCLWczRUZvZmtINDRFcGlOMUp2QTIwWUhpam9VNmh4ZU4xSWgzalpTVDBXWjhpNGlndXpVSnRVTGM1QU9BSUtONXN4eFZOODAwdGE0Qld4anBBS1FLQTdIdlFxQmRVZ25TXzlENUlLY051WHBaaFJkbUhPZFAyUQ?oc=5,1
WashingtonFreeBeacon_CR,https://news.google.com/rss/articles/CBMidEFVX3lxTFB6cVJBdl9zTUY1MVYwQ01lMmRWZE5aMURnVlpCSG9GUzl6MnRFRTVWQ2o4QjlnZ1pQNWN5QXpDQ21GTU9FX21SbEZpUjNDalI4WGktdTQ4Ri0yMEtHSkU5cjR5REd2bVdPbXBQMlRLRzl6alJu?oc=5,1
WashingtonFreeBeacon_CR,https://news.google.com/rss/articles/CBMi4AFBVV95cUxQMXBIOWFxdTZlYTdhb0JfQ2tZX05IN3JVOVBWdTFJX2MxeTFIQlAzRTFHWkJ6Z3NkQXdpc2RuR1ViRGZ6cHVOZ0t2S3NLVGotVVNDV2lJdmlvTllISmhKeHp2VDB2a2xUYWRvTzVBcWpEWjNMNERfZUFCbE5GekZGanllREJFd1NsV2hDVVZhVVh1NzhCTDZ0TTZzRE5oU285WHg1WmtabXQxOXN4aERnUDZRbW16QVhTci1wVERXc2Y0LXMwVGczSFdiWUFNOGZZcUtkd3VPTmJBYlpiRl83cg?oc=5,1
WashingtonFreeBeacon_CR,https://news.google.com/rss/articles/CBMirAFBVV95cUxNNlRpYkZfUklDT0FLd3pOZ1dJdE5kRUV5eDF1QnZMcDIzc25vSDhNRTUzblpzSWE0bGNPWWx0d3BMX3lKX0lORmlzM1dyVnRkeEtVbmpwZ1R2bzlCUnk3TFpGMndBNjRlMnFCNlRKcjFBaVFGOWx2RXFhc29xNlFGSkpnZGlpWV9sSlpidnZzLVhVdmd0bUFacVN5WDhuN0N5eUNISU1GeldOUWc4?oc=5,1
WashingtonFreeBeacon_CR,https://news.google.com/rss/articles/CBMixwFBVV95cUxQTzVJenB6Qlk1dUEzZUZLN2t4ZF9USlBHcTYwYWJnNUI2WEFDZnVPM1hOcFJMMklKV183Nzd2aTFPdFk1U2phVDhfZDZtR0ZVNTZpU0s1TnhBd3JodlVfc0pxLVNOVVIyWl9LdjNLNzlpS2g3cHNCRUpxbEVDa3VYUU9Tblg2c0dHTHphdFNEOFVja0pOLV9XWUs4eGxhcWxTd0hQREZfVEVVNWxadXIwQUhaX0tfXzdkYUZfMm1sUmRCb3FZaEZ3?oc=5,1
WashingtonFreeBeacon_CR,https://news.google.com/rss/articles/CBMimAFBVV95cUxNT2tsS0VTUXFhenQ2ZnRuZEJQWDh4LWtjX3h6NE1mY3JrLXpXMXNuSE9wcEJybVk3ekRTM1U1WGlVTlZmV0Zoc015YWxIWUlJdy1vc0JMSWVhV2xHVWxRNDBOUllPelRzeTNDbGFBUVZyem50ZzNLbWxmTlBiUVV3TmdhRjVUakNZcFV5UnZoMHgzbDllOTlTSQ?oc=5,1
WashingtonFreeBeacon_CR,https://news.google.com/rss/articles/CBMi2gFBVV95cUxOSnZOcG1Eb1BMRzZwTFBkZzVsWTQxVVdNYU15TWZJT0JFM09XQ1Q2SlJjTWRWZlJycU9GalBjRmFpTHdVZnNQRnFjZjUzX2NLaXZzazAzUG9idmtDYXVXRWp1TWtGOXlkZlB2N3JWcGtZMXJMdXJCR3RnekF0dGxoZlpJUjdNelB1TlVNdE5Ka05JN3Rkekw3OTdKNjR2MkFPd0lfWWVKRWZXLXI1NXpuV0p4ajBzeWN3dEhIUkRKeG11clFFNVV1RFhadTJkZ1NSVy1pWXYxZ2Z6Zw?oc=5,1
WashingtonFreeBeacon_CR,https://news.google.com/rss/articles/CBMiowFBVV95cUxQVmZDTHVUOHlaeU1fb0l1OEZ6WVBON2ZUUDVBeFlnZHY1enNTNjYtWTNnV0FpNjNNdnIzT2RJcU56V1MtTEFiOVQxR1ZkcGJQVEdPeWZKMjRjZjlmei0wTFBTcVNaeEtDeTlZOFNRSFEwZi0wTHQ0VkdYVnJpbDdTYUl3eEhHU0tPV0JlVU9GUFc3cnZJU0dpUldHQ3IyNHNfQmNF?oc=5,1
WashingtonFreeBeacon_CR,https://news.google.com/rss/articles/CBMi-gFBVV95cUxPc0NqNTk5U0lFV3Q1a216M1d5RTF1SEZMUk16SFc1cjlwcVJtVmViVlljRm96T2RlUkpvQTFMZEZSVVQ1ZzREOTc0X1JwUUM5aXlDZ2wyM3VKc2dzNmFlbHUxenRaUUFrMTFOTUNJY2NYclpJTXQ3WWhPdEhrVU50ZTNyOXVrT0RYcWRBa0dpc0d0T050LVpxVDJ2Mnh6N3VBOUY0RktwX0VDRzFlMDEtZDcwNmpWbXM3SlF3a1hvRzhSUjZVNDBvUGw5Mm5na2Q4QnhFQjJKZDNFNHBZNHdUSW1EZHMxLXNZVlo5Ujd3VmRvOUVieDRaMGZR?oc=5,1
WashingtonFreeBeacon_CR,https://news.google.com/rss/articles/CBMiwgFBVV95cUxPb0d4NzlTNVpvU0dOM044YlhYR3J2ZjhiMzJscng1M3VzVmt0b0t0OU5SYlF3Tjc5cDBvTGF5alByUk51bFAwaWcwVmtoeUM5WjlSV1lFQlZPc1FQSXNGVXExWTI2U2drZFlwS09MbTRJV2lQbTBoa0pjUERlcnNKZzc3cVp2ZWI2UFRLRWpoSTNlWk9CMEwzUjZUenY4TU1IdGZzQnY3X1N3dWg4cnpEOXJHOXE3TzVvR1N3TTViYVdiQQ?oc=5,1
WashingtonFreeBeacon_CR,https://news.google.com/rss/articles/CBMitgFBVV95cUxNMUtrZ3c2YXk4ZXo3cE1PdTEwanoyY2JaODZCdDFiVk1EanBYZ0NxaUdNaVJZTTFIQXVLVkY4U2NPUTJGM2lBSXVKdnVFOWhhMDlud29iQ2RkZ25uZU11b0Z2YlUxNFNEUW5GbWs1cWJnQ3JqWWE3QVpyZXlTVGZQM3BLbk03Q2hqeGRyNmc4bGlBMDAyYVNWSDVMT3d3OWp2bmFpSGYxN1h6ZXQ0YVVodDZFbU05dw?oc=5,1
WashingtonFreeBeacon_CR,https://news.google.com/rss/articles/CBMiuwFBVV95cUxQanZKYUNxd1BGdjdyMVVsMktLa3Q0eFEtUUgwS21GYzRMajBLbFY3WHowbTQ4cXZZY3pLNE5ONXFxV2xLYVpkLU9FdS11akgyNV9aRXNFMnI5a2pJOG5vLW5mVW5SX0tvNEpyako1TVhWUzVlOEdJcmlPblJycVhhY0RiaHljTjU3Nm1melUyeHR1LXFxVURyVng2djEyVXFNbmNtOGY2SzBSWGVTTlNFUjVoU2I2TWttS0p3?oc=5,1
WashingtonFreeBeacon_CR,https://news.google.com/rss/articles/CBMiugFBVV95cUxQOW1oTzZWN245MU9pcTVHLUh3UG93UXdsZ3E1Y1RUdk5RcWUtY1lrV3lUUC01RGRtR3liWkd6U3QtSnJCQTRRLUlJV29ldGRzejU0WGdOTU9JMzJXaVJsZEI0NVBzLWhpQXo2QTV2cnA1WnFYSmkzUVRoMTB0ZWZjQURTRXpVRGlEV1BSTXRPTFQzS2hOc1BTQ1haRHNQajZsdk1iejluS3BUSHFVQndIeEYteTJKWDcxLUE?oc=5,1
WashingtonFreeBeacon_CR,https://news.google.com/rss/articles/CBMiekFVX3lxTFBWeVlWcnVKSmVaem9JUk9oQ0IteXowbXd4Vk1PQnNPY3p4amJfU1B2djE3SDItWU0tTURmREY5bTlwbTczTC1vaW5NY0VWQUNsNUwyLVdfSDR6OWhUV0pXUVo4a1YzSHRzQ0FVaWRaclJid05TVG1DblJR?oc=5,1
WashingtonFreeBeacon_CR,https://news.google.com/rss/articles/CBMisAFBVV95cUxQT3h2SkczbldnQXRlNWh1ZzVIRUJjVXB6WTBPalhPUnVKNFRhRDdyTUc0R3NVZWNkQjBaYW1iRHFoVUYzeFRiZTlhSWdXalR0VjA5NUdaZ2YxY0FsQkh4TVRWYTN6Vk5sOWYzOHcwZS1vdlVUV1hYSFBBODMzdU5WSkRKdGRILXFsTGs0WlNVUUJuZjdCWnBLaF9qdHhNQS1zOHZ1ampndEozcTdjaThIZQ?oc=5,1
WashingtonFreeBeacon_CR,https://news.google.com/rss/articles/CBMidEFVX3lxTE5Da1gxWWEyQ3FMNS02S3c1MmNlNEVEdHNXamRfeWV6enliTTU0NUpoRG83eGszc1haYUJhdWJzUHFEb3Zyb0I2YTZjWHdZNWdaSkgwV1pzdEtaVDM1WkVvTVlabHZHQkpzMGZEajJ6eFdKZUVx?oc=5,1
WashingtonFreeBeacon_CR,https://news.google.com/rss/articles/CBMiqwFBVV95cUxPV3NPVzNCd2NnWVZyZU9BMmE5QVZGTHRpTDRmZm1UeFp6ZExzS0hiLXQ5UjBSc3BDVlNWWGtBSi1nTkRNeDk4b0NjU3hxSnk5ajhaQ2FFRTZNVlZLTGN3MWxKV3BsZzFtd19vYTVLNk4wNEc3TWw3QURSQUtOS2g0VWVvRjhKdWJGYVpNb1lISkdrdGlZZktFaWxBOG90a0UxOEE0am9BZkpVOWM?oc=5,1
WashingtonFreeBeacon_CR,https://news.google.com/rss/articles/CBMilgFBVV95cUxOSzhIRHRaeW1ud1g0YXFTOE9IbGtQcjB0NUV4QmlWQjdCdC1rNXJSRDk0QkZuMWdtdVE0SVFtRTk3UW1kUXpYRF8wSU9hNzBadEJjXzZieEI2Y1NtTUVNeEsxTUFVRVY3SllUS054aDlJVlhQMjZUNEZvU2FEcGYyVmF4Q3c0MWxyWUFyRlgwSXJOVFphY2c?oc=5,1
WashingtonFreeBeacon_CR,https://news.google.com/rss/articles/CBMilgFBVV95cUxPTW1ManB6dWdDMmVxR0d5Zkp3RnlHWjd3QUxvX2ZJOGQtV0xkTzJnZUZFbmZ0R3daVmRkQnphTmNPMTRMdnVkMUpuR2t5ODNnbXZKMDNCQWJfMzlPVGVMclQ2QmpRZTBub1VSNFZUc1NWelFFV2ZqRUNpNzE3SFhSWkhRdzFhQmhCT1FuMm5Wd3JnU2hEQmc?oc=5,1
WashingtonFreeBeacon_CR,https://news.google.com/rss/articles/CBMizgFBVV95cUxPRFhkWkEwb1JWdnJJVGpXWlVqY2FvUUF6MV9mN0lpRWRqbThrYkdXVndtbGg1X3VzQklXMkZrbzRkRUUyN0hyQTJqa2FMOEVoVEFnUG5YNFlSUVY2NElzb0VMNFNnb09KdkpITDJYRzFUQXpYT1RaUlJIandwZWVkQl9NOGRtTmFfZ08xVjFaQmJVSWZZNUZaenV0UGxGaUluT2ZNYTJhREI1LTRVeHEyeTFTTlVDbGdIMHZaMnQtX3hodnMwbkNPMzhoZER4QQ?oc=5,1
WashingtonFreeBeacon_CR,https://news.google.com/rss/articles/CBMiwwFBVV95cUxQTDRGdGhDZHRJSm5hTDZhWjFRNGZFMThwOXlRMktYZWRKbzdTS3dmZUlJSUl5dDBORVJEVThQdFpoVFVlbEE2ZUozcFhraHhRZEV0Zk9paEI0R1NfcE54T1JDbmFNeE8xS2pRZUlSVlJHTHA4R0dmWVZ1ay11LXNFLUE3OTluZnVza1FMd1R4VGpJa3RlRTJGTTlfb1RFQmtQUmlNbXBCTEhaSk5FTmh2QjVScVdrdTMyNU0ydkxOTVNTd2c?oc=5,1
WashingtonFreeBeacon_CR,https://news.google.com/rss/articles/CBMigAJBVV95cUxOV1JJWjJ5NnNVN2dwUklsRWRNUWZaR09SUnhibEtjX3JRZXdIbmc2SmhVZWpuenBISHd4ZlJwSmswNTYyN0J4R05SZTIyU0ZFdkJIa251QmkxWU9zSW1DOXVrOXNXUkxGckhfZ3BraTZtUENDbDhmMkY4QjkzMkppbWJibXZZRkJPMmFZMnE3SUZMenJsTVplRldBSk5kRVpqMVk2dm9iODFYQXFfR2E1bk1mVGNLZUZpX0dRSHowNVd5YnVMaENOcHo0UXprT3VtajhsTTQxRkktM2JiLXFLS080WUpQVzd1NGUxWUZXdl9rcmw1V0tjaUtkZEFiaVlj?oc=5,1
WashingtonFreeBeacon_CR,https://news.google.com/rss/articles/CBMiwwFBVV95cUxPTi1FWUdPVGRLbnFzRWdNUE9oMlpMbW9vQmRrOGVVaEtHNVpuTTloTTdPNG9ma0hCamxYUWhUdmdqODd1dEhWQXlDZUsxMlJuMG01YmhDNmJKU19HdEtxOFpsSWY4eG1saWhnc3NYY0dKLUJMX1U0TlBfNU1fckZTTDh2dlNaYkFhR1lTRGdQU3EzMUFQUDFOSHJQcGotOGpLdkFfLTlVUnNmN3dtMndZRzJuWUttMmViRnNpMk5PMEdwMFU?oc=5,1
WashingtonFreeBeacon_CR,https://news.google.com/rss/articles/CBMirwFBVV95cUxPRTU1T2pJdzQtNUJ1bkMxX1pWUWdWNGEyM2tLbkJSRUsybFJJazJvd2hJV29RWTkydlRQX01aYzdLQWRCOVpER3dXUVVjUHZiY00tT1M0aGxuVUZ2Z2xaT0g3ZkszX3F6eHFTbUNVQ0EwLTBITzY3b1BrUUpQZHgyUktqM3dERVJnQ2dhY1ZRb1h5WkM3NE5NWGVjN1JIanRIYVFDcVpoTnZ0eV9ZZ3Nj?oc=5,1
WashingtonFreeBeacon_CR,https://news.google.com/rss/articles/CBMipgFBVV95cUxOSkM1VEFaY0gxT3JFWVBlbnctWDJiQ2dSU0VVOGU1d3ZjUmEzSTRSclN2NF9mTDFxM3B2bGRKaTI2b1JfdW85eEYwUXlPX3JHeG8tS1J2ZFdOeWh2SVUwZEVGQl9MUFRmaUtEY3pGdko1WXpDcm83SjFZQkZhZEYtaUEtTnBVeFNGbEJwY01WZ2hhWVJkRUQyRGdjSWxGQnc3ZC1IWHJB?oc=5,1
WashingtonFreeBeacon_CR,https://news.google.com/rss/articles/CBMingFBVV95cUxPNGpENmtxNjcta3laeHBVMFEyV0dnN3JteFYwX0Q0NjFIWGZXeXNQR0dLWEZNaFNuN2NSREIyUXgzMzRnd0FGVnoyRGRFbk5MNXI3NXhGY0ZnWFMxbUdRbGI3TXUycVJxa2VPajNuTFRzQlJFQnV3OXZjdFE4OXpuaEhFZnQ2eFNhWVJNZTZSVTZqT0ZhcS03cXc5N2dHQQ?oc=5,1
WashingtonFreeBeacon_CR,https://news.google.com/rss/articles/CBMi1AFBVV95cUxQSFRxUk1qRmtrWG1lLTIyVDhTYk9heEJXWUp2aVR0X3BQWkxKaDdNWTJFcUsxc1hwd0Q5WGw5LUZFOUZVS1RPUVpzcmxlMEJzT09Fa0lZNlV3Z0FwQUx4V0gzVUJ4SzJtano1aTFTWkQwaVU0cUhHNlRaX3RIRF9qYkN1WkZqX3dsdk9qV0t0TWhhbUlWN1FGZkZoMVdEeTB5a0Q5STgyczJ4QWU0T180N3Q0ek1IRldEZXZLUUktd0Z5WjBQbV9TMEdKTFFHNmx6Z0pheg?oc=5,1
WashingtonFreeBeacon_CR,https://news.google.com/rss/articles/CBMiqwFBVV95cUxOekZHeTJlQWp2UFdPTmV6QUptaG90OTJRSGVWcURBRDJKVjA3VjhPX2RaSWZhN2JlOEN0QUpZWkNsX0lfem91QThjcXdkblBISHJpUTY4UXVJdnpUTjBMLXd1ZzFvV2Q5dE15WmVpSXl1TkpUVDdPZ29Rbmw3R1A4SDZibFRDLWNBOUNLSWZrNVp2c0ZhSXpreVdnN2xpZlJZZnNVRXc4X1VxbUE?oc=5,1
WashingtonFreeBeacon_CR,https://news.google.com/rss/articles/CBMi7AFBVV95cUxONVBvcE9VYmtmZFdKQ1d5SXVJMVZGNUVMNVEtb3djOVl5OC1talRGeTl1d0E5MGV2TmUyVEc1U3Fick9qYl9UQXgtcEk2Rk9USm9PN1J4bExjeVVuUnFpaHEzUjFWQkliZUZNdXE0VVE2T0lJZll0N3FyMmo0bmJ5TklvSjJXVFZmZ0locWZkaC1kNm5TaUZVb0dqMGJxMnduZzN5OGFHbGRCdEszNXkwZXAtai16anV6akNpVE1nU2EzSy1OeTlpaWxlR0t4NnQwektnTHRmNFVhYURGOFlObFctQ0tMOF92ZnFzRQ?oc=5,1
WashingtonFreeBeacon_CR,https://news.google.com/rss/articles/CBMixAFBVV95cUxOTXZtbkcybjAzWThsRl92ZFozcENqdjJUOTVFS3JVN2d1cXBJZWcwVmpLZVdjY3dqTnI2QjAwX3FwN3hHWnhCZ1VSVkRON2JqQmpUT1N1cDkyMGJpSjBXOURJcTd2dE5HQWJaSDV0NXVheEJqTXpvYnJsT0tqdE9oRVdIUDc5NE1BRTRIMFNtQjBmLWxUVEtENHZiVnhHZ0xFMVNTV2lxUEo0UDcxc05Xck1EbU9jU0lRbjBKS2RNNV9BSkJT?oc=5,1
WashingtonFreeBeacon_CR,https://news.google.com/rss/articles/CBMi7AFBVV95cUxOWHN1WlhIQUZTNHM2MDdORi1uUlVDRGdNN2xFMUdMWE9qRmFLNEtXU0hwMWEzUlYxckFmZV91dW0wTnF6R2p0RzYwN2swTmJGT2JaQThTakJjT0h4N3Z5MTlWdU55Y1YtY1J6V0RYalRra3JQTUtUMlRteUl6RUU4UExOSXVGeWc4ajVaczlnbWRXcFZEcUJnb25MNG9FVnJFZFhjMjZyeXY5MmdIMnlpUVVxQ0hRMFJZT1RHYWFaa1FGeHduUUlkdExMQzh4cTJvN1JhOHlTeXJzSDVVLUtlbjJvQUp3MElfcEh4Zg?oc=5,1
WashingtonFreeBeacon_CR,https://news.google.com/rss/articles/CBMi2gFBVV95cUxOR0FrWU5DNUxNT0I4Z3dxSDk3a2h3RWxHNm9BV0RkaXpMaVpmSkdJTko5Wm1YUW5QS25RbE1BV0tLWHlBTmktUmtQcHkzWGY5dXRHZFRqVW9wV3NSMWdBVTVTeTVfN2YwMjBQcjlETHVIczFGTWQxMVpRN2RDaHAwV3VfY21OeDRMUVFkM3pvUDFmdTlWUG9lOWtSQzNwbFV4TENKME5IOGhSSVlLUXU4aGhiWG54VzFoTFFTS0R3RlpveFZldVl5djRzamVVa20tTFRzZzlfSmhSQQ?oc=5,1
WashingtonFreeBeacon_CR,https://news.google.com/rss/articles/CBMirwFBVV95cUxOMlVidndtOUtzSlJaV3hTVWZMRnpmQlRZVXhzZE1XcnIyaDhOcGZ4R0FxcGVQWml0ZzQ4V0JnOWM4eEstMjZmTzZMUnJBc2MyX2NGWG9PSlFmNjFaMWt6MGE0TG9fSVVlU2VCWDlxeG5wZ0F0UlJ0WXRQOE1LY29ETGpqbmppNFdxOXY1NDQ2Qm4xN2pJNjJva2VvdnNsSVVvS0lKT3BnUGdwUzhLYl9z?oc=5,1
WashingtonFreeBeacon_CR,https://news.google.com/rss/articles/CBMisAFBVV95cUxPNW4tYkVVU0ZjaTE2ZDlUejZhWkVOSXZfV202MFNWVXM3RUVMZVlsZjlWaTRaZVhEdWN1a0ZIX1hpR1AwdFMxelVyZlFQMFZOTHBtMG1Vclo5THJLWnRtNzV4bGM2SFh6MUh0UU9KQk5odUp5cmVjQWxwVmVSdWxHV0YtcG9FSE9wQU9CRFJ1NWNueHFYcnk2dENVUWM3NC1pbURsT05NeXZZX3JTUlVOLQ?oc=5,1
WashingtonFreeBeacon_CR,https://news.google.com/rss/articles/CBMilwFBVV95cUxOTExGTXNWdGlVbjIwVFJpai1xSmgyeWVmTWYwaDVWVEU2NHdRZENSTk14a1hGenBtV1FRY2p0WkVrRlpWTTdCMmt3azhLYkJNZmhWZl9IOGlLcjRxcHd3TjRDOUtlUjdiM0d1NGFDVDQ4V0NYaWUtWWF6S3V5UUROcXEyMDRNUUZyU3ptMjN6ZTJzRGRnYmx3?oc=5,1
WashingtonFreeBeacon_CR,https://news.google.com/rss/articles/CBMikwFBVV95cUxNUkZLa3pzb0FIZExOTmtVWm81cDRlbEpJY2dLeWpVUnVrZjdfZkhmR0Z4allTLUg0cGhVaFRVQ1lZX1Bab0VieDQ3dUJBWkZiZXRNTnBSa1JGZTRUMENqeXVjYXlFQlQxMDg2UnBtQTRFM0dEa2RNZXY0bmlKRGtxMFdEMzRTM3BnZG5hamVzSlNLYlE?oc=5,1
WashingtonFreeBeacon_CR,https://news.google.com/rss/articles/CBMimAFBVV95cUxPSk0tNDhBQ3VuTmxSQ3RGc1FfYVQyTk1OZTU2M3k5TGY5YWplNzYzU19ZdWFNcnB3TXM4NS1KcGdOZXRFNERGTy12dTQzSU5pUVJTYXNtdm1aTG51SnFUZ0puSFdMR2pWd3FhNUlGNm5Ra3Z4OGtnVzBQUEdMa1h2TjZUdE5HZ3NsVnVRYVhNZ0dzNGJyZGRYZA?oc=5,1
WashingtonFreeBeacon_CR,https://news.google.com/rss/articles/CBMizwFBVV95cUxNU1FscnFuUVR6SXhkcFp2VzJPNmVaeHZfamczbEVmY2ZmbUFTN0NIRnV3TFRSbEtZdUZnR1lQbjItbVZlV0FWUXR5MTNWbWgyc0FSU1dudHVCZGQyajZReEctUVZZZHVxYzB5dXVScGdTTU1KbmpMWGJCd0Z2LWNFQmdWMlVKMF9sT3pXVkdYbFE5M3ByVHczMWE0S1FZN2xOYTZTOXhGakMyWjRKS3RHenM5eDBnQkVZZndEU201RFBHRXMwLWNkeDI2ZkwydGM?oc=5,1
WashingtonFreeBeacon_CR,https://news.google.com/rss/articles/CBMi9AFBVV95cUxNYjg0WmZ4OF9lWThPeHFwUUVqcGFjOG81d0l4OFNaRG52R3VCUVBJSFMweDBxR2NiREVBbDdsamljYzd1V0V1NTZVbm42b0RibGNmWmFKSTdDZFF1LVNpbEtyV3pWeWVmV0hFUUhPR1dZUlBMeVRlTEhYMU56YlpDd0hNVmtfd250cGlUcnRSb3VZenMzNlZ3TmxXU0lYMC1oZzU4NEhHSFZwRVNrek1PNm01NnZSNlZ1TEVWU2ZXaDZLcldNZFQxc1NmUEttb3NjdW1LaENBc0hYRkZJM2RNM2h2bjZYeW96MDFSMG5Fcm5HR014?oc=5,1
WashingtonFreeBeacon_CR,https://news.google.com/rss/articles/CBMiwAJBVV95cUxOUm1LVW9zRVVaQVFtMGk4eDB4aDdYc2p2cDFuLWplY083Q08xWmZ1c1JKa3I0QlI0bnBiVnhpVUo0ZGJwTnNQVzcySnpOb2oxbzJOODQ3cXloanhpXzF4UFNuVHNSbUJvVkdRdVVWcDRZeHNXTHNWUnBxZ0x4d19kMzBoVUZuXzlPMTBlSTlNLVQxNTFYRUNyX3VLSlhRUkY2MTJvX0x6Q0s5eXJTR1FPdUxmdDNwcHJKR1p1Mm9PQ2J2V2k4YXpDOGhKLWlnSXB3cWxIcE5VZkdmbVhCX21FaURhcUh4Q1RHQ2pocUtnRjhqVmZmc0V3eEJpbjZZX2N3R1Y2OGZkeUZMVm1LZ05McUlXQXl4bmV1VzRkS25ScmVWZFZrOWlaZlpkZlR6djFURWd4R2J1RFhwbi0xQlNhcw?oc=5,1
WashingtonFreeBeacon_CR,https://news.google.com/rss/articles/CBMirAFBVV95cUxNa2tRMGVNSXR3MDVhamo4eUR3UFVseG1pNE9FaGlNekt4ejdOV09Lb2RiOWptSXdWekNyQ2JIV3Rkd3FTSnF5Y1cwSG5MQVJFM1JyQmNmcC1qMTZqRFQ0UWRscnZ0WlRXV2hycjJLZ2Z4LUdpbE4tUVU5LVNRYzRFOGluTzNFcWJZMUFIblR6aWJsbTZBNkNPR3NLNjhBY3Y4RjZkYVIycTdMdHZT?oc=5,1
WashingtonFreeBeacon_CR,https://news.google.com/rss/articles/CBMilgFBVV95cUxPZlhaMG1qcFhmNl9MMzJtU1ZkODdPeUdLVGFWVkEwb3pmRVAyWmNYaEUzQWt6REgxSkcwZFZYVW1ua2hxMnlyQkJzdHBhTUhDYm5qWm5CNXQ3NzZ0Nk5qbVdCRmFzdlZPWVBGWWlCWVEyb2RkN1VLU2JYMUtJa29IVFlGcmQwcnJINmpmLWZ4cHQySnQ1YXc?oc=5,1
WashingtonFreeBeacon_CR,https://news.google.com/rss/articles/CBMiWEFVX3lxTE01ZVI4blBPSzU4d0tEZi1vNWlLTGN4T3I2QVdJZWM5SHJURDBLVUpPU1JNNHc0NXkyUUc5VVJUX0haVVg3bU9LWm4zSUxMWnhHaEJJX09CU28?oc=5,1
WashingtonFreeBeacon_CR,https://news.google.com/rss/articles/CBMi6AFBVV95cUxOZF9KNlFlcHZBMWhoM1VwLVpkYThuaFU5THpFX2U2UkUySzZTU0didVktMlhFNHBUTXF4TEIzLXBCZE1yLTE5Q0FWMnlZMTVleElWemVXbS1uakpaTmh3X0FtVnd0YXFQdTVpeVVWR2oydE1iaktIcllFSThTSlZFeDc2bzFiaHpBaUpMYXBKa1JxUnQ0ZmtNRGZFbElIdV9HbWxjQ0NlMTJZTG9mRm82ek1xRlRUOG92VExzdHNwcng5M2hlQUhPYklxckxMbDg1dXo5eDJLS3BMOG1TV0xVTDQ1V3otdGJU?oc=5,1
WashingtonFreeBeacon_CR,https://news.google.com/rss/articles/CBMiqgFBVV95cUxPZkxZRHZaUXhvVEZaNWMzN2NhQUNTX1RFS2xudGViTUxCazFBWGYyUzlZV09HRlNZMFk4eVZlcDNiOTVfOEU2elFXS2pYUVpiRGhwbXRwNGgzelFfckdfU2syS0RWVl9YZ3M4Umc3UUhFRXp3SGFRYWY3dkdGbnZpSmViYUNadlRYVUJ5c245TElKTTZuN0xoVlBTdTJHcVRVUjdFX1FmSV9oUQ?oc=5,1
WashingtonFreeBeacon_CR,https://news.google.com/rss/articles/CBMiigFBVV95cUxQZ2c4VGtDRFoySFJXVnp3N3RFVWxSVkJYazhTQkQ0T2NQZnc1cDVkZF9PcGlKRTZ1c1l0SVR0bVYzaUtiNlFnMFJ0WG1tY1FVNEVmNm1XMVl1S3ozdkluR19HZmVDV09IdE5kVFdKNmllbVRKUkpDYlk0bFFsaTVWb25wODFIclJ3R2c?oc=5,1
WashingtonFreeBeacon_CR,https://news.google.com/rss/articles/CBMixAFBVV95cUxNb1BRQlRLZDh1enMta1c3OE15Uk50MTNqUm8zQVNNUzAxc1Q4cnMxLXJ0aGw2VHNVRkhmdHNxbXh3ME5SUTliMGNtLV9RODJ6RXA0eWNMQVVMYWIzSGt6TXNXT1dkQlNLeE1ReGxiVWVTczJJVjRCV3BhNzktQWFUbVBoYmdid283WkVIVG0zTVZNcXB0alRDUndKRTNjcHAtakNydTc1b1N0S2U5NzFlTGNNTlc2akM5YTQzc0o5RnNXRXlN?oc=5,1
WashingtonFreeBeacon_CR,https://news.google.com/rss/articles/CBMi_wFBVV95cUxQZXRGMllEQ0RIRHNLcFEyeWQ2VHVmamRkM1hDam94dXZtNlQ3TmctbEZuRXVCNUU2VDctckpYMkdBR19NM3kwdkFYcVd6WXE4RXAyYUlwZmFpaTVfZGhWcTczMVNVZDZ6cDhfZGRTMnlfZzRtRlBkalpZV1gxcVFWUlNpdW52d2lkWlpiVU5OMXRhbm0wV1hwZzlwSUpTOTlBc3BIUHo0Z3FYSXVOaXVnZnJ5dzBtMDRxQVVnTEpYNTFLZ1FweE5nRkk1REw4a2lJTk9CdGtRZTJpOGFRT1NubWhIMjRFeWhtZDNhV2lDNnpqaEQ3dEp3U2lJeTdTZ0k?oc=5,1
WashingtonFreeBeacon_CR,https://news.google.com/rss/articles/CBMimgJBVV95cUxQSmZWTWl5dnZ2YnFjbkdjUmFQNThFV2sxZk5tcm96Y2l0NmtHVklmZTRxYUVPSlpoOTVhYkNMWjBFQ2V2U0Z1MkpSTk1RN2oxeTdqU2VYc2ZLVkd0QnVrWWgwVE5BUGo5dlZSVWFBTV9iU3hQV2ktTW9wMC00SXpCSnpjWWRqOHZUbWtxQVJrb0lJcnJ3UHA0WTBaZjlBTjhnTW9RRkFVYUxsNlJiVmZCQzl4eDlZaUYxSmk5aEpBZHNPeWZlaW1SRGVnSVE2VUN0U1hZbFR2TVpWUU1pWmVnWlpUampWRklQZXJUNG04MjIzc0dtOE1yRWZHUkN5RGJiay0wemFNVVZTbTF0WXUzMXJWZlNBVTljVkE?oc=5,1
WashingtonFreeBeacon_CR,https://news.google.com/rss/articles/CBMilAFBVV95cUxPMEUwUzBYaDJUTzhGSXByY0VJOXAtNlZtQzB3S0YyXzF1RllyZUtCS050bkRnMTNqRDVPd0NFNDFHRTlwemNUTzNYcXZ6d0hreFc5NzZicjlKV3UwOEdSS2NDdHhGSXA5blg0OWN0bDMyejk2WFNTRHZBWFIwdlBLTzN2Ymk4QnB0NzFDYUNveXJPdFRY?oc=5,1
WashingtonFreeBeacon_CR,https://news.google.com/rss/articles/CBMi0gFBVV95cUxORVFROWhnUjBiaGxwdkdPcy1FbGJ6QnFnQnk3Si1YdDl1Y0x1cWNpWHl6VGpSX0xiRnRRUWlfdnI4bk1fekViZ1FlX0VMZzFGNmhsYTVUNXdPMXQ3YTJRNDM0Z2VlMHlpQ2lxWHRYRmt2MjFhY28ycVF1SzFPSWNnYjdIbTNhZFp0aEQ4SXRwNmVQNmpCejgwejhxMi1ERDRiV3hRLURfeGdzVTNwTGgxNHNDMUtDaE9rY2FkT2tlamdOMDA0ZGk2MVlBVmlLbUFIOUE?oc=5,1
WashingtonFreeBeacon_CR,https://news.google.com/rss/articles/CBMiuwFBVV95cUxNcjBzY2Y1R0ljRzR3OEYtbXRfY1ZNb25Rc0pxazYtV01KY1hFMUtwckh3Zi12Y04wLVRYZWZLaXpJS0RyZFZKM3VjSUVLNjQ3R1ZianZpRzVfRGR1SDkzeUtoaFVsMy1EWE9ZblV2ajdfamZ1WG44Z3AzakFNdDVtWXJtYzgzcXlaclRiemhoTk92ZUVwQmdienVjRzBfY2JFYldkaVM1bGxiS2pLX0lPczRJYW5NcWI1RkRV?oc=5,1
WashingtonFreeBeacon_CR,https://news.google.com/rss/articles/CBMiiwFBVV95cUxNVlNKdTZtcU16T2pwQmRmX09CcVhXZ2JQdjN2dG1fWGxOY291d2pKckVkUXkyeHgySTVSck9Kd25RbVQtSUstSThBaUUxaVNwTG5iTkI5OEh1V29IMGlHLUhoaXdBYmZfanBXR1h2THUyZXdCZXB5OVpFZl9NQmVRbm5ZV0xqUW1MbVpB?oc=5,1
WashingtonFreeBeacon_CR,https://news.google.com/rss/articles/CBMi9gFBVV95cUxNZHhxZk14NFNHTFJjYTI0V1hJMjA0Q0tMYXNfTjJHSnFMTVVyOVAyUlljNnE0dVhObzhKYkZaUUhkaVJQdHJtNExLbl9GUlhQZjk5ODFLSVppRlJ2a0ZvRS03eUZOaVUtZ0lmbzl5Z2lWMjFZS1FtVE9peHo3RzEyNGk4Y3dqLXJTT2VUUnJQOG1tamZyR1hIUGJzTUFuV0VPWnBRRVdEWFlObEgxWmlPNEdISzVhVXRJTlZRcnMyeV9xX1o3MTQtbjVfd2hZV1A0U2F4ZDR4ZG8tTmdLZkl5aWJCUmk5OXlOVWstb3k4dm9XRFJ5QWc?oc=5,1
WashingtonFreeBeacon_CR,https://news.google.com/rss/articles/CBMiiwFBVV95cUxONTRsUk5zdk03cjR1YS1hdlV0VXg0MjV5TVd1djJ5ZE1RUUpEUExKd2MyLXp0NUwtZXFaTF9mdXVuR2xoNllIcUFGRmFyTmJZQno0RFBmQXFjMmpabmRQdTRmeTJ5QWY2RVlmWFQxTTFNSkJTZzRYZG9DSS1ybG5NQ3h5bVg2ajFFM2dN?oc=5,1
WashingtonFreeBeacon_CR,https://news.google.com/rss/articles/CBMi2AFBVV95cUxPT2w4X2NINUNQX1M1aEVVZldXS1BfbkY5OEVDYWNfNWlGbFBpN2w4aFMwNXhPaGs1ZS1EV21aUS13akpLQWpsV0tMdmtQVFpIaHB6aU5XckdUU1NQbWtvbUlzb0FFR2k1Y2lURkg1RlN0dU8zVnpETHk2NWpUcnRQMVc2SXJzNjhkSEJUVEZxUm1kVkRTRWgxeUJpckRGb09nZ0dMRmRDdWQtZDg5SkVMV0Z3aTFGdXI5ekttQlpmckRJREwyX1pYM215V21FQkExN1pfVENjMC0?oc=5,1
WashingtonFreeBeacon_CR,https://news.google.com/rss/articles/CBMiqAFBVV95cUxOMF82eGs2bmVOZmRjQVBqdTlkZ2doLWwtaXlBeC11WVhjaHo0UHl1SXNMTjlWeFJocGVxdkRKdjhzTk1qeTNEZWtNYzRFdWZxQ0tvb0RNaHNBYWJYRG00TFZFZHRuNzMyZ0UtQ09nMW05RFU5NkFXUzhzT3AzOGpod3pSMHZKcFB0UEh6OGFHY1FZNlhMUHNyV2IwY0VUdGpNZXRTRTgyc1Y?oc=5,1
WashingtonFreeBeacon_CR,https://news.google.com/rss/articles/CBMi4AFBVV95cUxOMGFYcnktcWZvSE1WbUlLVV8tZlRCWG5lMUdFZEdiNDEyS2NRbmZFa3hmYmtGMXFGc3IzaTZQcGc2YVRYTHlVOWUtZ00yZ0RvNVh0LS1HRkpiOGYyaFJ4RFJLSjZZSml4YVA4N29pbWxKVFlTSE5hVkN0SE1HMVNoZkpoQzE5ZU1BT3REU1Q5UmFFV2k0Q0lCUkZWTmxGYlJvX0E0U3lEZUdrbnFiSnlFdFVwT2dMeV9WNXNQdUpab19SYlU3LWd5T2VNQ0VJcWx1XzlPV2JjMVhudzk0RGlSMQ?oc=5,1
WashingtonFreeBeacon_CR,https://news.google.com/rss/articles/CBMixAFBVV95cUxQdFVLUGoxYktnVHd1a3FrUnVuU1FnaVQ5SnUyb1RnUTlmbEdGX2g3bFRySnVBemN2WlZlbWV4ZXJaTktrV3FLWE1WWEV2YTU4MUhtUkYxVy00b0RBck1NSVR5aEVyYUhkc1VGQ3pPR0ZzS21rT01ZZEdzSWpxenNpVjJqZHF4RW82eGNJdXdhSVBMVlhBTnNZRV9RZVR6ekJndVlkZ0MydERiZkxEVE1VSkdXbVlKMmNpcnJpVWk5V3RWQ2hN?oc=5,1
NationalReview_CR,https://www.nationalreview.com/2026/02/georgian-gorgeous-courtesy-of-gainsborough-and-the-frick/,1
NationalReview_CR,https://www.nationalreview.com/2026/02/liu-gu/,1
NationalReview_CR,https://www.nationalreview.com/2026/02/the-supreme-court-keeps-the-taxing-power-with-congress/,1
NationalReview_CR,https://www.nationalreview.com/2026/02/collateral-damage-for-the-coal-industry/,1
NationalReview_CR,https://www.nationalreview.com/2026/02/the-week-mr-rubio-goes-to-munich/,1
NationalReview_CR,https://www.nationalreview.com/2026/02/trump-was-always-wrong-about-the-trade-deficit/,1
NationalReview_CR,https://www.nationalreview.com/2026/02/mamdanis-utopian-vision-faces-reality/,1
WashExaminer_CR,https://www.washingtonexaminer.com/policy/finance-and-economy/4466994/greer-trade-partners-stand-by-deals/,1
WashExaminer_CR,https://www.washingtonexaminer.com/news/campaigns/congressional/4466968/shapiro-fetterman-dodges-endorsing-senator/,1
WashExaminer_CR,https://www.washingtonexaminer.com/news/world/4466923/mexico-cartel-leader-el-mencho-dead/,1
WashExaminer_CR,https://www.washingtonexaminer.com/policy/immigration/4466901/politicians-ice-illegal-immigrant-crime-victims-guy-benson/,1
WashExaminer_CR,https://www.washingtonexaminer.com/news/white-house/4466889/newsom-trump-global-tariffs-supreme-court/,1
WashExaminer_CR,https://www.washingtonexaminer.com/in_focus/4465945/why-the-trump-administration-is-focused-on-the-defense-industrial-base/,1
WashExaminer_CR,https://www.washingtonexaminer.com/news/white-house/4466848/trump-john-barron-cspan-call-tariffs/,1
TheDispatch_CR,https://thedispatch.com/newsletter/dispatch-faith/lent-christianity-ash-wednesday/,1
TheDispatch_CR,https://thedispatch.com/newsletter/weekly/supreme-court-trump-tariffs-overturned/,1
TheDispatch_CR,https://thedispatch.com/newsletter/dispatch-culture/tobacco-chew-mouth-tape-penguin-chalk/,1
TheDispatch_CR,https://thedispatch.com/podcast/remnant/watch-jonah-goldberg-destroy-iran-ruminant/,1
TheDispatch_CR,https://thedispatch.com/article/supreme-court-trump-tariffs-major-questions/,1
TheDispatch_CR,https://thedispatch.com/article/wuthering-heights-emerald-fennell-boring-mess/,1
TheDispatch_CR,https://thedispatch.com/article/gen-z-spiritual-economic-problem/,1
TheDispatch_CR,https://thedispatch.com/article/contemporary-art-history-slavery-colonialism/,1
TheDispatch_CR,https://thedispatch.com/podcast/advisoryopinions/supreme-court-strikes-down-trump-tariffs/,1
WSJ_Politics_CR,https://news.google.com/rss/articles/CBMitwNBVV95cUxNWkpwSXFaUkdSLUJCbkEwUzhoUXk1SEtFSUxpbDU3cW1HNzBLN1ZPMDA0cGNmdzY3U2doTWhCQWhpUjJ5eFBHdDdvNzYwX3lpQUp1Y1hCZlNmZUlQd01YS2ZvamwwdmZWNzJQNC1WNGpPWktiM3RxeDNkdWxFakcxZUhjZWJ0cnA4NjVaREFzNC1vSFV0Q2Q1VlNPT08weHB2cXJqU3JTbThjMzFPY2ZIdUhzOUtnUkRUSnlrY3FVbDJ5MVFtT3d0bkI5ZWd6RC16QnZudmhRTm9mME9DSEpJZk1lQ09BQ095N1F5eXJuSUo0eXQxSXVJWFRaZ01tLTN5NmJnS25uV0wyN1dOR3RDdzRuT2dBNGhWTGlOYUdIeWU0ZGF6djB3aGI2MVJGcmc4dnpFdkxVSzc2T2JySllHOGVUMVBnLUNBWFFOVmY1Y3dRVXhTb2d2emNkZ1JLUHNKb0hoa29mVTN4aXBBLUtybktqZ0U5V3dhY25oMlJBWjYtQ2dZeHpnUkpYNnFEWlFNZ3RFUzZsRmNVdlg1MmFRWmlkUW9Zd1NoTUVxcVR4eVBaQzBYR1hj?oc=5,1
WSJ_Politics_CR,https://news.google.com/rss/articles/CBMilgNBVV95cUxPdnBUci02RU9iOTBHWWU4UV9CbkZQNUYzMXM2RGtSTzFCYmdpLU5xZTJuY2F3WU1mU25MNUVnQ0tWajNvR2U1YUZfSnhOakdtWnlXRnVvd2ZxSFJiVEJxTFJKRGpoN3N5dkR0dlhvd19DVGVlZXpEallVaW9aczJyWmt3OUVUZlFuV1FTTnhlRkU1R01sRUpFdHNSUWpFT0xGdFdhaXY5QjRaSGpEMkRuVGdtN0Zjbk5LMFRPMFhzd0JPQ2U3a1FrN2NZZGk3T1hFNW4wNF8xNlhLV1AydTlHNWdwR3hxWXhDTjQwR19MeEN0WTVMaXQwWDBKR3hncE5lckpabGZRZTZ3b1haeFZzZ1JxbGZFRTJjdmt0VVJMTk5Ba0VzSjl6T2plWGIxWjBWOHlIQlhpVUsxX091bm1WSERsejI4QTZ1MVQtclNtVmExOS1YQXRBbk1BbTJzY1A2bTR4LWxERlJfSFExWl9nU0pvUGpDcGRVcnIyQVhSU2RsU2ZES04tQUsyc0dNMFlZa3E3WHp3?oc=5,1
WSJ_Politics_CR,https://news.google.com/rss/articles/CBMisgNBVV95cUxNeEcxX05JNjVVQlE1VXBmcG1CeFRsVVNfWTBteUgzYkNUY1pqbU9hT1ViQUt6N0Vma0RMWlI3bk50OEJPUjgxa1NGRGdJOU5KalNEa0FCNVVpanpsa2VUQ25mQjhFZnRqQldsekdOWnVqTXJZZEVWOGNFbGllTVc1cm5Ba0lDMGZiMnlqWWszQUlvV1BfTzdGSjlVUEFXMEVlUEdTYTVIVW0tTlV0aGo4VVQxWFQ1dVNRTE0wbGt6aWtqWXBXLW5pTkRHQXMwcXV4NG5lWW9nbzV0a1FkQWlQWEdkZDNEclpXUkhxcENjQ0RmUV9GbmpvbGtDTFBvcnJWZEVhbS1JaFlXY3dmZkNXVzBHNTc5UFNqSkRFR0xQci1IM0libU85cFFPdm1UUElhd190TWltZEFfQTJtME5kLS1fVC0wLVNXMC1sV25OUFE4M1lUTzlVaDlWbEdQNzhBTnZlNTdfdWxkbmhUT0RhNmJRM01SRm1xUFRodTNfUUUxNXNOVVhROEdNazZsRVYwbkQ5cTNxUTA5OXhfd0FUSmJ1Y2tDZEhZN1NDSzgyLVYzUQ?oc=5,1
WSJ_Politics_CR,https://news.google.com/rss/articles/CBMingNBVV95cUxQbDdyNTJKVEZnaGJmcUxiTTZ5ejhkM2I4U3Q0ZkdvUUQ5VHhBeC0tQjdTcGdVeG9KaEJaS0xWS1ZNak4wQ2RsSEpCZmtoN3hBMjhobEhZaUhEa1ZiRWNsb2N0VHFuM24tWmtfWmY0bi04eEZPZGd0WnBWTE9HX2NpalpfMFpxa01VOWVfeGFUd3pQQzFveUlSNlhrdTc2RXlUUWU1QURubFVaWnRybTRIYXpoWHY3WVQ3dFNHZkVSNkJ6enJPM3ExQlFFOWtjaHlXOUFRcXBlcjlUZEdBTW9aeFNnTlVzekJBM3hWbEdsNTBKbURNdXhfcUNpS0tZZ0pNV2lCN1lVZ19oQ2dGUEFoTmRlOTZiY2EwS1NnSExGOEUzVWJEYXZzNnJKVlBLVldxc3NwbzhNZ25SLU5WUHktZ0g0Yi1QM0JFemRNSDZTVzB6VVFPYVVxQXlMb08xVnhFb2tHZ0JYTG1ROUxta0NTb0YycFpRczJIVFgxM2lkQVFJRWxFX0I1VmhEbVJQT1F3SWRzTmJSWEZaOXZON1E?oc=5,1
WSJ_Politics_CR,https://news.google.com/rss/articles/CBMiiANBVV95cUxOUTJRVkw1REU5Y0g1VEN3NlRlekJlS0JISlhNeGNmWVNIbnRINFh4bHRON1FaeGswd3JOZzRPN0FTRF9xVmVmVTVFVjZTclJBeWo5N05sT2NLbXQ1WWJvTm5BSEM2N0oyRWhVZHNqeDhWZDZfUV9wUnk4UXhOSzhfMW5BdkdhZVBiM0NSWVI5THRadXBfSGlIWG9maFlZX01xdElneWxVZ2IxTEVKOW9STEwwMUFFT0VqYkMtdFRZUmFrSE1XbkNFQzE5WWhEZWd1a1hDNmN1NDZSazhtN1Y1VVUyNzRfVUFrTHo0QmFla1RQWGJhbWV3bTN5NXpBSVNTS3RDWEdaR0pyMHpBbi13X3dxR1JhelVDMFltN0dMV2lhRUtFTG1RUl9tNlFPTWVEejB6RXJ0bXZhcmswbUJlQjBqSlNvSWdPQ3VFWWNSdmktSDc2bnR2QkYzVzZONlNDM1laMjNRRlpwV0xUelhPTGwteUpDMjREa0gyNjRhRWtVZFZINGRFbw?oc=5,1
WSJ_Politics_CR,https://news.google.com/rss/articles/CBMiogNBVV95cUxOWm5UdExTM0pxSTQ4NUUyV0RvbW9UdDlmS2pERGFmY2daT21QM0lKN2tSOVYwUkU3LWRXNWlVNTdaeGRDMGNvZmtmM082TEtIYjRoQXJOX2dmYkJzWU1fOVo5c09aRkllbzlPVG12NFZSX3JNUTRMWmJwZUVCblF1UXlNd1VzTUZYcmN5cGVxWUkyMk03UzNNMjk4SUxBM2lFYUxzVG9PX2VqYWRVbm9WWFZRRGtlcmo3cnVfZFlxYjNaaWxTUVE4UllkSm9XTmNTU0doeWZuUnBXM2UtOEZKWVRyQ3A2N2ZMWWtMQWVPbmRxc0F5SnlIOVNLUGV6Nk1uYVl2SWtKaV9rTTVNYWxYRVV3OVBTZllQaWplbjM0V3dySzQxYkZnRUN5THQ5NjhOakJpTnNEdURMaFFreVg0bGJLdlBCeXZDWWlrVGxieHF4bVpzTHRXQzNPazlaa3NUd0dqQVYxanktVDJKMUJXRkNJSUFLN3N6WlNVb0tCVXhZZHhGREhrOUI3cmh2MXdray11aWxrbFFVVENnRkJuNkF3?oc=5,1
WSJ_Politics_CR,https://news.google.com/rss/articles/CBMisANBVV95cUxQLVhNRHNpM0dyZjR0cGtnM3pHTHdNS1hSVXVvbjRiNTlOd1RKQXhJa0h5Z1dQOGtybUxIUS14QXVLTV9HR0ZlVnllLWV3clpzRVhvZjhLSzFocVpoLWw2VFNwQVpBMVdJNjFNRmJhd24tM2NWX3dEMmpYcTVxY1hxZmN6NV80Z3dqc2hzclZ3TkdvLWJUZElvcFZwcTRNeTNPQU1LdUVhcXlZOEJ2SjctYnVQUDRWeENGVU40YlRpVzllN3NDVjlWdFhURkx0ekRxSWxESmlKZWd5QWpBN3FJM2RPSGVRNkpHQ2VrYVhvWG1iT3lWUVdfSjV5X1RpdmFFbnNwMzdCM0tYNkFjaVU4SUdkYlpzcURVMi1DZVRvQVIxVDBDcmlUelV3ak5YNW9BS0Q1akxxNmtXZnVxdnFSTjVqYWZRQlhudW9BUGhKVi1yQnVvSGtRdmxiNXZYNVVQMk5tdURIaGhtZTFKMWk1VFYzaE12ZTRCLTBQNzZScjJHenl4N2wyZ1p6bDlrMVpRMUl2cjZPaWhmQ3FFT0hjcmtvOWNPS2s0Mzc1MEEyWjc?oc=5,1
WSJ_Politics_CR,https://news.google.com/rss/articles/CBMixANBVV95cUxObF9XZzJBbjRNQWZXYnJZcFNpZ3Y5dXRPMWRtRmdiWUpsc045TE9qVlhKdm5HM1Yzb0I1MFd1U1RiV0YwZ3A4b2xMYnN0WEc3NUtxQm5XbUZQN0Jnc2IzYmRYVkdYcElZbUZhODNZWmFhdm5reWN2SEQ5ZFpLdl9OT2xKTkJCekpIQ3FpTmhGQl9nQTg4eFlwaVRVQUpoVXRiOU53OVRiZHloLXVSN2pCbWRwMVRDZUlURTEyeElQNnZ5RVMwSUNob1hyVGdUUGJXNExMS0pCSlUtVGlYdTZyT2dPdXQ4ZlR3UmFkVW5TUk1VMWJWV0Zia1pIeHliVUo5WjFUeUp4THJzTV9FZU9fdi1obzN4eENTU1lJYUJPdWNiUkRMWVFRXzllSlRrbElBdXNLU3pEOXdTLXJRZ0w2UW4tVU9sYU1CVWEtbENmUHBPMm92YkN2NHRvRWZZZHBaN243c1pFN0l4dVZIVDE2eVhQSEh2NXZFeXVybkZtbURhcFpaT25WUDRMUGJkSXVlMEFmc1N6YU1ITzVQV1pzVl9BUVFoVTJmaDV3TWg2WjU1VHB5VUxqNExGalk5VlpGNGJCYQ?oc=5,1
WSJ_Politics_CR,https://news.google.com/rss/articles/CBMinwNBVV95cUxQYl9VUUxjMEJWSVcxeUVKcTJjTWE1QXp2aDMyay1iMUFueDhnRHJHYVNRMlBITEsxNVN3TkdIRTVxRU5NRExCdXRXUVlSWkRNbVBWMS1pd25nUG14WGpPMW9PQktYY2xZOUQ0cWY1M2ROdFZlNkZ4QzJlRVJoenNETGxVbjIwcUxxeGJiVWUtUmx4djlpSllDUUIxaElQejRZQ3hfdG1xbk1LUmNlZS1ITHEwSTVsQ09GVTU4U1hBOVRtUGJxdUpTTER5aXNDX2syMVFlYUdVV0FudEhhQ1FWWWN0Xy1uNzJVV1lYdEJYM0Z3YkZNNTdWLXR3YTBUS2U3NDN5SGFXNXpwczJDMWhxMWRlVFE1Y21ydnh6dllORUp5QlBNM1pEQ0s3a0ZQa0prM3NicUN2cGh2blRtN1VoYjhqd0NyZFlibFZBSGkyOGIyVHAxQTc5X0ZFcGd6Yk1sR1k5dmpHcmQydkNRM2xUbGk2aVo0MjBwNXlYQ3NxUXd3RUJOeXRpQ2pOLVgzVGZEd3d4VVNSVVdNaWtOQkhz?oc=5,1
WSJ_Politics_CR,https://news.google.com/rss/articles/CBMisANBVV95cUxPSklxWnEtVXl4ZHhlMXlTd3B3cTUtT1VKY3BVVVNsTV9ZQ2dGZTROUlJ5OGpHY2o2UkRJTHd1NzRncHRJeGtDMGxXaHMzZjY1cmZELWRVRGtNOVRwVjk5bURwMnZjVnVTb3AzcEVYd1VwYUVMdWxEbjc0d0V6WGt4eW1SUzlLVGZyeVk1REloOVlVUDRlRUpXUGdlbkhBRnFHUG1FVTNWcE54SENhbFF2Q3FheWl0Vk1vRnFlUHFnZTZKTHdaS083X2FGMkQzQl84RDNxbDM5VGxHa3FlaE0xTTh1WVdDV3ZiTHRQaVc4X24xOWVkMWlsbEdhbEJFdWZ6UVBSYk5yMDN4ZVM4MXdQSkczUUxKNVB3WFI3WGFTNlBYSE9rTWlyaUhkT1ZyVWhDaXRqTFJlSkhFaVZwSkFLc2ExOEw2UFJ5MTFQakdFaXNheUw2bnFRT0dvLThMNzNMN0lGTjVQdmNtYmxEeUxKTWNnV1pZN2xqdXBDaEd2QmwwSXdjN2pDTWdDMk9fSjVQNmxVZEpNM1RyWGxiQmZtVWZjc1RKNXFKeElfa2xzUTY?oc=5,1
WSJ_Politics_CR,https://news.google.com/rss/articles/CBMikwNBVV95cUxQY3VIWXU2TGN5dGpaRDZoVzBJQmZxMzBlM3dvNTR0QlNHLXA1NFJlcUUtZ2lNYTJ3VHVETG1DZTFXQklLcUFWVjlSOGxQUTlJN1RNZzhabGNXX0szZ0RReXRrRGdHVFZhN1pkOEFiVFpLQmZMSW9EYW1tdnFaN0VJa0ZWUnVnNUVoTDVVTEtCZE1DNFJLdEdpVlhESHN3QzBTTm1jNkdDMktjYzczRU05M0tpRzhadjZoUlVLeXlDVjdSVWNWMG11aXlKeUZZLVlaYWNKTnhNZlVUeGw0Q1hUYjJmY3FpY0YxUTA5S1Z3bFV3MExpM0otRTM3SlpESzNJLUdtekhHWWNKLTRNN0NLNTNERjNjckljZTRnMHF4SHV0M1RBZnJGYWZYWUU1TjVDNjNxakVmV3dzMHJGcHZoeW5HVjNXeEZ6MzUwUFdmSDRhQ0tOdXF2eHpQUnlMOG5pQmQ4YkZPN2Q5UG8xYUJPWmY1MmFsNTVQZGY0VE1wSGlXdEh2NHBTaHZWYUZpSGg5ZlpN?oc=5,1
WSJ_Politics_CR,https://news.google.com/rss/articles/CBMivgNBVV95cUxQa2lGNWhWU1NGSjUweE5NSmpvR2hNRU9SNjhZMlM5ZFhwWGFhZTQzYXJDX0IweTc0c29kT3F3Uk9KUGJYVnpLNnNONFNBNkUweEhuc3RtVDNYNGJLVHpackM0eURjUC1NNUVNOThIMnd2bkZ5eklyN20wYk5HYUhOY3ZwR0UwdU1XVXpWTTJGd0JwdzdnRzVGVWRlZmRfdGZzRXBSc3g2ekJiZzI2ZnRtWmdXai1fWnplWmVkNmZUa3haTlNoWmNZNkVNeTRDWWc1LU5YcnpZelJnNG91V3dOc1g5ZENwTUFwaHVMS2FOeUI3OHJWOVBscVFBRXluMnljYTFmVnlWOEJ3a1ZhUmJrbXJhYmRaV2lfWXE5SHJnSkp3SVduTGZ3VW9KejdDNlMxQW1EV01xWkhJLXlwZFdGWVRWMk5kZUFkQWZDc201dEhyZVpvWFZ3OHpUMGRiZGxmZHQ1dEtHM0p2NTVXMUNBNlJ3SC03Y2pvc2ludGgyYl81YmJaNTR5a3BobF9rSllaMGZoMm5yaUlSRUxHaG9IUWFaYWljVXdkV0hLS0Rtb3psc1JGRFVzR2pJWU5EZw?oc=5,1
WSJ_Politics_CR,https://news.google.com/rss/articles/CBMi_AJBVV95cUxOSERVOVEwN05HZi1jTnB3REFzbVpKWjZUb2JLTXBIcjlvQ1ZsdDJUUmpETEFlZUNyb2NnRl9IOG9DTWRQWW4wM0stcld5Sk5nb0ZDdlY2cFNVS0Q0eC1BRkhxcUljMnY3RnJBb013a2V6TzVsWklWci1BaF9fMnhhV3A1NDBseXBIMmM3NmMxVHZCdHQ5WkxveWhXd1MxSkZHbjBmZmllcWFDZmNwbnpnWWUyU25LYkhENjkyekZmaXFON0R5NHJ5UzQxLXFyMlROcTNaWEZWSllaa1dmS0FXVjFqSzVuaHJCaTZOU2lrZ2JJUVVjLW9tVjhfQzZkNEk0TGFoazlhYzVDQnViS3VwbTJIaWNNb3ZneEQyaHpib2t2NEQtbTJhdnVpNEplcWdEVG92Mjl3M1VCSkpubXpNcTEyUVZVam9wbFh5QTJuTmxfaXc3MUtfeTl5cEx5dWlCc1lWcUhNSGJQeUdacjYwZmYtR29ldWNwTThRYw?oc=5,1
WSJ_Politics_CR,https://news.google.com/rss/articles/CBMipwNBVV95cUxOSHBoYmNGWGRMRGhCSDJZbGdTVmszM3lkT01adGlzc2hMMXBiWTlxUEt1aVUwRlBJYldFUnVVbFJSSUVuZGUySjRfZGRCN3RkcW10UW43bWhCY0RvbEsyMFVyVXlUWnRjMlhvTmxZUS1UNTRpLTNsdWtFd0Y1aS14YXJKbjl0b08zMU5MZUdqbm5hVWF0QUhUWjNKMkxxcEZ0UDZNeGRad05jbmJxUlFVOHlRcE5ybkV3Y3FNaGg4UG1UQjlRYmx1XzI2SHAtYUdmOThqT1BYbU02MllhRlF6VUNGcWM5OWJaTURFNENBQkZhQlo5TDFmUmVxclBEbk9wUENPdXVTRnpkN28xN3Nxd3I0SEZENUt4U2hrQUJXd3ozZG8zNW83TFAxeFlCUDVGckxxcm94MXdGejhDR2VUdjNVTUdMVkdzNW42RW1xSndWWEExRkxsemppVTAxdEliT1dPUzdYUmpIVXB3M1E1amp5bU01dkNkOG5JaXlTbmprcVpoZW84MldDNXllVkxlcktydFhLSlRGUGJ5MFBDcW5LaG8tazA?oc=5,1
WSJ_Politics_CR,https://news.google.com/rss/articles/CBMiiANBVV95cUxPa2hIN2VFdHlNbzdIaDNzVzFIWWFKLVJQY1p4OEN1b2dSdU13UDJWNzhsd3poVnI4TUx6akREUkhZMzNYLWxyUl9yZ1hveEkwZzd3N3laV2kzRS16aVVzN1U4SDFtbUFpYXVkaDRFMW92bDFnSXIwVGotQjRUTHZVZXB2akViT21RNWJGbFNEQzY4b051cmd3Tm56TlJDZXhpUFc2SWtTdzBxcmN4TmhlbTFvUnFWcEhLR29fSW5wRWZ2R3BKOFcwVGxvb2ZpRnQ1RlVxZ2d6SVppWWREOERnTkpPaDBrOWllY2tiSVBRWmJxTHJtZWNra2hVMnJLMGhVU0l5UjV0ZGx0ZkJmalpDLXVnU2dDWXhHT1VwRU9fQjBiRU51Z1cxYm1nTUd1MENEY2dZblVJcExvNzJqWDFIcC14XzBQdWc4S29iQ2lZYXpDdV9GTmNOTFhwSGotYnhYb0VaNXVhcFRFQU4ySmdDT3lKN0NhcnlGR21aell4UVZTWVgzdHFpWQ?oc=5,1
WSJ_Politics_CR,https://news.google.com/rss/articles/CBMilwNBVV95cUxOai1EdHJvTFBBWVprQ1E4M0ZWeWVwVFRSMlNyNHJ5Y2hlTFBGN3RTM0lrTFZma1FuZkFKT2VydUxkbzF1Z2ljX2wzdFlJY2VWR0oydkVyMU9FMERfZG0ySWt3TGZIUnd2TFlZR1ZqNWhwcTVLSnlPLUo2TWhPZkZVei1rdFUxdW92eHZhQUNsRTB0RlNrb2hrMzRLTHBENFlITHl4SHZNQXBnNzZGLTAzVFdpdzdzb1VfNTNfYW9iZy1RVUJNVDI4ekwxemdjMzM1aVl5QjlPX01DczhxNVZITlB6dzVWWE5PNmFhUDNXNXl4dnp5dFBRSVQySjJSdGZheEphTGZ3OFpWb2l6ZXF0dF9KeXFlX1FobVZxdm1CQkozb0lxLTBOMXI4UV93S2Z5QS1abUtrbnpESW1mUEFSQ1RlQ1k1dDJ5S0FOSTNHdF9LZXBLaWlWWHAxTWtnN19TU1V6RThVV3dHSzRCaWlzUDlKLXpZX0x2ZFNpbUpBeGFDZUswbnhiaVpUcEVKdmNJckpRZnVxdw?oc=5,1
WSJ_Politics_CR,https://news.google.com/rss/articles/CBMiuANBVV95cUxOUU5RYWJ3ZHVhbGhUTWZQRmg0MGJfVE5rVS1SVE9LT2cxb3M2VWhSLW91TVFZdTRpZzlSb054WFJOU3NZczFub3pLOWJNQVltYmQtdE5qY2VPSWlacjh2dU8xNWlKOE9Rd05VUE11eU9RR01NUXpMalRjVDY2MmhySldZRDdpeXpxWDhPYnB4RExob25vM2hCWWRVNnYwS3M1NWhOdDVuUmFFd21ZVWFFOTRjVE1TaEluNDJEbXpHQlE5UlRPcHZLWDdGbkl5b1FxR2g0T09RZjJFemVsampWUkpZWTc1RGlJU21nUFVITTE0ZzlBenJXWXFENVBDa2doSlFkR2lGMzUyRVRsY0NSMXdBdWxZeXpvZEhZNW9pWHd3VUtPcTNsaFA2WkFjcEFwc2lfNWYwa2EyQU5vSnR1VG9ncWE2eGlzMFBKdmF6M2o1TWs3bHZ6clVxTks4b1FJeklvNWVJdlJiQnB1QjlacXVQN1poNUFILVFZSk5LQ1d6TjNkcEZfUlFvWkYwYkx3R0x3WUFPRTRSNThHa1QxUjBMYkZ4dmg5c1prR2FIeGJEWHV4a2pheQ?oc=5,1
WSJ_Politics_CR,https://news.google.com/rss/articles/CBMiugNBVV95cUxNV3BPQUhsdnNQVFY5LUtWZDVEc0k5cmE4R3pFZWh1cGZpUUo4cjZDc1NTeDZFM0I3Tnd4bFpvTjExV0NXMmtkRGtEVFJ4OTJ0TWozM2xkWFpOeDZuY2RvTWxSNWl4bnFfcTRfVmVhc1N5Ym9xc2tCeVRrN3YwMHFNbnFrZElzVkp2UXBQcFdNeFR2SEsyUm5FTEVvanZ6LTUzUnVMSk9CTGdLbzlwNGhCQU1uTk83MV82bVYwdWx3WGNrRGVMMTFMUkdJWW1LQWNoSm1rZTZpMGpNdHo5YkpjODlCM1BxZXA3WG9oYUNDOGdnZmpkaUZVV29ybWhMV0pHZ0dMLTVZQ0hPLW5QWkcwQ193b195SWliYzlvdUJWLV9iOWVjZkdGM0l3ZzNBamhUanN2czRtVEl2aVV0WHlaemhvZ2x0UWdDUFNpS1NBaV8tWVh1Wk94dzRwS095bjFHTENkajRKd2k2Rk9qQ2xRNHNJck1iNnhZUzN4Q0pmeWJuUy1BQnJ0cGYxMlhZS3VzS1YyWUxyQTNUb1doRjdVUjZEWXRxWG16a1BjMXR2VnhKM3JTUTZlYk9R?oc=5,1
WSJ_Politics_CR,https://news.google.com/rss/articles/CBMilANBVV95cUxQQmM1S3E2Rm85RjBjSVA1clJrb1dvSVFZcVR1WkJfb1J6STc0WlFSaF8zSjI3SzBHNXY0R3dQVHJDR1ZmWFI1QkFxal9kbW9hZmtoNFBTTDRzUUlHMXBXaDNyZEU2a00yVlZZQ0VaeHppNGZ5cTJGc3RrTGw5WVdQNHJjemJOYmpKR1IybDE3ZlRHT3Mwa3M4MjhnSF9hQW56WHVJOGs0d0tpVHpiYmlNdVM1LW1HaTNXbldEYmhnRjI5R2dWenk3eU5TV1g4Ni1PQTVuRVNyOEx6M05DZTY5bUNvRG56YUFSVkoxV0xRT29WWUo4VmU2bEFmT1Ftd1BySDljWXVVa3JBQm1uSE5hMkMzYnJoaTQ5MUozM0NKeFMtemVYZXpINE5YVm05VDYtNmJMYVQwYUFtREFuTDNyTzRCYkRQZzJFbWVYR2dMdlZpZHNiVU5XU3lOYlJoUHRSOGpyQWk3T1pQVkxqWHhwemgyMmN4NlZJTUVGSVlXbWRaZjJoaXhuaGtob2FxbXcwZ0VQRg?oc=5,1
WSJ_Politics_CR,https://news.google.com/rss/articles/CBMirgNBVV95cUxQT04zRW5jOWZvdG1HYUVUWFlIRi1NdkplcXBnVkt6NmNfWFhha1lLd0F6SGpEVHZId0VCcUtQWTZGNWJuOE91Q1FpX1VCRTlPSk14UzhqQ1FOODBucTh0SFN4THczZEVxVFZTRER3YlRHU2x5ZjRWaHdLbDgzbVNEN29RYXJ5QU9ONFhid285aGp4cGp0TWNrTGNPRFZLekIwa1dYWXdIUHVPZ3hvd2VEUEI3azFoOUVrYmVxWWFRTmMyMUVLYmEtQU8zNXNJdzVURTVPcE8tdDVCX3RRQnhXN3pNSkpYNGxfYS1qZGVKU3AtbGlmOWJvOUxWX0VyVHBodTBvTHhLdVB6bnlpSmJZLWNaQVdSRGl2UVJoeDNaemM4Z1hvMlB1aEtxMUNwS0lEa2pXcXRTMmoxWnI3Y2Y1alNiTHV4d0NEa09jbDk2MEZMbDFkM2NuZmo3enlWN0g2SjVyM2E5TDZON3N1Y1E4SGlWN3lmS2RzUUdzVmZ3YldUVTFTMzBGVEdYR0pQRU9BSW55aE0tVHJPTFBWOFoxQllvNkQzSGw5R05XanZR?oc=5,1
WSJ_Politics_CR,https://news.google.com/rss/articles/CBMinANBVV95cUxNZnI4MWRfMExUMEo1YkoxbGlYWm41Yktra2pCMGx1VHUtNWVJTEg4dHdNSDZvSk96NjJJck9IMGstMk9Tc1JnVmFkeHRsaXJxNlhlZm84ZEJvbGlzZnp1MEt4YUZoX3kzU2N2Y21jaFZDZ1FyWVc2N25PZndySXpRSmNmVUU1Z2FKMENMZnlUZlV2QlBvWFZjZUhaak4wYklkNFE5Um5oS3lhSWFwTTFKeldyUHJZN1JiNFNjQ3BEUHdsbENBNWxlZ0ZRblI5OFJYbjN0cVNVZkk5TlR3eGoxQTFGTTFnZEEyNktOZm9DaWQtMUpoR0dETXB2U05vNGR6bHotcV9zd0Z6dmw2a1hEOTV4dk1sdkxPVEF1NlRwLWUwRDl2Nk9rNkF0dHhZRHUxZ3h0MG44Z05lc1RvU1FCOF92NWJuRTBaUE9DVzhPbE81a2VoRlRTZUxJRXh1ejdpOXVGQXp6TmJmSGFTODMzS3F3VExGT1FadGFGY2tCYzJod292WXZXUkd1QmxORWRWLTZOdDJzLTNhZlAt?oc=5,1
WSJ_Politics_CR,https://news.google.com/rss/articles/CBMimwNBVV95cUxOOVhsOEtfNm1DLVBBS3p4cTE3TFFnS3pNbWllZWU5OHUtSVVmM1RyNGVsYk9EbnRHS1dIWHU3NjRwSXZrN0hQM2J0bUJJWlFzMlVNTjhjWHFIbWRDTDlGSG1XdnZOZXlFM3hMSmJaZGgzS3VLTV9ySi1FZDRaT2JaNG5mNHR1TGhfSVhXYjR0R01MS2xMakx4M1FVQUFCd2hteEpEVEo2UHBnUll1NnZJRy1JM1lXa215SGxadHowclg1LXZhZ0VSS2xjSXlwNnBUVFNVcFVxQ3ZSS0xiWEd0NjB4QnlGTzJGRUs5R0FPQi1vbW1ST2JZeWFncHBfeDlsNDFicVlYQXVENVFLZUdCdnpLZ0VjYjVTd3VFREJPTXRZLVl2X1JaUld0TVRUeXRNWDNOWTFiM29hdU5kWlJ3eVMyZDMxWDV6bzRsUmhQeTlPcEdvRjBvUnN0NWxGbk9uSDJuak1ZcFlUUUZtTXNsSjIyV3R2dExJSm1oWUY3ZlBSZ08tV3ZVTlBKdm5HLURPUW1EbUdMT09EajQ?oc=5,1
WSJ_Politics_CR,https://news.google.com/rss/articles/CBMixgNBVV95cUxOV25kSXhpdXBtaS1tSlRpXzhKb1lIcC1QZnhIbEtMcUZocUlLcGl6TEtGV1JaYlJHWVo0bXdQQ3hPSkV3amhwSjR0Mk1MZ2NwcTI4c1BFZVptTERCTWk2TnVaVDZYcXVHTjA4SkNIVUxUVkZkQTRQYWJpZkVyQW1ZbzBmSVBnZ01taHZEdHBzbW1seG0xVFlUc2dicjR0UGx2cmloRWFvMDBmcU1BazZfRmpDMFQ4ZDg1UFEwSi1LUElCblZsWHN6QnFmOWt2WUE2REwwdkNTZU1sR2g5b1hDbk9EeVdFM19TWHMtTjBveUlTWWdxR0xKS1poSFpXVDhsSFI0dG0tc3hHRFRnaEU4RjUtSjVJRFNNcmgycjF0ZDlLMUFBOEp4U3ZMZVZkUWVDcG5waVp1c0I3NFdxMk9sbDJROGhGbDBCaVhQcFE4WFZ6YjVueVR5SWZ0VUxBWmc3d2VKOEFOOVZPSnQxVmtyamFFYWNobDE1VkpkZ0kyeGhpOFdNaDdzZWVGQ05nNTl5N2NVT0tPZlZpbmROLVRvMnNINUxpS0lJQkR2TUExZFhLV05JWk8yZWh0andMbVB1ZTZlX0ZB?oc=5,1
WSJ_Politics_CR,https://news.google.com/rss/articles/CBMiggNBVV95cUxPNFNKZ2w3V25jMGRMZHNQdXlFdTV6aktRU2x5REQwLVZERkx5RWZwYjdSSFNhTUwxMzlMOGhwYl9QOG9yYzRITUNHRC1WMXg0SF9IWVhXaVRIOU9uRXcyZ1RCSkJmVDZmUURfMXh5V0gyb0dQbGhteTd2cG4yNHVuTXdUMnNvOXc4azFLZmk1OEMxUnc3dHVpM0w5ZFR6MVdFa0ZrOVZxTjVhMjE1d21YWWdvczZrbHgxZC1lTThCbzhxYkY4VllpX3dPMDhWTUozVld0b2J5QlBZeVA4d0ptWVBCT1NvWXpkLVlleS1ab3NjcGVZTUxDSThKOHNJU2ZKbm1Rczg4LW9YTHZ0SkkxQW8ybk1JRFBTSkxKSWs4VmtWSTRhdTlnZHMxMk9BRmJTYkVJU0hDR2JGYkhTYlFobWRSWjZkSnlYR2hzTjlNUkJnZ2V3Mkx2RXNfa25wVVVwT3laMVZnaDNrTW9hN0xKeVZ6SW0tMDRERzF1UEMxUzV0UQ?oc=5,1
WSJ_Politics_CR,https://news.google.com/rss/articles/CBMivANBVV95cUxOWC1EVjBid2FsNWdTOHk5UFRld09tRnFXSTFia01UbVp1S1ZRTk9GNlNhWjlGeWVDMTdTa2JjLXB5YTVUN0JzeENCWk8yVVNjVURudWQxRXFqTFJTYk92eWpidDlxSlV4azZuaElvYkw1UURoSXo1ZlJDOGlleGoxajM0MlVjYTFCOTNwMU1qTXpDcWpMcjdja0h6Tl9NeDhuSVRJMnlnTDFlajJlZzQxeXRNb3VtN0g4b3UzRTJLSmI5ME0zWlg5Zm1LYkVlZnZkZzlDdVp4SU92Ylh5cXVEVGI5bmpvdEZHTVNmZ1ZqQ1hqZTU3bHdkR1JsRzcwUEdwMFhrX3JtZHgzb2tMdE15VTFVT3RES1hnT3VUOFE4SkZ4WFdrYWpKbDhvTXozaWtCVGZwWDRzVUg3ZFBadVJFSEVhZmVYaUpFLUdMNy11NTFUSDl6ZEF2OXhFd1ktdnJHWDU4cUpFUk1uZTNqeXZUeXJkbDJDWjliWWF3RmJsRG85RzhpNTJhZ2dib3BPTndnMnhoR2M2b01aemVfNXFMZDhWengxYjRQbnBiSUhNMXdjMVJKWkYtY0Y2Q0g?oc=5,1
WSJ_Politics_CR,https://news.google.com/rss/articles/CBMiqgNBVV95cUxOc0FwbTh0NkxFUEJpSmh3R05xTWcxN0V0U3pucXFwV01xQWlrMHVkUVl5Ul9vYy1YckNvSG9qUHFneWluYkQ0ekhVMDlBQnhLUGw0czcxYlpkSHNYR1liR2xjZkRFOFRJcGgzMFdjbURibDR0NXpVS1YwQXBUX19SeVFJdXNiQ0lfcDlHVW9ad29TQVFDY3RjX0hMNktxUTZ3anVPT09XSzZBbjgtSnV0Q3dsYllQZXdGWjcxbTZsRU84b1puUlBCYlBGak40dkFlSEljMFdFQWpnaDc1UHRVellSazRZcGNNdWlNMVZ4ZzlvaFNhVzRIYk5uclZzQ2R4MmoweXBIWENyWnpxWndHb2hZWWkyblEwZW5MZTN5bllxZ29ZemhUQnFOb0ZRYzVETEU5OVVMNGRCRzhiZ0RYWTBGUjdxMlJrcnBMd2NBemRXNXM0NVc1aXlKNzdWa05qN21TdDh1UDVqd1pNQTJGd3N5a1ZCZFVyLW13c3BJTW5sdHJ4Yy04TzJDVUJqYzJCY3laRnB5Y3lMYmxKajlYU3ZIMTRzdVFpTHc?oc=5,1
WSJ_Politics_CR,https://news.google.com/rss/articles/CBMiigNBVV95cUxQVmZEaUdCYkdSQkY5RmJ0WXlLZ3VSd2pHeldwb0tqSTFKbER4eng3cFJneXliZW5FTkJJdXVRSVdOanprVmpUWkg1OXdET0ZVZEJwdzRqdlp0ODZkcnhxVGxkeW1DM1RJQUg2aHQ3c0pIT0J0SVdSbXU0U2hxNzRwbEJ0bU5qUUFVRldGdTJTSHI1Y0tpQWp0NG5ianQ2ck1YRUlKX0xsWFUzdmxkS2FaOHBtSzluWHVMcFFSZjJIWF9QV0kwb0R6RXBUbi1Gb0NPY2Nzb3JFdWZKOG04VW9aWXhLUUpIOVUxdl9saGtFUW5Ja1ppMGYza3BDSklVMkZrNnRNeGFYYi1zYXNsRUZaSU1SUkVBZXVRM2IybGcyd2xuTnFvVUVUdE9GdDE0eXJSVlkxbEU1b1BaUng1V0hLcXktZTQ0WGhLTDBiSXVrSXdNRmluNVUxXzVQYWhGUW5CaDRiZVJJVklyTFE3RkwtQ1NpVWVScTF5TjFhVG1JLWgtOFRMQkhmMHFR?oc=5,1
WSJ_Politics_CR,https://news.google.com/rss/articles/CBMi4gNBVV95cUxNQ1p1VmNyRHk4VkwxdUFUVGwwVmY0dnJSTG9aVnNkSFUyczR6MUZROTJvRlBValhOdVUzZkx1eGRlUmlpVm1QWDcwa05zS2NnQXE1YWIybUs4V2p1MnJRZ0M3UVlYVGRPMVh1WFEwUzlVZmNOZXMxZnRNQUxCWHZMWURyNkNiUDBJQnNqTlVpdW9RR0hOV25tcHR5TmFuelR6anl0RWdRdDlfdnNNcWZFLWo3R2IzTU43MEVMUG9ZTnc4Vm5xcXN1LTlDNEF3eDVDcjUtMHFwX3B6Si0yU1A1OV9lZ2NTeWo5U0FaWGtwdzlqaGsxNGNGVTFpU0FWa0hmVkVtVU1kSDFZc254bzcwWV8yX1diajBwUHJQbi1kREVXUzl2SUlhdzFmQS1FTUVxMjNKU2hydnpacG9CMzJXWDc2ZjhXZlZWbEF4UzFvRm1ib3dYaHRwdnYxcThsX3dnN1FtT3FtNW96UmFxN3pabGoxbjItSUttTFpUZ09DMHpEX18wd2twcXl4WE1BajdMc213dWtaMFMxRFJaYUdlUjVzb1VRRGZyeWRXVVN6U1hJRzBUeF9oTVcyUDVaMGRjTjNjMlNsOUZFODZaRWJ2aXNlaHVpaWFLdmJDYVY4a25IQQ?oc=5,1
WSJ_Politics_CR,https://news.google.com/rss/articles/CBMi7wNBVV95cUxOMzYtdWIweS13NWRPLW5nZHoydlpHMTd5anVNMV8zbkJLcExLTWFnVnBBbnQyWHZLbkI5UVc4Z0pFQUZkQmJkalRQN2phQlRUb0stQ3JfVDN0eUhzcnhtSkEwdndlX3ZuZmUwOGhtQzRBejNMenRmLUJIWFpYX1VseEJZQXpldW9pMmduSlpBOG0tc0dBMURGTW9Sa3RiNm4tbHFFMFJOeFE1a1Q0WW15eVNCTzdYWmJhdHFqTkZzcUkwMjNUa3Etdnoya0FELU1TTk1KWlIzcWRJUmdhLV9JUC1NM0VsZ3phVkkxMFdITGpYWFdzLWJtM0NsRGVDUnZJVjdqakpuZXRhUFMyQXExaUVWVFZPcWhKa1NVZFNlUFBNWWwtTHRaOUQ1WncyN0Vla1N5eVBXZmNBSG1EREhPMTQ2bFNhMGp1bGI0Uy04LVBNbU9CczlfclhUZEJ6NWRYRUlISlFtZFJ6SklFemlLSUhVanJpNkR5WDFIM29LZTVFczdwY2RSek9Hbi1JeVhPa2ZYUHprYWU4andlb1NKcXl0dkJZdDJaOGlTWEFscDE0QlI2MkM4d2lZTzNETno0RXA1UzhLTy1UNWtfUHYxb2ZGYjdoV0tZQWVIZ3V4N0N1Z1gwbXY0MWpDcEFtQ1E?oc=5,1
WSJ_Politics_CR,https://news.google.com/rss/articles/CBMi_wJBVV95cUxPOF9ORC1DMEJUYUZEZC1HdkpETE1feDhWeGpOV1FjbnNiUU5QYzNtOFVRUF9iVWRZaGVMb3BJcXhPdUdyUUx6VmRxb1ZId3JFdzl1aG5CS3JvYUpUelRQSUVoVnZGSnFZN2Z4MVhxMlpwR1ByR1ROblBhNDNzc0RoVWJuaGkyblJVdk9uTmlpZWFZRGttTVYzWDBEQmF2NjAtUnlZM0xHMXJSUlZCbDVnTVlVREhKUGladTFyRlJaU3lPZUNNMncwb0hWRmVjWUpnSjZiWGRtLUJUZGdRRzY1WTdaRUEtaVV2RGVTNTdJLVVTOVVUWFRZSmdzb2dtMXBCOTBzZmN1emVDV3Y3MnIxcXVYN2NoRUZvQzg1aThDZmMxeHJFZTBMRG9tRDlmZkdBMDJ3ZkhYd01OUkJLSVZrZjZhdURpRG5pemJ5aDY5d29hZlIyWGpONmlXTUU2V24wYk9IZTZyS085WnIybnhPMXozSHpGRWxqZmFnME5xWQ?oc=5,1
WSJ_Politics_CR,https://news.google.com/rss/articles/CBMi2gNBVV95cUxNeDNTRzhMbEgyaGlxSHVncTFoa2lJdjQ4NzRNR3RtNUtxb3pSUEtmSGlPQ3JoOEk5V2puNWk4VVRVVEY5cXZQM2FOeWZ6RWt2cHN4aGt4a3N2bEJwU1ZHZXdVVmgyZThjalBDMGZveEJuenhjYTZNWFU4ZnBvcVBHV2lIYWQyTjZuY1BDc3AxSnR3aXFWZFdLRXMwMUEzc3NiNXU2di1HbE9RU3dzM0tKLXdqNTJEdHlBUUdDempRZm1NLXhCTXJfZHZjUE1uZjJyV2lmcEM0eF9aX29sV1BZWUJ4YjhrUjYwWTQ2cWU0azJOR0VXaDhKWlhSczVvekFmaFRYVnhYYnJnVFl1aEcxNlJvTW9XWUNTVnVWbDMyOFE0RTkzazFhSEVlNzc4MU5BeGdoN3dGZElvZmhfRUMwbWZXOFREeFp5NHJTeHpOc3JmNTY2ci1mYXFtb0tnbzNaZXhYS3RZdm5ELUFGQVh1ZUhfbHh5U1I0S0dQc0hlM2hJMGdQU3YwV09udGxsZzh3RVFySUNSMEo3WU96NW1OcjduUVp4SV9jNTlZZDRveFhfV2NvQjBCMHFDOXAtVGl5SjNxUWhmUFItb3FQSjQ1el84WU5hVzczNWc?oc=5,1
WSJ_Politics_CR,https://news.google.com/rss/articles/CBMiswNBVV95cUxPZkRFVHVJYjZCbnVtZkxWZG1uS29oTWp6aVl5RGxoSW9DUTB4ME8tZVcxalRRSWppWmdPanBZLTl5SDhYUVZuRnRLMlpRRWJ6WGxkeFdIanFuSmdLNXVYcmhHVmNDWXcxSGItOEVPajFiTktzVVJiYkFTaTlfRlVqYmh0ZUNsRXlGSFJxRF9vOGYyaVBlSjk1N0psSGgwbUlhQlV0NkFnUVplUEtxZ293c1Eybld4OXkwMUkxMXlzeVpBMV94N2RJSDhsNEtSTS1oemNKWGs3R2pobUtDTVpVZjlYaHZ6dnVTUHQ0UUJIWVVvbFZPZ1dnSkZlVy1Gam1ON3VOUGlPbFFOMHRjRm5HUVl1ZmR1WnNmb1F5YjA3SWJXT1AzcmJPamRxb29sRzNYci1zeUktMXRLcXQyMG5pbFNfSFJ1TEJscmtUX2VydlFwdnRsREgwV29uczctZnVIMFphbXZkNmV0bnZ1UWpPZ1JqWmhLTDVNdUttMURWWUhqOVZmMENmZ2luTHRPeDlBdzE3T1B0U0VpX2d0MTNSTVUzbTJmYzYtUF80ZVJZdkxSdVE?oc=5,1
WSJ_Politics_CR,https://news.google.com/rss/articles/CBMisANBVV95cUxQMkIyV2N0UF82SHlSSkdGVm5lTzZqOXJndVpla3RqWF9xU24xeUZ1bTNndk1CeGVRNXVlak92Qk5DSWpWUHZFbGRITDRqSmpCYjlyQndGc1hlUEZ2Z2Q5SGh5cnFVVXpDTUtqejJWcDctNk90MUt4TGY0cDFXV05PLVVrVF9MRmhpTzVtTXg3bVdNcVlMbkRmWTRSMTBJV3BFTFJWTVEtOF92TmRXcHZTMmM4RU9MNFdCdWRGd3dydjg1aEc3RHdBa1JjQlkwc25qUkJfcnpvYU56UmhpNHVPMDBGZ0UzY3JSdjc3RTUydkxTWGIza2ZaWkoteXExeF9ueWRQNGpfWFZSbFdPT2lVUklnbTA4bEZSREVrWnNpRFdRS2Ntb3pwZ1hXeG43TzZST1RLTDBaYTV1clVRdlVRbDRieEh5aDBEQXhLRU1QazZoRHFLN0hkazFoUUI0WVpNZTh6ZWRDMG5XLU1JZUVIWklaWFVXdm1XblZySzhud3pXdlhtNmFyYTQ1VmZtWll0cjJjZmNrbVlMelFMdFExTGlSUmtWY0NuY1V6X3NxbkI?oc=5,1
WSJ_Politics_CR,https://news.google.com/rss/articles/CBMijANBVV95cUxPNjJNTmdQTjQ4ZnBGUlRyQnVfOVFETUw4OWsxZURqYkYwWHhVUWRoRnNoU0wtbVB0T2t0UE9Zd00xTXZObjhKQWVTV2FUZGg2LS1uRzhIWXhkWHl4a2lpRTZkeEg1TXQtY3NEREpZOFpJOGdMekVpaWVHSzFqQnY5NzBZTmhPU00tNXVScTlrbmdHOUlwRl9JNWNvbXdyS3JmaXZqQ1NnNFY0RVQyS2FhZXk0ak5ZZGZKS256emtzX3RucE1EWE9UR05MOFYxdG1IaTd2em5VTnNlWm94b2pnenZCZk5lMWlTSFhKV3g3R2JkU3oxdXdfSzFoSjdsNXlsNk5OY3h6UHgzXy00eVktVFFzZ2RheTFVdTFSZlVGSndRZGIwRm00aWEzRDd0eVA1SS0xUFNUWTVpX3hacVlPekJ1aVZqTnhpTzM5WV9CWXJ0cjg4Z0Nrd2RUYkFNY21zaERVdmhEZkZKV202OFNfb29ILVlFMEVRU0xqWHBJRlpEdkt6SEZvMFQteGo?oc=5,1
WSJ_Politics_CR,https://news.google.com/rss/articles/CBMirANBVV95cUxOcENGN3JsYlpnaWRRakZiQlg0TUdLdmZybjkxWjNRVUZkOVdyNGlDdnFCU3gxZHh1R3c1RHNFaC1BNlFQV09hbmdTMGZYb0ZWa0ZDNmVueTNXdUMzaEJEenQ0ellaeEIzVTlZeGlHekZNQWh5d1VSWEhSQWVCUUZSU2RMaHRwU2FjcktldDZ6dGtibnJWSUpBSkJISXJtMnhkQkhEWHM5ZkVEa2FOZFNoRDU4OEhBNUZpNS1FcnVqb09ULXpveEhndnJQRlNWQ1JQU3NIUGVqWjVySXltQndGSDFWWWg1S3RmbFpDQmZvVmxNNThpVW5TTHdZZl9DczJDSnNVYjJUc2NSb3JscXA3RlEzYkkwZFJtU3pVSlp6THFfV0RmczY5NjV2SW5ENWNBM29kQzlLTFZoQTJhNnV5UjVUXzhLZGpWQ1ZrZTJWVnpyNHFlaHBaTERNVzNiSXlXV1B0eHR1SzlsVUlYN2dtTW03amdiM3lOLXp3OTUyWkVBV3hCSW1QcGxFS2hXZkVrMmdvUDdJWF9Qa29mV0paMmQ1ZVVVS0I4X1A4RA?oc=5,1
WSJ_Politics_CR,https://news.google.com/rss/articles/CBMi5gNBVV95cUxOZFpvT2IzMXg3eFlFeDNjYkNwR2did3FfbGxuc2xEdFUyaWJUal9lcFNRUWFMRktnUUFQSFQ2a0RITWxONXdzMzNjVlhWTW9rdDJJX1k5MXdWS05DNDBoeHZiNm1la25fLUY3SDdGRm5IMU44TmJKc0tGT1VQN0ZYM2FJTUM2dGRycndFLU4wZk13UllzQ2Yyd1VpSTJxNndmd2NsYlE0b19DQmlQUzY5LUdYdlZ1TXp2V2tEd1p4dXhHNlB5a2dMc0RWSDJuQlkyTGxDNWtTUTFkdVJqUGxjMmh2bnlZNHQ0U0d3azVRVGdxaGRqSnFxV1lLODJlNjZvVC00ZFMxdzZJdDhZNjBlZWs0ejBTMlByTHY3ZTIxaXpiNVJYcWxHSDNGcUs0bUJZaWNvZXo1VVBlZ3dfdkd5ZmNsQ0kzUFZjaU1KXzAzanFMRlgtMU9FUllva2hqcUxmemptcmFXckN5aTRRbEdEbmNrSlFERjR1cGRkUGFPbHBJejg4dzFWVW5KMjNGMmFiWXRhRzRaUXhkdmNXWWdYd2hVX3BkODQ3N09vbU5hdDVHcFI0dHdLYzN0MlBZRkxqNGo4bzh4WUNYeHdMSXNhM005eEZyNFdmRWoyYWVFRHRWcDdwRVE?oc=5,1
WSJ_Politics_CR,https://news.google.com/rss/articles/CBMi-gJBVV95cUxPLTg2S3NjM1JqbDRHc1VJWWswb21hQng2VFIwS3FiTWhpT1lGSHA4RkxMTUswTU5Ta1o4V3N0cjhNcFZWWktiejdrVDJNaGVsZ2FORkFGRTVhZ2MtWllla2pWNDJTQm5kaE9xTWlyV1pfdTNRaXdZOUFPeW5NekphN3ctYXpPLVAzakFZVXY4S3d2YlhOV0c0b3ZNZENKbkY4YkZrODJGeWlIZEFlMS01MG5NNExST3hMSTROMzBGd0ZGbUU1WU5MWENRUXBFTWxDMTRURjNpc0xGTHNQNWxlVUpwM2J0eFdSMUV1S0RaN2U3QWxHVXBRZy02Z0ktbXRpQm43WFduU3FPOS1MQnZnZkdGU2FGTUF0R3VwcXBBNmZoaVUyLVpyVHlIcGJZRDJrcFZEbEo0bU81aEYzN1FMSENHMy1oV3pWd2ozSjdUMHNLWlVPakFjVUFWQTlIVXU0VkFPSm02c1dHdmZlQm81QTBNcTVuclFBR2c?oc=5,1
WSJ_Politics_CR,https://news.google.com/rss/articles/CBMimwNBVV95cUxOV1FMSWV3bGx1ZjFFTzFpWUgzU2VTTkFPa0NVWFZrTFBDc2hLZDgtaWR4dVY1djY1VHpneURUdDhZaURoQlZURUIzaXdWT1FueHN1d3BHUmpFdV9pM2h0bllzUXZraHViZDdFblpDR0tsUEhWXy1nd1RrejV2RVJxOTY5SzRoWGxGNDFwN0Z1djJPN1pqOWJsQXM5aDBpQWxLR0RiOHI3TTRKZzJveHpUZ1RQelNLdDZxTXoxdkVnTnNweC00NHhRYS1xWHFRWDZaUjJ1MW8wckMtbjJldGk2enVESlltT0ZZTnpxWC1qcHM0aWw3ZjB3WWUzNkRsU0xPMmh3eXd0M0ZLZjFSR2FNRnVBWk5oU2dFRkZodzNqSzZORm1xOXl0WW9tVTBrY0tHN0FwZDFoMUhnY3NKZnZsaGtEbWo1ZnBBSTRNVTRtV21UOGRFUFROdGpISE5WZzlfX0VncU55N0Jxd0Q4X3Y5RDNubVo3VUdsUjQxZEU5VE85Q0xhWlJITWJwVXBheW1CSGM4Y0UwdXEtdVE?oc=5,1
WSJ_Politics_CR,https://news.google.com/rss/articles/CBMiqANBVV95cUxObUtEZ1k0aXoyTlY3U1FKUWRCZ2N6NGxsUUJpOXdKVktaX2RYWmZ0UHRidUk5ellhQlVJZDRSWDFNRnRrUlc1b3JmY1JTdWZkY2xHSzQyejB0aVRvWjAydmlGZGVwcm10YXdhTW9FTGJaVFlCcjM1S0Rsanp2MnRCM3FKRWttNWVzQjYya2h0SWZaX0g1S2JJR2hyUkJsUlJibWRmb2ZGdFBkQXZxSkhjNC13cS1MNXNYU3pSQVVMM2lNR2VjQ3dkSWhBeVAxR21aUHR1Z2hGcENJbGV4cmpfZTZIaUJuWWxXczd2MUZPY0ZONzBuY0ZEZW90Z3EyRmMxNGFlazJNMHRZdjBTQkNEUG0wOEtfQllJbW5kYjdHZE5XczBpUlo2c3A4WXdzZ2xpR1dkNFZJQmdWeXA1YWRrODVIMlpMS2piUTNhT0hvdlJ3SERaRjlmOG0xWDY1ZVlJN0pQV3JCeGx6YnhrZU5RVXJQUGFHS09mNXZ4S25KZ1BobkRZU3gwUGtfUnRHa01VQXFHNGEyOExWeldaWHhlc2lfbmpzNUZ2?oc=5,1
WSJ_Politics_CR,https://news.google.com/rss/articles/CBMiwANBVV95cUxNeE1XWnVVMUZTTkRiVHVQM1RhUU9YNl9taXh6QU15eDhYX3JVN2NNcXNNd1l3TmNpV1ZLYkxfMy11a0lQNnlUZ0g3LTlSY0tuOURRZG5LWE1rekdKTXU3azloV3pJaW13Sl9OaUJBN0lTbTV3aFBablRQbDNGQ1RQcnA4UV9POUJRUm9BcW5HTVdnUF9vWnBaSHU2WWxBZnQxekFueVU3clhGb1FCN2FyQzk2Q0R6UDFsMExFbW8yX0xUZm9adGpBMlpqcUNndDRYOTVZeUVuQS11QXZWSVBWYnZKdS1ZTXExdkdaaGlZZ29KbUwtSG9NcFhmRnF3ZXpOXzkwS1puWURfZllYUkRqMTY0a3EwWEE4eDdINXlpMENBcmc0bmhnVFg5cjNuX0ZWM1FfRGFNTDFuRjhBOXdFOE53VXBVZkZPQWw3MWlYLUt3RXJGbjlYUXRfQ0FKLU5MM2MyYlJ6NkZKVFJKb21Nb0FvRFZ4dFIyeGtQUlRwX0lxRUpvUDV0czNweUtrS0FfQ0tJYmhKYVNLRmoxc0x6eWJSdVBDLThzeXpIeU5xMVU3M1lEQXVfZllrYkpJUmQt?oc=5,1
WSJ_Politics_CR,https://news.google.com/rss/articles/CBMigANBVV95cUxPclQxWlFGZE8wRS1uZEwxV0hGc0FqVS16eFo4MjBuN3VLRlRiMllXNEVXYXVIb3R2bkc2R05ERk9wYV9NMXhlNDNYRDdRckt2NDlCTDdxRDZpc3U4SGd4VXlZSExtaU96Z2ZlQXpYS0w3STd5S0F4dFhrV2FXNlNKQ2loYW9QTWljYnVFNjhCTjFXdTlWV2EzZURtSHBKajVneThpZ3dGazBnTnhtaEpjeFFVX0R2R2Q4YWZrVWdnY1NBaWNEUk9vYlQ3dUZGSXhDQnczQ3BSc2w1UUwyUXdnLWotcFp4WWV3WkNnV0lNS3JJTnluSWFBTUhDV0tmR2tOV1B1SUZ5YjhOZjFwejRuYzFGZExqT2ZwNnNSVVN3UkZZcFJYZVdOaDh5ZWRpUmxqeDFKemhnalJ4a0RnVlZsUTA0Z19Ga085S2hjSXFkYXFqOXpuQlN0UHJnenNXd2Vzc0RHa0szQUgxb21jMkdsLUFjejRsQWtNeVIxQ0V0X1I?oc=5,1
WSJ_Politics_CR,https://news.google.com/rss/articles/CBMivANBVV95cUxOMGlWQ2FLWjVrTF9zMjJwTXYzeFlPNDBKVlQ0V1lXdXdSbkdCblhteTB6Z2w5dDgwMTVzSm5yZWJaZk04aTYxUGNTSEh2SzU4Mm8xM2RBYjhiSjhNbkhHWGxVeUwtVWpNazgzQUVia0p6QXphbUNIbUowUV82bUZDc0tNOWtyYUVzMjQ3UWdXMzg5MEJpRGxRRFRQZk01MUFJcXhxS0tua2xVaTNya1Z2ZXRfZFRib21lLW8tN3BweWwxdUtFWHQ5ZmY2QnRLcmZBNGdxZUo0MUFkTk11WnFVbkVkRUJ0UTZtaHZocWZSZy1SWkh4RnZYV2ZxeDVTYWJ6RTBnR0QtYV9xUVFRYUpGb0FBN2J6SVNjaTBsZHNZa1psU2xtMWtyRlJlU0pVNmdtbVctRHcxNnMwZ2pJRzJEcHptR2tBUTNRdVQxaWwxalNvQ1NTcUxSdWFwbXN6NHZDZndBcFRDU3dBWUMzb0NlVHJlRS0wTFV6eEVybDFxeWl4eWZpV2cxUnR6NkswUVlBS3ZYaEJFT1VCMkd4ZnNOaTFiNW5MYmVzMDZsemF1aWhhazFtS2NCaTljNFA?oc=5,1
WSJ_Politics_CR,https://news.google.com/rss/articles/CBMijgNBVV95cUxQV1FuZ0I4WTg1SHZFeEpYUUljU2VGR25nXzd4OV9Kb2dsTXh0dmNzeWU2VTZ2Yi1uMHkyT3BSSWxGaGVfNFN5Zzd0MVRhZHFxRExzT2NoVWFLZkRYR1VWRVFZckJrZUNjb05kVEJXeWQzbWhDQy1NQzdQeU5IaTBpdWlIYkRVczdBaW1hcUpzV3lFZ29mbHpNYXpGXzEtU3U0ZDBNN1N1d19HOXpqOEtUV1hUY0djLXJkbWNJTVd5alJ3UHNidlU0Nlh3M2FHWUFxN3VXVFVsb0pJd3E5VnRRa0dEeTV2OV9KcWlSaUlTaWZLR3J3YlJJenJzb1ZkUnU3eEdVTnZBazRPWkVOQ05ERF91N3ZWMkFub3IzRVI5dUhiZ3dKWEZaQ1Z6Slk2bEZNX2RwLUhBekV4Tk1ZRmxLcmgtaWNKRlV5MlJaaFdXSEVaRFIxbWE5UEI2bEJ4OC03WlkzQjNOd1BnUFhCU24wbnNCMzF1YTJuVzc3aUs4N0dQRjY0LWdWdW9pYWladw?oc=5,1
WSJ_Politics_CR,https://news.google.com/rss/articles/CBMivgNBVV95cUxPdW94UnNncHVYWFd3VFhPdXNUWklEbjNPT1ZVZElodUdyR0FldkIzUWwyZ3pQOGo3alJxY0VDV3VJWUZES2JHZWhrNlE0eDd3Nm1SQTlXbHZIRWRiZl8xTlJnc2F1YUFQNlB2SjBhQ0prLTJfQmxXd2dyQk16RXF3Q0otX0s3TENtVi1sRndaQ2dFR0JMNV9SYi1YdDJDM3Z2bGpxd1VOZXp4WVNfTWRLLXlRbTBQajFKWThfTHpVZjkzeE5sQm5EcjJLTnVkeU1veGQ0WFc2cVhhbmNYcEowQjA0QjdhMERNY2wxcjV6alBRY2hZdkpjXzFzellLYnl4dHRCV0luRzlBTHZBWkxXcC1qbERYZzdpUk9XSk15Q3RPdTNIU2pPYXRfRjNoamI0eDU4YVJsQ1FiVi1Ub0oxb0I0NW5DMDlhazVkaHhOQkNZSExFMG1zMEhVT3ZOc0FEYVFyTVBfQS1iWnpOMmwxTHFoOEhVS1BKZDNsX284MnFsZ25wY1FIVFB2Y3A0UGU1TEdGMzNYU04yT0w3RmZkRV8yXzNJWHZ2T05HNGtPLURBcHUtVGNLckxLNWNCdw?oc=5,1
WSJ_Politics_CR,https://news.google.com/rss/articles/CBMiqwNBVV95cUxPTVRYMUtXLWg0aEZtcEM0dTh1NXJPZTFhUkZ0NG9hdnQzb0RHcnJyakdDZldYUk1kV1phY2FlWUhETnFBN3FUTG14amV0TFcxQTl1S1ROc1hNdGYwTmZheXJIU0FxLVFraGV0aGtIVHZCX1czWkFOX1diX3JVZERIazJBRjVKRzZHRXJOWURNanM4VnBPbzAteFFUQWlYbkpuRkQ4SkpvVzUwSGtaM1NRcHMzUUk0VXpmcmV2Rzh0UFB3MngzYjBzTzduUmxFSEtuXzV4ejRvWXY4bTNVSHo4ZEhLd0ZXc1NtcTVtS0wxamNxcEgyMGt2RmNMVm9KM1RuX01BTFBBNVo2V2F4ZHBuNDJ0a1ZwdkdYTTFkemZQNm1RdzlDR0k4cEVaV1VWNFNpSi1mamthUUNJTE5CT0dpMkNjSVVDMmxobWFzQ2RPZmlPM2xxYTNuLVhZZkRDa080bUFKUW15Y3p5dmJ0YkhQT01PeWQ0MjJ5OVB4aTQ3eWYtOGJGU3VUck5FaXQ3OWlfbWM5WU1reUpqYWItZ0dEemFUakZkbGhjRGpR?oc=5,1
WSJ_Politics_CR,https://news.google.com/rss/articles/CBMivwNBVV95cUxNeDJMeFBiRzZiU2NDcWRpbkV6WXlobmpzUDFNd3RpdFNIYUw0WnZvQm50azI2ajAxa21iaGpuQ1NmQkdqWWhwYXNDYTloV05SSnYtR2hEUVhuTDQwLU9pU081dVJtUVlLVzJnaEdFYWxwYWp0NFJ5Qi01Q0d1TWlLRDFQU29yNmsxMVBWWWJDMm95bWdVVk9fdnhwM1VtWlNuOXJleFZEQ0RKdy1QS19VNjNSRElwcXVxcEV6aW9BUEFWZ2Y4NktVdDFNX2JtVlhkRzZvTnJqTHZfN1dMeUlCaW42XzJyU01ac3YwLVJtejVETHpzbmNWcy0xSkVnOXZQMm1TdGEteHBSa0hLT1FYZDFPQnNXdFpzYUZDYnJIQ1I5dTNuRzJCWGpFd3ZFTFgwT2FGYVBTanpULUhITGkwSi0zMm9DaWE4Z2s1MzIyU19XRFJ5dW9KQjhpTWhoaXR4T3czYmVYUTBjMnVBSWJZV0NCakFqYmJ3WkdtaERTUFN6UXVJY1NSTzBrWE45Z3lMUmh0b3RZNW11V0s1eWRXeUh2emw5WU1QZTRnbElqX1pOUEFXcEIyNTJxZE9MMjg?oc=5,1
WSJ_Politics_CR,https://news.google.com/rss/articles/CBMiggNBVV95cUxNTEtTMEF6ZVJrVFNmYzdQTGFmVjlDalVIdUJyQW5sTTcxUkV2cVhLTldfR3ZpSkJTVVFiM2NMUFR2VmdIUE5VYlktSnRFR2xCSmNhNEptOWhWcXJocFAyQmhnUG92MmYwakFuWVczVDEteVd4NTBXRzlnb05vWTE1RlNRRVlEcG16akdwbkVYa21idFFmd0lLQVpkNF9yTkptaTgyV3JBZnQ5OTVlUi1lYWVmcnYwa0pTeDdzcExjc2QzU1JmYWdyN2E3dVR0UmR6aTZjZHoya0tnZjZKTmpSVWZnQUx3ZWRZS0g1MXJnZndXV21VdkJHVnBsNnVreHA2UVcweHRKd2p4b2V0Q0pPUEFPakljbF9ySXFUZkVvVUd0X3dZWHZNU0lXR0txWlE3T0JTTlVxbzJyZGZ5ZlJCSjlpZVJFMkRHSVFmZEI5NWRISkxNb2hQaEt0azJOb0t2b3JCeDl0dlNVNWJIQ3VWNUNUZHlwUklxcVZYRDBONXFvdw?oc=5,1
WSJ_Politics_CR,https://news.google.com/rss/articles/CBMihgNBVV95cUxObzQxUFNoUHIxRnlHMzRBcS01eDFmdXFqMkNsWlRrdVptbEI3elVwX3RRZzVmX0FsMzZmTFlHR2drWEk4QkUzQTNNMXh2djRlRmZoTndCNUEza1hvTHlZUlpSWjd6M0pWWk9ld3J2a2sxYjVOeU1td1hfUW1YdlBhQzRwcDdSV1ZiRWNpZ3l2b2NGUjRQS0tsY09xaWZOUC1oSG9BU1c0MVZNSEdHc0w0VVVETWRTZC1OM09aV1htLVFDcEVPeWp2cFduTWwtQmlHaEpmaVdQUGFKV2ZiS2YzTW1xZ1V6X2JKMjFZYWZ1Y05uTFRrak1QZ0NSQW1zS09teHc0WXJGbkNFal9ZTHA1Y3FsNFFsVl9jcmhMUG1Qc01Wc1ZGSnRrUTFGVDU2alVoekJ4N2lLTjREeUJmUkdjYTZkWjZheFhHY3JCN20ydXFUTjRTM19heklYN3htcFZxNm82ZWZYVHVZVTItT1A4N3JwVTVIVFBBV2RlOFFjYldLdnFvT2c?oc=5,1
WSJ_Politics_CR,https://news.google.com/rss/articles/CBMinANBVV95cUxNWlp6QkhkRnZWWW1nRHBpa2pNbjVJRFpZbWgyRXFidXBIUVdRY3JLZGg1MF9XWDQ4QUpXX0RsTzlrUmt6WG85MnNJZU1kdGZJNjFwNTJXc0thdFoyZHh0bEZZOFFmdzAtZjdneUtOMTV6LTlHMi04WmF1QWxhb0ctXy1SNFJsMXVheHphNXdzWkFnY1ZhOF9hYXplV0JaaFhLSlZOYzlmX0ZwZmRoUXF5bDRWcGQxSUJQWVY2Z005UWxjSzhQT0xkMzZBMlNFSWF2OVc0SGZfbTF1SWkxeGk4eGlBelRGMVZZWjdXTmtqcExFZ1FfelVOc1NuTWRvbjRjZlJ1bTNWUzdZTm83M2lweTlDVkFQNFlHbUpRM29BXzZGU0xjOGMtRkUzbmdqUnJNYm94aU9JWEpVa21iT0gzX0RIcGZ6a3ZPbWxhT1JBX2U2QlZMRXFQLVNsM3ZzM2xlNGwwME56OWMydWk1WlBFYnRXUm9UYWVfUjZOLW9zRm1EX1ZnQWtuczZhcFB5OW5uVV9hYm16dEQwdXRH?oc=5,1
WSJ_Politics_CR,https://news.google.com/rss/articles/CBMiiwNBVV95cUxQaC0wQkYtcFpCRVlRS1lJZlAwd0N4NWhEeENPcUNPUG5hU0pGdnZGVFRqS2M5N2x3UWUzVEFieERyRUtYbzJNX0JNV3VZSXFIenEwWUsyNmhhOTR0SDA2NWYzNFJ1Qm9Xc092Y19WVjEydkNnaTJqMW5mUjRGZkN0Sks2cG5oQ1VFU3ZsRGs1a2V4RE9uZVctUWlBQlBlRTFSa0hNQ3o1RXFmQ3M5MGNIMEVGemZETGl3ZVBxYWdEVlJKQ2UzS2ZJRFpuUFp5NjNPMm95ZjhDZXRxaGNyQ3l6WjJJVzNyUUF4V3dMUVVtSHlQQ0VkOUcwTEdaZHA3MWdQcFdnM0lVazhZcmxZX0FJRWdLazNXbU9nVUdOa210UjhtNVl5WVRBbld2aGJJNkljNloyMGZRa3BZV25ETnVPbTkwbVMxUEhsSTZ1bkN4TC1xek5yYjRjY3NFR3Y1eEs3VzAyWm85Mm92YTN0QlZVU3dJbVVEWlRDWUlpX0RVa2gtUWI0b2g1VG5YNA?oc=5,1
WSJ_Politics_CR,https://news.google.com/rss/articles/CBMisgNBVV95cUxPd29qZVhRWEdMTHNZQ0pFLVZMd0RIeU13eFhsX3ZEVTFVZnVXNUhZNGR5d0c4YndiaWNURW5JZHp2a0JnczVXNEtuZ2NqdDJNSjVmU1JKNElEeUNYNXh0SFY4QnlTYU03SmhZVmZUbnc4SmVCRndsa0oxOURIb3g2aFdWYVhGdHhnaG50MzJaUjc0S1ZnbURuVWo3cG0xYWRfSW1Ub3lBR1BGVnBwVkdiUVlKdVo3SDduc1J4WHY1c0lHemlHOGpfV0o2RFNMaUYxOWI5alBES284bWpGeGpmcktXNjR6REFQVTdJRjR4VDRPTmRMeW96T2djSFJ2b2QtTTRTaFNhWkRVY3VWM2ZmWDBLNUNycUpyN0ZGek0xZGN4Z1pWV1M5cnZTbjFkb09xajYzYV9sR0Y4dk51eXV6MF8zcTFZSHFCR1R5TzhtYUl2MGdVYjJHd1hod3hLRUtXdFZJb3RLc0pycC1jd2pPZWFZT3NEaUFoVnB3YW9qOTJVUlVGZnhvZV83b1BTcXhhLU96VlZQMVdzdE41bDZ1dUcwNVBzUE5MbFFjOC1DcXVwQQ?oc=5,1
WSJ_Politics_CR,https://news.google.com/rss/articles/CBMirwNBVV95cUxQYjNobVB1S2ZXcHJESFpvdUdRSld6eHl0U3ppbDlaaXd0ZjBXNVlDZkNHVXJBb1lTc2EycFlGX21XQjFoQmlPdFVtRGtnWm1RWXdrd2F2SnVvQVZLZ0pPTHdua0l0Zm4tUUZwbzNMR2Z6MDJJVXJCRC00ekVIcldOd1VZZGx2ZlRZVHVkYmdwOC12YkIwTUhObXZpMk0xUXM3ME9rbnhUa2lXeWZpc1hQY1RnN3ppRkJ6aFZudEE5UEJoUnBkNzlONTh4dTRueWxlM0tiUklzZzQyazFPT3JfckUtRmVHdmxpNXVzQktmWUwxd1l6RzF0YmM5ZVZ2Wk9ONDhHeVctWUpBZmVSX0hCSERyRDlCY3V5dUN2UTBkNDdJaU5lZHpCTXNGb3VHVW1LaDl3VXVyU1RDRGFkYXBfT0hzZm5ybjVxanlrZ0lpc0tySkZkZlAycmJVTkZMemVYRmdGUUdMclhwYlRXYlZfeEthSEFkRTd5RWtQa3hGQ0h0X255bHkyUzFLZWtHaWVoMWZENjQxakREYjVhZUNYQnQ0NXFhXy1ub3NpMkF1Yw?oc=5,1
WSJ_Politics_CR,https://news.google.com/rss/articles/CBMiygNBVV95cUxOeXVpU3ZuRnU2c0lpZUJZNWlGbVVuYkI2VWsyenYxN013OTBMVENPTk90UmY0Z0lFQ2xCY05JQnV6cXBfUkFZa2JGdDNuODhqdThhaUx5endvY0ZDOHJDalRmSVFOc2VzMWphOERNeGZEdGJsNFQ1X19PQks3dTV0Y1AtSWhkN1UtTjhfMU8zRWVDZlBUdVhyTHFlYmhuMEpoS004UzRFdWRZUVZNS0c3VkhBOUNRTnp5UmtzMDhGLWx1RktVSVRBc1pTZE9GNk9TMFJfWV96XzFURENubERFWVNrZGZERW0xMEFaRldaZ3dWNFNua1ZFSkdWcTE4Wm5UR1VROVJ1Q0NvTm83SFhXbnZub242azhzalRRNGs3dmQzTjMyZllrY09sNjBtb1pCSTltRWZ6c243TkZXSDJ5MHJ0VGl0TWVFWVJkSlFFRnFSYU5QRkpUSEEySDc5OEFLZzdSTWZJQk5fQnpDeUZXMlAzSk5pLXhGcHhORl8tNE5nZTJNVDJRZTZZRE56dWtDTjVmb2w3VVRqOFlTU3RSX0I1RzdKVkE1TzltVEFLWmxReE9xS3VKR2o1UG5rRU91RmtscWVDelRaUQ?oc=5,1
WSJ_Politics_CR,https://news.google.com/rss/articles/CBMijgNBVV95cUxOWjhqTEN4YUQxdmNJaG1lbU1xdXdQZ25RSWh2UEZtUUxpT2ViRkNJN2h6OXA2REQxb1ZlZ1NFcU9qcE1qajZ0TWVSTXFPeFJJQkt1VVBTVkdtaXlrUTktaXNjYTVvdjhlcGpkQU1zbHh0WUxnWnJGbk9ITGN4ek5VUzRZNDF3Q3NQenZVN0R5aHlpVFFaYU1WZjJQWFFDLURiUWxoMnRuVGY2UlFvVWNVZUhfMXotSV96Q2pWdjMzV3Q0Q2ZiZk1NSWx1NTVVY3V1NFdPTTVBcnFTV1o5ZTJaOXU1aFlLakJiVGhEY1ZybmEzeThaa0IwVEtaTUtrczkwV3hwd1FTdFNqeTQ5UlBQT0JEUFl0S3JCWTVlNUtFYTlTYXRDRFFNeklDdEdqZXkzMXZqSVdHZ00wenBPYkI2Ynh1NzJVYXY2OGxCSWlKLVg3SWdaR18wWUh3SmYzaWNBVmpqM3NlVjJiUms3OXB5djI2TXRBaXdWbTY3QXlSWk9QT3hBUG1UZEdaQWJLUQ?oc=5,1
TheTimesUK_CR,https://news.google.com/rss/articles/CBMi5wJBVV95cUxPcWhxYmdqU0d5ekFKVVNXRExSSWhzODJEQXVLWWhCNHo3bmV1Q09kdmd0OGxuZF9GZ25WVzdBeEYySW10WXhWMHVLMVB1VV9lWURoclFvNU5ZU1dBYUFmWXF5Z01OU2h2T2R3UF9uc0xaT3VOMU9QTTRXOTg3ck1GaE9CUWRWNTFDUTNHeFhWRHl3UW9ER1NoOVBGM1hxU1VjRXgxLURvb3VENzVKLXlOckhZdm5GcVBxT1UyWFgzZExQMGxmZzF3QmZoYnZrVXJ0Tk92MzlLUnRsYk9ZeXV4VzlQbXJ2eFVpZ21hWlcycUluVzF1RF83clhWR2J1bGdNMDRVZXg5d2RyVXI5eVFTUjN6ZDYyb2U0eTZaZ0hxN014S01BeHhOOWt3b3pub2M2S21Pckd6QUFxazFjS2xIU2wyLUFMY29vQVpZbTZ0ME1iNjh0QnFUNGw0azZBS0FnSG1FWWU4RQ?oc=5,1
TheTimesUK_CR,https://news.google.com/rss/articles/CBMigwNBVV95cUxNOTFUY0JrUjNfZGQzSzdaM1lkWU1pZ3UtNTVIZnFvb0FYaGFIWXlGaUFlWTBPYldpT0J0b2JHZGFEeHlEdHh4Z3JKM294d2VLVE0xVkMzRHJEVjQ1QUtUc3h5eGJkbTh3UWVHMldBem41TWRMUXF0X2dhcHJsQks2czBTZVY3U19XM0poTnRZZFFuSW5xVE82QkdjSXY3UGEteXZoaUxiR05JLWpIVkR1UXJRQUpEdVE0dllmdGVUTWhieTZXTThhdzAzX3R5blE5UVRfdmtqdmd4MVFlT0EyeU9wTGg2QUZHQWU2M1JCQ1FXaXR3VHh2SVF4SDBiUXlNYlVYb2h1WnhCaVRDeXNXSXN0amdwb3lJbjl5VzJFc2Y5TUFXOUpjZmpBMFRKaWFlNWZpWkxqbmlqWERDa1BvalpQMlRmWVJ6VzlaWGUtZDhEN25ZM1dRQmFWa21yQjJaM3lkRklmenhFRjVsanROLTgxeGdJT0lxTmFnN1dtRFROQnc?oc=5,1
TheTimesUK_CR,https://news.google.com/rss/articles/CBMizANBVV95cUxNTE9GaTVZX0phc1M0YkZBMi00V2pPWGdvaElweWRiMkgzM3JNbzNsT2VUYXgwYVhpcnFEU1M1QmQ1QnJSSjJFUmFMMDNrWW15OFcwYWxjbmVBZTZ2ZzFvNk9RY25pOVloTWR1WlJydGZIZFhQZ0NPbi1DdnFncFdwcDRITGo1aVJ6NHBZUTVxRER6UU9lZDluLXZkWXQ0bHFjSHFTUDhhR3dXRUNOREQtWVM2M0IyOWl0dHVaekVPOFpXbGo4SlJ4Vm40RFNzZmhLdTJCUkxGa3Zab0VxdmdONFRXQWZoOGhnUV9MaXJXX2d2eEl5VmV5U2cwSDVKU19GM1dFbkJQeWdlaWtUWWNRaTZDZWVCVVFfeURzSkZGdlp2WHBoaFE5SVNxZUJ4WVotaExqd1pzclFHNG9UTnIzT2RrelNNTVhBTUc4ZktrOG1tVGNhU29Wb0J4ajE0S3Z2TWc1eTFqZUdabkNZNk44RzV6YTVFT0tNaEM0Z1NMQVhPSEoza2VCSEVXTmUwYWFLTENEQTlkMGpmMDJVcjF6bnpzdE05QkFXUVVvSnlBelVsSDNkcFdoSXN5RWUzWjdyNjllUk5PYVdFUXV0?oc=5,1
TheTimesUK_CR,https://news.google.com/rss/articles/CBMiuANBVV95cUxNRHl6b3ZGeGxXQWFRT2YyWVp6Mk1ndGtuLVZRbFZ3ZURoSnFXclVjZFZnRUhLVmhMa3lXeHM3SXk2bjRSbVdHNWh4dnZrWTh2aGVCLVRUQWE1N3FzeXIzRk5FdGJFWExfenhHNUdXNFRpUVJLWVppd3pjMWY0bkJCMDFxbXpTcXFrWkt5UWFfOEFiYS0wNW01X2RqelQ3SWZ5bXR3NVg3djNTRWtPaWFPNFdxVlliNVFkWG9RaHFUWmxyeFpOcVgyZDJVSk4yLW51U1NBMGRlM1YwSHk2UGNWbDZoOXRRT21ob3JqcjRjcVJiMDc5bGYtTlpidk5LN1Z6N2pja3dlYUNGNGNZbU92YTlSblZ0UEdzYnY0REtsMTQyT2RjZXVpaFREc0lwbWN4QlNVZlQ1RjN3VHdLMHRwdVVCWTNZeW45eG92cmxGWmFlaVE3WDJUcFlGOHZ6UDZWRWtXN3BiZVlkWTBYc3lLVWo1V21yOVNCaGV3VkZoVmFHcnhtdlNGem4tb1JUQkFpcEd0X1I0eWRRQnBXMnVmVGIxS0RhQnBDeWliVDdSb0tRWTVzSDdPcg?oc=5,1
TheTimesUK_CR,https://news.google.com/rss/articles/CBMitANBVV95cUxQeEVwWDJKeVQ2bW10NDY5T1J4T0o4WWFjbFk3U3NfdUNkc09YWE04cmNNM0VGVTF2WFYwak12Y1BzS21DSVV5bkh6OVJpR0luTG4zbjI4U2RZY1UxTzctZTZydngxTXhHTWgwZmZIeFlfdGx0RFJCM28wX2RnZDVBVGFzTVQycXk3eVBLT1VZWW1sZEtWNFNnbEljcElpTmhMeFc0NEZBNGlWR0VEeHhIYjdGa0U3cllOTWdZUWt4VldQczVkN2FoNkY3cE44eUJQczUwdEdvOWE3dXhGOFBuQ3ZSTWd6a0duaFh6eFN4VGlnSVdXTjJDQ2luT19PNHY2N1pVMXVMZ1UzMnBCZTNMNUZ0ZGlNZXJOVVVrT2JVdkV0Mi02clhNalBCd1A0TWV3eGxNNzltbXEtNG5sSHFBb2FnSDB2enlHX0trNmFJd0c4VjZEMlFVdVp0c0lGSzY0RHZXQnhCdG8wazloVldNaklnNldBd0lOelp3enQ3SUI2ZlFST1gyMWhIRG5IUXFpNmNQRFRIMHhkX0lScC1LM0ZVMEI2Sld0MkFFTVJGU2J2SWJE?oc=5,1
TheTimesUK_CR,https://news.google.com/rss/articles/CBMi5gJBVV95cUxNODdzX1BGYVlKYVhrQWpzbS1VbWFMbGhjclkzR0FWV3p2bmV1UGtqb3BMbzNCbzBlbmtncEUxWWIyU1RGNXNoRXdRMTlfS3BaWjNxRW1helFYbmlVcGhVREdoYmJETVZsUHBia0dmaVp0N1V0YkY1MlhBQkh4VU5pRW03VnpuVHJ2b054TjdrNE9yRVJ1c1ZHQ2RnbGhYVjB6ZkpCQ1pEQmJ1UHRTeXZyQ1J3TWtBLWd5NkJJcEhlVGlfVWVoaG1YdFUtVXNjeVpFeWs1X3VKQ0t2SnREZ01tdTNHRDFCdHhlM2QyTVZkQjlhWTAxSlBJSFFoUU9ld2xpYUpzbXNaQThUeXpkOVBUZFJSaUo3bmhjSjFfSUtNY3drUVhpUnpvaExBTi0yQzllOGZvWXpGWEV1U1VNckhfRE5XVHNGcG82UUxoVnJXSndtV2RTdWZWeURyUFBNNE9jWkllMnNR?oc=5,1
WSJ_Politics_CR,https://news.google.com/rss/articles/CBMitwNBVV95cUxOb0hMUzdrTmlwR0N0VGF3NEdPQVV0dkJ1ZTNnNTVsXy0zZkUzNERPYW5ES1VxaVUzR01SS1ZjbVE3bWVpMkdTcUF0dnhwNEE3OXBRbU9USWgzMkZrMlpSem9RVTRjUnR1bDl6ZE9BLWlYb0VjTG9BWURXVjRvNW01Q2lFeVVBcEk3RjZPUjN4ekNVLWdCTmxDeUNSNkplZ0hGNnJNOFZrbnVER0NneGhkaDd3M3R6SEtBR095ZURiMlRHNE9RZU5pZmVfWFFWVm83SENwdE1DbUhUYW9JLTE5cWZ1MGVRVjVCWkFSMzk3eFNuM1lsMC1MYU5pXzBTbnF4ZTFCNFJ0aGRlV3ExQUdSTFFIQ0VfcGlHT1RTaHBTRzRDQlJXcXNvVmlRR2VvM29SdnNpUGdTOHdMdktvcUtUb1o4eTk4QkZGaEJKa3dsaVpGWkloQ3RNQ2Q2Q18yVG5PWEphZGZUMjRRd251WnN4Wk05VDQ3dTBtQ0dnX0M0Y1Iwc1pEbGtZSWppTVVuaC1FUk9aM2dzV3RncEhlZVNKT21xU2NWcmlMd2gtMk5KbUtBSFBSZTRZ?oc=5,1
WSJ_Politics_CR,https://news.google.com/rss/articles/CBMilgNBVV95cUxNRFF4Y0dQUkxqVGJndzZCM0ZRTjV3UTJvd2s4cmlvV1pIZ0IwNUtiUC1pcmZGYkt2d0tfN3NETWhtdG9fU3R4bGdfMGJCRUhsYUdWWlY2WDVoRmlIRDBLa3pKbVBOYnpwZ1VWR1hYcTRSZm41NzMyam9Jd0tpLWUtMXJkU1d6eWdlQWlVcnM1MzQyTVNSRldXdWtSZko1MUp3MFZremVRUklsRGU2Uk1wQ1FBQmN6RDNuVHpiNkhCc1kxaFZXa2JZemVrTi1peVhXMXFJNmJ0bmVJbzJvWG5FLUVHcGZRYk9zLU4xZ2JZT19PWUJSQlN3VlZtYmRmUG9YSnpKU2VaVm5OeXhSLWkyYW95UGJVUUNqMm9JMGxwOVJQaFR5RUlORnlJZmMtTkc3STdZNEp2ZUZaRmtGZ3dhRGlCSnRnUEhpWUQtcC1zOGdraFZPRmMzYjJBNV9yMWlsUEprVEFEUmNnRGlYVGU0WG1ITmF5LTJqaG9EM3NQcC1uMGpVeVZydnRIUzFaZnRaX3l4SGVR?oc=5,1
WSJ_Politics_CR,https://news.google.com/rss/articles/CBMisgNBVV95cUxONFlHclNFSEFEU2ZFdVJOakpwSEtxcmRBNzBrMUV6dEN2V3V1VklQQzI5T3RnM1E2SUo1bGJkbDdFaF9yLWs2OVotWFVxN1JyYl8ydUN6WmRvWWd6bEdnSjlmemRCbDRvZHprV2EwX292U2JUYk1Nc0t5NllGT0J4aXEwZDh1akdCZ1VDR2FjOFMwa2pkQUZrYnFMSlRJcS14cl9Fb3RkcUFaWkN0RWRSWHNOaHM2MEx5VXV0am41WGhCZXpoYkhHQlZEVWkxWXBYOEM3MjRlQS1kS2ItZFJ2TkZVV284aWM1akVMdFdXRnRBRkFKSjVfaFoxeFVFbVN0S0djbXotN3MtdHowUlI2Mi1oaV91dzNQUzA5WXV5c0d4SnkyWU5OaHg5QW1Yc3Z2RU5HZERGaEZUMDlPUkQtcXdGZGRMa1hRT0NmMUdEUjhBMllQdklLNzllRnp1RDNtVFRUa0I4RTJyRTh5cFdodThsTENiN0NSeW1pV3pjbU9vRVNmMnZlT3hkcjhlclNnRUpKSVVIUjVKZl9NWFdCaFlBR1pMem8yWnM0NkZuN25Ydw?oc=5,1
WSJ_Politics_CR,https://news.google.com/rss/articles/CBMingNBVV95cUxNb3p4OVpnOXNzcjhyMk55VVlMcVAwcXczYldJTEVpX1pUMVhJVDVJRU13S2FxSEV3Y3c4SDB0eXN4Z0RPLV9uaW5kNHZMcmktdGM0blZCVm1QdEQzeU5FNVVfZHVUczZGR2IteEZ4WTB4aHJuQ3N6WGptZS04bE1CQzJ2cnJTcWJMYTJOcmR2TWlJTnVCa2xxeEczTFN4T18ycXNTalBVd2hVSkFLVE5IcmNTc2tIM3ltTG9qRl9VY0NuQmNOTzRNVnZHMTdqdEtkcko0eHVpa3pQRmZPSmRyR2NrUVRMNGZnbG1lUkd0R19wazdNYlhIcTgtSDA4d0JaOGtSWHRjcG5kRk8xRFJweFhhTmJuXzV6YmNKNmRYR1NjZU0tNlVpNnp6bVhOb2M4V2dvUUdNeXdoR0tFMi1DcDNrYVJJU0tpRG1lbVdSb2VVZjE2dUJDUGlhT3pIV3BnWWRmQlkyQzVJTkNYcWg2MWlzVnB1QXRJUDBjcGdRMlpBNHhxeVktTGlZZkZQemc3OFBfOExmUXVqa3BEOWc?oc=5,1
WSJ_Politics_CR,https://news.google.com/rss/articles/CBMiiANBVV95cUxOVlc1Qi1mLXpTTng2T2FKdEdEdWd6WEpUR25Kek4zd0syc1h0VHBGWDlJMFNmSXJOd05lU2dOaUdvTjNkeGJFMHFveTA3THZ2UEhUQlJHNVhNU2JZYXFTdE5FVkxBTmx0YVR5WXBsVEJmcDhDQTR5NkIySUpFVWR1aWtYOVNpdFE4VlB0eWU0c2VFb21KcjIxSl9kQllZWHR1UFN1aVE5UVcyaHprTU1LZktoQVR5M3BYOWszV1ItR0ZrRWpVMlYtMTQwYTNTeGZuaWhwNkhTZVRKYzVxN2ZxeE1xSl9Ha3N4dXRIT2w4ZmkwblJ1bF9SV2ZFYXMxWjE4YjFmMUN6VEpOMEJjNFl1NWNXbkxPTjRRS2cxdXlMWENlaE80Y2xUMlc5RG5oME9Na0Z5akZsbzNibGNmWTBIVkpkU01GSzladHNVQzVfa1prM2VRTjlSNU5razA0NFk3Q2wzbUFuelJkT1VsNXRYbDhBNUFueTRVSy13ejZ1eWpXXzBvUnRMbg?oc=5,1
WSJ_Politics_CR,https://news.google.com/rss/articles/CBMiogNBVV95cUxQcVNyUlZmWlpZeURIQU95LUVWTFpFRlJ0YmlOOEdpSTdySjVSTVdIbzl5aGJMSmNoUjkwTXZUODE4Qk5KSzRZU1h2VkF1X0l2X2NvYkRVRlhneWNGN2dtb0ZaYl9qVlU5ckxySVk4ZGhyZVgxemJnd1k2Yy0zWXRaTUg2R1h2UUVfUnVINTRaU0ZpWldBLVpURlBEU2RXeE96U0x3S0NzV0lIMmVkbUtrUlFTMEVXUzduUmhreFRqSy1aWFUtMk5uWERPS3NWQ2xhU2EzNkdacjNLM3d4UGhSbzQ2TXhucU9iVDBYZUdaX2ZMck5JNFZTU3AtbEgyZ3l1SUwtWkJMeGZCeWZXekFFNWtUZi1PZU5val9JeW1RZklnMVNpb2MzVzFyM0VoNmhWX2NDZWZnZk1qeGozR2tvV01ra2JGbjIwNjdxYWhOR1QtNzV3ekEzd1lHdGlaWEJJQnhTMVAwdzNrcUZIOWg4RjdzTUFFVlR2aHFDcVhIUWgxczlILTg4QXpPSVBnQUdISXlaUDJsSjNJQ25fN0NHaHB3?oc=5,1
WSJ_Politics_CR,https://news.google.com/rss/articles/CBMisANBVV95cUxNWGZCYVZDclpVOGVOTnYwVUtzamo2anJhMUp3blNiSUZHTVdmM3dPWHNRTGdMN0Y3R1M2V09iZWhFWHh1UFAxZ1pjZTkyMkQ5UVlmQXg4R1lDSGdmcWlKa0o5M3A0bmJKYXk3MERwSzlneXE0Wmd3WkxzQjRZR3B3bnNxRGlCcFRYbVg4TldrQ3UyX2dpZF9DVmYtbTdMbl9hYUlkaTRKYUhsYnRCNnl2NTV4d0xXY3g2TVNBMVFPN3RlTzhHRExBdkkwbWZPUFVHN0NYcmdtQU1kUmVHWXpPQVpBT3NST3RSREhZVEJtYVlBYWZVWWxrZjVXaFJCMS1Pdk84dGE0TFhTeUFicG5NcmFFMTNHbXhXQ21PTWpha0Nva2dDLU14Y0ZpQmFKNG9HNHc1TEhQTjhfWkROaTZRSHpnWEE0eGJkM3NjUFdBU3JxaHUzbFh6YVl6RkQ2NGlKa1hjeGwtNUtJaU9JSlFLbkpFOVhlcERXMmszU005M2tFTHUxVmtaSTZwQm9iRDcta0tmbWpFRHRyLV9kVEJqYnBJbktObmNCZU5IY3A2Skc?oc=5,1
WSJ_Politics_CR,https://news.google.com/rss/articles/CBMixANBVV95cUxNTWxOYTc0a01VeEZRRVVadUJGb3RzRFREbE1DV1BYOUM1NmJ0aFVVYnQwd0J3bmp2MV9TVk9ZQjdPQWVMVGR1TS1CczdIZURET3hmV2JWamZQc2hmX3VoUW1OV3VpZC0tc2VnSWRJZGplc3VONVlGUjdQdms5cjJYVHVLTHhORlVhTXZjQjFsXzltN1FDNjNqT2hRRUpIOHdRcjBJTVFEVlZHWTNtamFOSFZaaEo0UXh1WFVsdWJESzZvTzZJQ3ZOOFRoY1JaTlB3TGNaaTE5djlRYkVfbEo0dUFaOUQ3bTFTQ2VEdmxDcHh2WElxenoxWEI3dHRKNEpLbExHaGllM2o1ZGV1WS1jdWsyTXB4ZVVoZEVESlFaYzJzX3AwaElvS3hMRlc0ZHRwSm52aTduQ0E3SV9xaUVsUTJtNDdnRzJJVE9LSzhFQjAwU25oSnZxNzNNUEVZeXhqYTdiVXQ1dVdfMWhPQkVIOENXS2h3eUtKZ0tQTjljRXBTaWF6M194ZTFIREpKOFFXS0FqQ3hmZU5ESVJ1SkRVb2dCcUcwOV9JcVZJY3FNM2FMYS10STRVZ25kczRDbUU3dEZ6bg?oc=5,1
WSJ_Politics_CR,https://news.google.com/rss/articles/CBMisANBVV95cUxOZ1N1UW9BU3JpSFZuOHVLQnNUY1hrLTc0S2RPSHVSc2JELVJaa1FqRnUwc1FUVnpoVElGaXpMN1RBX3ZLX0FndGU3YWZVV3lxQkxIeGRVZExQUE9nNUdKMUFxb0NsV3RaV01KNXMwejJOWUZ4eU5LX1NOV0tmUGJVajh5eUNiQ04tdTJwTTU0MzVHQzlleE1CdzJldjZhbExXWVpGQXBMZHZTUnhJa1dRb2JSbXdyNmNvZHpIMWtVSUdvWTA0ZmkzYzk3cXE5Y1N0WTRZdWZDZ3BrZkhSOXk5VmZxNU9veUU3bVNoS1QxZFAwUTdNN0lkV3BYeVFfLXJ4STdKbDB3aGY1YlNkY2NGT2V2bmxURi1MOGlHQXVoTjN3MjR5aEVqeWtka0Zma0Fkc3NyWkp4TjhlVHYyaXJDdWpYbHBnbUh2aTBDQ0NjRVZRUW4yMzZCSDJ6M0Zmb3lKWk5ZeWJpWjRQc3JjM01QeVZSRTVid2F0cnlBeWd5dGpWeWJsQ3BIWks5T1VNRER4WHl0NFUwajNONnVCN1pic0hLNnhQaDZUY01sajhvSVc?oc=5,1
WSJ_Politics_CR,https://news.google.com/rss/articles/CBMikwNBVV95cUxPZloxekZ4R2pMSjJGQ0RFVUZEQy1QaG80YkdlcHFwdHlDaGY0Q1lnUC0tdTl5TUZUdlZBc3kyU0YtSWdhenlEd1Y4UWJ1djFZZ0psLTB6WUl2RWpJaHlJLWZJRGtJVkRNa2hGTTdXcTUyUXpEMjJRUnhfdm1BWFJoR2VVQ3RVTl8ySGhhMk5zYjJIWmY3ZXpUeHRCa204NnlCMlN0SGxDM0ZvXzMtdzU4eFFBVy1iSElIeWljV3dhWmF0c3VieGZaWHN2MFkwTE9LRUV4eDl2dVJ0bDRPLUw5VnJpT1NfTy1NdncycXplUVdIVVV2bEZXYnVGbFZqVGJrWmVJYVplQVdtbkdMWVlrdElReDE2RHMybU9RT1RTaXBFTkh2d0t3aHI3dk9HMERLY216M3dZa3cxSE9panJBUHdrSDdVTVJFcElEamRWMUtkTzJRT1Fza081NUZ5SlZWVEU4aGZZeFl0UU5jUTdSQ2RkTGxyRTBWQ043TTU2WFRPbnF5dTkxby1BUGtWWE93RXBj?oc=5,1
WSJ_Politics_CR,https://news.google.com/rss/articles/CBMikgNBVV95cUxNQmRURTF1WS1QNHJBX2FlQkN2QTl1S3Qwam9GZXBLYmVXaUZydkwzM3ZkWHVEbUp6Ynl2NGRRSEZycU5aTk9NRkNNTkxlUEp1VEV6bnljUXQ2a0lhQ2dkV3M5T25FNkdNaFU0SC1FckNRR1MyUXIyQ1hEWGJud3VlV1I5OTh0M0pEeWZ6NGV1b1I4WGhoUkZrY3FoaE5xUVZoc2h1TVhNUmo0OWhoNEd6WHJDdEhlaWlwMHlXZlBkMWMxM25mUkNzLVdMaVpDYzZ2S3NjSlRaWlBRQTlhQXB1M3pRcVYwWVVFOGJvb0JndUpEUnJoZnQ1c3YwTGdZTXJPRU9KdFJvLV9laWdod1JXSmU3NlIxelkyZjg4UkN6THVjdjRyc2VBcHFkRXlmVkJteVduUmtYMDBQZXNnOFVENEVCREQyNG9jUUl5eFNGX0RnZjBvc1ozRktaa0VfczBYTG92eFRjLW1hLWlOMWExU1dJM0VMbmxvblJLaWVJcWNyNWtQS2Fxbzl1cjJNZElHeGc?oc=5,1
WSJ_Politics_CR,https://news.google.com/rss/articles/CBMivgNBVV95cUxNdnBtVERhRWU5bk8tdVNEMEtVd09IR0diRFRGZWZwNUwtMXRHcTlJeXJ5WURnZVBkemk5Z2lIRU1LQzQtWklydG5UY291RUVvcnROb0JLU3VXY1M1RnJEVDZoNUgtbUV4emZWREk4U3EzdXM4OGo3b1dWVjBPb3ZIdzluUkJpZkJXb0F1LS15WkNLQXBlUjExa1BMUFEyZll3c2FfZTI0MmlzOTQzbnN0U1V3VFhpMklNT01iUm9MLWFCTEVDN1MxbkNsbjNnU0NVYldaSFFzaGZreW1VbVF4bUVUU3pqR1UzeTVWZFVnNHBYR1VIUVMwbWJiQWFtd012dENIYjYySGlKU1dwSTFfMjBtVkVHR1FTdmF0WUd3d25uZThmQ2U5NEVRZ1hfYktDOXdCdWNoRUtTNDdMb3BzaHM4TVBBX2gybUphdWhjazJYdVlxT1dvWTcydktJYmU3VFhYTVliWThxR21KZnRIdzd2ak5MN2RTOFNMeC1NM29FX0JFZ1VzUTlSemtfQ3A4TUJSbHVKbUxsc3k2ci1kYThZc0VRdFoyRUxobkhBaGdubjM2V3B6ZzJvZk5qUQ?oc=5,1
WSJ_Politics_CR,https://news.google.com/rss/articles/CBMi_AJBVV95cUxOaWZTUElxeU5YbUF6NEhWOHFVeWd6dEdXQ0FwV0NDczUwa2ZRV1FmMXFTdEQ1eFRxTzBPalZBUkNGa0dLZGhDZDBvWjhZWUZ5Q2pWRl9kdW5tR1NCQzh0RkplVHBXdE5KMURXNmNPZkRwd1h5REEyTDgxWEJMZXFnYW1nYjV5RDlRRW5iUjJZR1JuT0VGOUxaSjlmdld1M3l0bGd5X1c5MUIweDdkRWlVd1c5bGN6MVl3akJDS0RoZk52ZE5FaHhVc0F1WmhaZWFZYzNnM1hlMXFRbVFmWElnYnBCdFU3WDFSVUxia3pyU05uZ1pxSVluOTZ5M0NfM3lGNDJjNGJaa2kwdmZ0ZmI4WHZfT2tHZzhNSzY4Ujc1SXhoUzE3WVRLckpReGk5VUFEcXZ1bElNbEVCbVhfcWp2Y0p1THhKWXJPUGppY2QxUTFwLXNrbUZLbTJsVGpiaVg0MmkzdG5STmM0VGk3STNXR0d0ckkxMmRHX0EtLQ?oc=5,1
WSJ_Politics_CR,https://news.google.com/rss/articles/CBMipwNBVV95cUxOMklqaVFjbEhqMW01cHRpSWhtMHo1Vl9xbXI0OXB1elVybHduY3c3bjFqcWdiQnJpcGt2My1mLUppR29FNlVrT2o5UDBXUk9lS2FNOWQ1bkRHZlpTZVpPbGk5TGVRMmhfV3JuSmdyaDNiZ0RyOU9rTnJQSVRmZlh6UUYyNEh4V2xqZm84NDFycmxJZFctMktIRkpWQ1BnQ0NHNVNXeVI1ODlZelAxeWxqX0R3WkNvVkFvZWREazVMZV9McUJQTExfLS0yNkw3MlFsTFpVak5RTE5sUms5d2hjSjM4WF8waXdUR3BkY3lpQnZvc1Nyd2xHNng5cEc5Smw5ZzBweWx3ZzBFQzZqekdjbEY3di1kbWdlUm1FbXFCN2JkX3NMNWs2ekhxTDVWeG9iZU0wZGZOVmVtMmNUUmtXdzJaVUs2ZURTMmZSRFlIemoxczA1TXM4WkZDd1l6WEprajlkY1RMRnlZVmM3NS1QRG5xQUdnNnpPcE9vcjgyRWo4clhXWmVEWmpBNHVhTzBUTzhNbmlHZnBsOXB4SDlTMWE0aXhmbjA?oc=5,1
WSJ_Politics_CR,https://news.google.com/rss/articles/CBMiiANBVV95cUxPRWMtbWtGUXRFVVJHV0o0eHFiVDFKQko1LWlJRUlZbl9xWUIxdEhHX2pLd08taEZTNFdwR3VpbkdCMk5WN0VJU3FmQWFYb1lldVdnNmhJRnlYdEFQQUE3STN4akxNYk84VkU4YTFnSDNfN0FSME5fNjVHTm9qVXZJc2RzX1N6ZWRWYzVzRzh0VERKeTZSX01QZkxDR29EUWQ5UXEwMVFNLXU2MHNoNEswTGpTV2gyNmgwT3EtTURSclV6MnBOUGZqd053ZWNac25YRXllUGZ0ZkZuc3FfbE9XbG1ReHYzalpSR2tfT2Rzb0pSZDIyT2hjaDBUbHBmOGk5cVlmN25OY0JmZ2hXUXB2NC03ZTFXTlNZZHFkLWZ6WjJ2MHhYVkhOdlhxUkNLazdDbk1FWF9GcXV6OGhTaDNzWm9rcWgyU3NIUWFhMlZMTHdZQ00yRWtpd3YtdkhhOF96bXp5bFQxX0RHcXVlaElHS2Y5Yy1pNThodUNIYVh0ZERJYWNraG53Wg?oc=5,1
WSJ_Politics_CR,https://news.google.com/rss/articles/CBMiuANBVV95cUxNMzVpWTd3dUduN01ZMktfQ2ZPbmtabFlpaHUzNXhoLVY3eE1FMXVhalNKZi10Ukw4Q1g5YmtDLW9xczB0MVFBM0xtRllabDVlcEhUMVlhRUwzYkRtaDBJTHJYT0hYNi03M19COHB6VExiS0QzQ0h2Skhxa0NITGRWb0E5SWR0N3BPZGYtT0RuZXVQU1h6MUtlVXRpLWpKNEhPYjhhX0R3XzVjZi0xUkpQVE5YeWtzSEllb2ZzNHFEb1VPSjNhYU0yZE1aQmt1VWh6OWhLV2lSWUd4STNCckQ4MGk0Y1F4T2s0b2VDTURXZ3dkeVZXa1A4SXBjdlFQYnZqalNsNlVsZWlMWmVqZkRFa1F3bDVubkVXc1ZmQUNOTG1mdVNGVjVMaHpKVDM1VlA0RzhYNWFzdzA5Mm5HS0hrempsYUxGUlpNZXFuYWZJMjF6ZHJ3ZkJZY084UVQtcHR1U1B4T0lRNnQxdEZNU3FzZVQxX2FjdUp6aF9wYm1pbDJWbU5kOXNaQi11M0FGWllndHVSVXUtMEFpa0ttRy1CYmM3YzJCT3k2UVJua0ZEczk4RkdBQVQ3dQ?oc=5,1
WSJ_Politics_CR,https://news.google.com/rss/articles/CBMiugNBVV95cUxQd2JNODdmcGg0UEp5SFprNzFucnVJUW1nTEhpUFlST3F6SENGTm5jQnVlQ2hpVEhxRHEzQU5oaEx5dnBzZVNZT1BkNEI0S3Z6Q1pQVnFWOFdYQUc2N0JVUThlR3dEOHg2TTY1RTYzWlVVaHg1QzhYYUZwa2R6MjJzZTNiMGZETHhickdkNm1Kd05WQlAtMHpjTWctV3dfNGdnNTNxOFZXZkJYSl9XM1ZQeUJKSTlnYnBiZlZ6SmdOdkJzY0JJUENadXotVmlYZnVCVmUzUHZmcDFfc3hXOGxVZVpKWW56NmlRRXNCQ1lXci1MeXZsd21rNVJubDczT2RhYU1oa0ZZc2xYb2ZkLXJDSzNOYmxoUWFrRmZrOHlMTHBPY1MtRnpRZ2Y0eEI1WjNkY1ZBSF95dGVLWlRhdEo4YWNvVkpkTEg0M1kwUzZpS3lyQjI2UEQ3Skg4LW1JRVpOUGRIUm4wMTdxS2FoVkZNUUw1Vmxycmd4UjZLb2tBcnRJbjFtZXVnZ0htRFpRSGJXbUxVSzN6YTFZMVB2Y0wxcUo2Y3Z0M2lnM2hUQkhaRVpoNmVLN2lhQTVR?oc=5,1
WSJ_Politics_CR,https://news.google.com/rss/articles/CBMilANBVV95cUxNaVZKNXFITHBMdElDakc3YnJkaDA5cFNxbGJZYXItZ081dm00U1ZHYWNFUzF4R3hjMjdWN2k3aVFIYnk0Smk1SERpdllucGR6VG8wYUQ3TzdkRnQwcDlXT2hoWG43b0E5TFQzS3JxUUFKZlpHYnFLaEdYOUl0d0ZsWFBwN3dhaXQyRENMWm9KeW5RaHNpSVhKR3BHcHdJaHhSTWxLSTJkcjBVZHRZZW1XSmtWUHd6em5BSEkzdVphdTMxQk4wOEdZRlJVT3ZvTU1CZEszemtIa1BBaHpPWWVUb0pQVmxWY0FTRXoySW9sN1Fxcjd0RktTcXdQaDZGSEVjdnQ0RWNYbkdmR29zMWJic2tSVTVZb2lTSUlQakxwUjFxU3FSUHJJTDJVWVhpenpqVi1qTGlQVlhrX2NNNXdoRGNtTGp4dFo2ckFwOU92N01neENsMDFEUTFyRktKQWdUVUwyWlZtdmplNF9EMnNrODVmMUlqZGNHY3UzUGY0dl9XY1RkWTR2U2ZGRWFYSkNCSnNSSA?oc=5,1
WSJ_Politics_CR,https://news.google.com/rss/articles/CBMirgNBVV95cUxOOGJfdkJFcVlRbUJIUDlUMzg1d1U2R0pVZVA3b3hJek5oYnZlZ01pellranNJYlR4RjQxMm1nazFEZ0hkMjRuRHNSQ2xUMnJwR2xpSmQ3SGl5VWNuMHd2YnB3YkxhRXVmZ0dVa1hBTDdtREk3SGxlUXdsblV3akZYZTRfbl8xTy01QnBsXzU4ZmJ5aHJZTFNKaGFWVlhfM0k5WDF1dHRGQ1VCTTJDWkkyYWNFcXpwbE41MXhYMVcwX1dWMHNtUWhlQ0Y1eG5fbndUNGswSzVlNW1Ra2VrdzBpOXVfTDg5MHptNk1TUkxMRUtxWXMtdkJEOTdjdXgxWDFneE9OanlDTGJzaThfVE8zT1Z5cW5kM2Q2SE1iSkFBNHFWT2ROZXZIVVIyX2lOM1hIYzJJbEgwaU1OclRaQnlpUTBNTkgyaldIeXZ0WHhHNUtTM3hNaC1jU2ljX0hYb0FtM2l2X3hXbjgzZ0p5OTMyeXFoNnkwV1pKeWdTa0VRMWREY3ViYjdCcF9tY2NNMk9YMlFOZnZrRFpXcndMS2xHQWJGTkhoNC0xX0psTUlR?oc=5,1
WSJ_Politics_CR,https://news.google.com/rss/articles/CBMinANBVV95cUxQcEt5WFVSR1YxQm1LVjh2b3JuRkptS2FaMUNWc0JvZmxEN2h4Q1UtLXNVUERubTlkZHJ6YS1talByMDVMc21IanZNcWF1Y2JWSVpuN05SUG5uN2UyZmJHUHlnX2E1eWhQTU1pd3loQU9XOHlaSkZiZzViNERWYU13alN4b3ZJbW52c0dLMGphNWJIV1NFVFNpMnFXdkEyeW9vam1fZ1RVRTVwQnBBWnFhbWUzY2g1SlBLMHd0d3VLeS1kYWxmbVpyeDdxY2pEa0c1Vm4wNDUwaDdIRmRnUW9UQV9JRlhkcnotT1E0RkJLNnhLT2o5Z2pOZmVxYnZNaUFFZk5icTRlVHBZNXhJWVAxaEk3eF9fMnFXYjFWczgzczdsYktUekhwSlBQYXZTWnJhSWVGODkyZ09HZFJfbklYVmotNEd4UFZfb3lva043OUdSV3NxQmx0dHVDNFBTekZNb29EWlRESnNCOXBNNFJLS29PZHpuMWF3a18tTFlKeElDa01mY1BkeHkyUXFaWjUycW13RExUbnd5YzM0?oc=5,1
WSJ_Politics_CR,https://news.google.com/rss/articles/CBMivAJBVV95cUxQNy1FbXdFY2RvUmF5bHprTlNGTXR5X1ZsVUxJVmU4YjhrM1M4N3c4Y3ZSOE90OUhtMnVfbHFUa09sZklqZGZpQW15dDRhak0zSjZUNTFRZTZOM0FTYnJESDdOZEl0VTNjcFpkUmtjUm5nSGVuN3lBaVNuVkdYWTNJTXkxX2FYYkhOSmp1bG5aNVV2Mzhwc2lUb09MUVNLVFloTkJMZDhzVnBBTnF2QmJDQVFidURJNk9fSlAwSXkwdlh5cEcwNjhSZXgyaUIzRHBQY1RFdkI5cTF5MklBSy1tdmU3cW1qcUliallFak9OOUNDWlJ4eEFzdmw2TENlOVB4TnlhR254aTF2amNPVDh4VHVBTUVPZ0dQZi03bXRVNU5CYWY2LUhxejRTWV84ME4xT290REpxQUxYRmRO?oc=5,1
WSJ_Politics_CR,https://news.google.com/rss/articles/CBMimwNBVV95cUxObS0tbG01QUlKZ09MTk8wbHdDdnFYemRiajBuSzZ2d0tVWFVwMEZpN2VYVzNLWkRhQlBJeHdaeEJ4REVjbVRqb1VNcjlLMlpucTlCdm0wTUFSYmdkSENHeVNLdlJzOThLMWVhNkxzdFgyR2RQVWZEQ1hJS2N3NWEwejNRS0g2VmltenFVY0t5RHRHb0w5SjlWSmpWMTQzMC15VkhTZ201T2RxeUFlV3dKRVNrT1NyVEhCRlJ0Q2w0ZlJwRWExbUFwWmt1U3F4YWtKT0oxZVB0Zk93SWNhc1pRdGtUbGdWN2xNemtkUnE4U2dtN050ZU1INl84N0J2LTJlMktKRWtaYl8yWWhxeXIzV1E4dDBWb1dLa0lUWGtqbUpOU0RTbTdXZ2EzMkFld2lNRDFqWW1ud3BEV1JtSzNVM1o4VXM5andId19UZlVYa0VuT210cHB6UEY1QzdRcXh5TFVxYkZ4ZGxEQlBhT1FYd2t3WW5qNHlKOFVkU2hsYkxHSmI2U2FmUHhGZlZrWE9NSS1jMTdrRFp1LTQ?oc=5,1
WSJ_Politics_CR,https://news.google.com/rss/articles/CBMinANBVV95cUxQWGtzOEN3SFN0TXVkLXlrRTR4M293TWJQRnNfV0lFbjBlRXlPTGlQRS1oa3VlUkdILTEtZ2NVaGVpY2h0UkZCZTcwMVpkYW1NLUY4T19YeFh0R2kyMnVraUwxcC03b2dEdlFwRkxVWUt5ZDl4TmxnNlBtdmhiYV9VZ2RvYkNWUXEwWDhvRVFHNXNlT0didHZFZ0lkN2MtN1l4WjU1R3BDLUdDaGt1ZEdnMm8zRVByY1RpZ2ZyT2d4dzZ5NXl4MzlWdXBZcktFQzZJZ0w0ZzMzTkU5aGJrdG5OczNPMjZ0eWxWTG9PUWhTNWFLWndXLTZmWWRxa19wYzVVY180cERoeFJ3WWJfUUY5MWRhTmFIbkZ3bnZPajk4Wl80ZnVDVmlMWjNxengwZTk1RUVHa3BBWFhIcE92aENkUXZld2lLRWlaWkFHNF9wX0l0dFBaZXF5RkFoTHFTeFVadHZIdk1JRzlYTFlLNkJ1TG1wZnJzV1Zoa3U0Wi1fTkF0RWhGcnREOGYzSlZrMk5DdHU3SlVWYVBNRW9C?oc=5,1
WSJ_Politics_CR,https://news.google.com/rss/articles/CBMixgNBVV95cUxNLVBMOUl3dUgwU1ZQRzh1UE5vQ3pTSGhXRy1STTBfdW5GRWhvcU9KR2NpX2VhUlBLUFk0QnAya1RJcmR0SlVuN2N1WmZRcG5nRF9BR1l4ZEVDTk0wdFdCVy15YXlmTmRkR2NIVlFvXzZMUkpWWk4xLTg0V0VMUTJ1T2Q5ODNINTE5Z2N5clVqSFlDM0pFNmdHSUhhc3VqZG5rdDhpOGRhcmhfZHZHdXJPMGM2akRPTktJczNuSXh1YS1IdjJyNGdqVDkzZlZhc1JpUXZRbXlwMmVPVEk5TVZRb3dLejk1bGYzdkhQVDZsVy1MTEVEN2ZPSUZzcTlTYVVQMEdLdWE1ZE15TC1mcXM5dmp2c29JQmVQWkVmYlJndnRqSlVfWkZ3M1JiRE5RMjZTV0xFREg1ZGU0bWVuQ2kyMGhZbnVxVmNYejBHVW1QRGZiQkNxdElPZGtxc0VTRlRzNlQ5bG9JUHBQMzRoQkV2U0RlN0hWSndyb3FzdXFOMFBWcmRnQTU3d2tVbmliVm84VnVGSXpPLS11bUMxYVFUU1g0TkJoa3BVY0Z4bzlXRHRTaHNEUVV5TWhWR1FFdHVsd0FxOTh3?oc=5,1
WSJ_Politics_CR,https://news.google.com/rss/articles/CBMiggNBVV95cUxPT2VtMDZkbGxtQWNmV1UyMERfd1VicC1OZ3JKdTdscUtMTHFwYW5qc3E0MjFnaDlyWGF5YmVkZEZuMXZ3LXFfTDZXTDZGbnpDMEVQM2FwalRCTHhsUGJoNzlsMGNia3ZkS3o0VWltMnBLLXZZTVNPcUZELUVMc2ZlQ082bjVmcjQxemFnTF8tZWY5ZG1IRTZrbWVMNXBMeUo5Z2psVGp5U1diQ3JDcndJZ1EzM1BEeEp2M1hDemY4S3RpSERqSDMyQlhteVg0Q3dhM0cwRVQwTFZIQVF1TlgzYmM0UzZnZDUwV2pkaTBhajZNLUc3ODFHV2hlcFYwNGhiQjR3R01qNzZJMmIwY3hxYnFqZDBaZVJNQjgyVGM4elBXcGRfdnlTOWZyRlR0VUduTHJrc1JyblFHYTA5YS1qd280aGFTVzFHc0htdi1SeloyM0ZhN1U4MzNFLUZZWjlyMGw1cDlCUTg4bF9wc2VjR0ZfNi1xbTdBcVNmQnR3bnY3UQ?oc=5,1
WSJ_Politics_CR,https://news.google.com/rss/articles/CBMivANBVV95cUxNYjBPd28zR1dsUGdlUWlFU21WMDZhZ05HdnBBSEZtRXBPbDVPX3h5YThvRFZWRHdhblRQQjlqVXBLamFRdzRYNXVIM0NGbGpNNmkyOHZGNnNFN3ZNQ3hGZXBRel9Fd083Zm1YU0RTQkVmNWNGQWlkVEtVU2pQNW9ZZG1zVjhJTnZyaUl3NUJuNFBtbUdaZFNtYTJubWpiTjNkM0dKUTVXYUJVSU5iZ1hBWFJrY3NPUnVIdG9DbWNYRmgxTGtUV3J2cVJzZUdha0lQTmJreEc1WWMwWEN0aVhqc05DYVdvbzVNY0FLUTRyWklXNW5GUGdQczhNbnpobGlCTy1pRG9GTzlpUEs5NVJmUUZrMy1VX2FfdkhpTG1kaXJWajE0R0ZGN0hfNVg3YkxLX21yQlJWWV9CbUdHUGc0dUNHcklNNDV1d25YZTZwdWdZQzVxRmNVbVgzak5jS25hQ0JtdzR0YUFKQkF4UEdKRGRMTU1tYzlremdLeVRsWHVDSTNZaFBoOW1LUHZvWDdsTERmOG51a2NDWjFYdkhSQ2tjanFBdnhGeEVPUXFPUnZsdkwyUHlhUHFtMFM?oc=5,1
WSJ_Politics_CR,https://news.google.com/rss/articles/CBMiqgNBVV95cUxPOEdhZGVTaEpGQ21pTFpFeHI5YmJDdmNrNlFOX3B6SWY2a2M4SWk2TFVnNVlJcmNST3dMY1V3c3p3eldDbEpVQ2plcXFtNjBnVXVRdC1hOXRSZ1dlODVwbGk3VGQ0NGF2ODFYSzZmN3BiT3oycDNYVngzcHE3LVNxY3JSdmgzU19ZM0pmNHJnU2pXck44NlEwVkEyT1JVeEFGaExWLVBDRTdjVU90WEZ6TGJXcVhWSnk5WnY3WmJzQUkxRko4UHdJSnEyak9lLWlPakxnT1QzUkgwQW9pWVR4cU1hbFM0V3FWN0xYeVFiMkhNSHVJQjRydnNmQllDQzQ1Q2ZOY3c2TUNqQ19HVVhJaUlzYW94VE05dERJYWZ0TDFITlZxNWtlbnVFVzlrNGdQSGMyOE9JdjhVdmktLXEtd1NwYnM5MVd4YnFTOTB4UzYwNFh6ck5hTlJsMHhhQjJEQmNXNkRYS1RZMHpQLWhZMFZhd0hyYWlfS1lBNEVvY2RfOEZfMWJJTGJZZ2dCYVNJNFBGVFF6QmFsYzZwdjFrT09HZWh2MzdPc0E?oc=5,1
WSJ_Politics_CR,https://news.google.com/rss/articles/CBMiigNBVV95cUxPTlBZcmpNMzdQaDViWUJ2VDlQRWlZQUFBcFBiMUFrc0daWWJpOFE1RnBZVUFHeVd3eVBkVXRPUnV2Z3lLTUZiU25LVEQxWTNKTUNkdjFaZlNZMWtNX0hCNTRicG9DYmlBVDhoeVF4N044R3JLNEtHWWlLc19NSDQzWFp5cTZ4ODczaWw1eDBqd2pOMzJVUloxd2tFaUFwSGJvZ1ZFcTE3YXhQRnN1TXhGVUhPVGxMaUNtVVVpT2ZodV9vazlqYndidzI0NVVqdV9vek1sX2pGWWN3b3dhRkowQk05ZFdOSC1LaUFzZHN0eHJfNV9FLW9LRUs1b3ZBRzhvdnVTTzlMX0s4NE1mRTY5ZFQ4U25NNzl4NjZXU2FUYnlNSF84c0FCcXNsemNsOXdYSUQ2UGtSbE1fOC1fZ1JlbjN0RlRyYkl5VUNWYmVYQlZRUTZCYXhSRGp3RW9lalFWMjRNUlRrWUVGR0JuNTN6WXZrNFhmUDFPUktLcndqbkVZWXBSWk10bnFR?oc=5,1
WSJ_Politics_CR,https://news.google.com/rss/articles/CBMi4gNBVV95cUxPSjc5N01DUF9uRVhvcnBHUUJoOXoyZFI0dlNhTnJFVHJ1X29mRGY4YndXc2hiWGp3Q3E0Y18waDgxS2s2Yk1pNmdhWE1Ib0ExVXpRMklxN054LVg1ak1fZjlqcjhseDdEQTNGSzVhTUFXOExyV1NNWml0MmFHUXZIbzBlZGdUUnhkd0s5TnlsczlMVEFlRDBmbFgwd2c2ak1NNE1ZbzFhUElsU1dZc1Nsbl9ZNFVXSEVuMnd5U1dDWW9YWjNyblJITUNrMmc0UTlaOTBWakRIMVQzSlRKeHBoZkszSW1LUWNkUWcxenBLek9RbTRPVENrV2s2dXBReThPb2owLWNiN1pTektjU3VDRFdRNFAzVy1XOXdrQmpNT1g5RFVEclJWNGUyZWR4cWRmTDVnTFBtRE5IOFNQQWNEVURCcjROZkxtWU52UjlBcU9ENUNJVnJNNE94bGw4ZlByVE5tQmVLNWJjRE5vakdVM0FLR05NZTlhYW8xd2RVcVBNNkZodkNTT3VsV1BQNExsSHhzcE0tVUJwcHJGVEVENUtHeEk4ODlqdzFOZHh5NlNQQm9EMXEtQzRKQVdrSmdwbnpVZTNDYTlpZTlWdHo4V24tTmlCZGdQSVJBMm05NHlMZw?oc=5,1
WSJ_Politics_CR,https://news.google.com/rss/articles/CBMi7wNBVV95cUxNMGgycW8zWFdIS3lJSUhNVjFmMlQ1N3BGZmU2UWwyLXNfRjZic04zNC1GR2FkWEx3SlFtWXNxa3pBTzY3MDFOSHkwVHRmZldOb20xVUlPYktVYWdFUENrZXRGbVFIZnltNlpwMUlRN1BKWENvY2s4ZGJYeVE4YjVfaldTN0hGek1kb0ZzdmxEam1KWElKYTdRRWM4Q1ZLaTZKT05XSmFxcV8tU0lXaHVNcXByZ284M2I4a0djVjdJaVBpXzcxWlNRQjFpQjFQaERabzMzMTBQdUE2NW9YMW5wd3FRVUJVeVpDVmxJbWJKajB2elBtZEJUMFZscmJJWU9IcU83dkp2UFZIb0lQQ0h1NEQ3MjQ5LW5XajdvcXdWb2VGSnpNbzJ0MUxONmFMOTVaTHI3cTNWakU3UmVJWTNoZ3FfbGNSWmpGTlhuMTZQcjdLcXVIOG15YVdvZVZ1b1g1YjlXU1E1Vzd2ME9TMGg2RTJvUUVQS2JudEtmOTFnQW5lZnpJdWFDaVFiQlRhYWxJa1hJRkRuSjlCNDRvV0RZOWVFNElkSXg2bEsycHlaUmZTNjJmdGRrUWt6alRfbEFtR21BZThLZDVzc0l5NjB6WjY0SExONzVsd0ZhRmlYWmI0SDhWSjItYjBfNEhUUXc?oc=5,1
WSJ_Politics_CR,https://news.google.com/rss/articles/CBMi_wJBVV95cUxOVkh2MHk3ZmJlMVJqcXB1dk5ha3hWSnN1QUZ0SkxUMlBOV0c3UkxYQV9iUURteHhLTTFpMnpBdDdwWmlkMVhsZzE1alBGM2NZYjJvZFlIcnNfUi02Y01XQjI0eWw4RGFBWE40b2xuSm11aFN0N2NoTzZXbUlhYURNWDFxT0FYRU9TT0VEM0tNNGktUUFWTlJ6SjJDbEc5emh6b3YxcDFiX2s3TVNmX3paZTJsbkpXWk5vY2hsNkp3WmctV0pWY1dCWTBQTU9zUmlCTjVvSjNDMWVpSkwxcWpiTUtIS2pzS0VJQUw2WTB1SXM0X2E3LW1xSHZFMEVFTzhseGs1Ujk4NGwydS16QzRaWjJwNEtaTHRjYTl2NTdOZHJVYXFya2tiR2k4elJ0N2VaSUE0NkRONUxuRUVhZFQyc3h3SWw3MTRIbVNrLS1UU1piMTZRTnBNdE9SQUs1bWZQcFRpdVBBT2J3S2hYX2xPMFpHS1NQZGJoVHNCNGZGbw?oc=5,1
WSJ_Politics_CR,https://news.google.com/rss/articles/CBMi2gNBVV95cUxPbjJoNGRGU3oweVdCQlJ5TnRtWHJnTzYySElOSjB0c2I2T1d0MGhhSEVMOVFkYkxjQjVRZm82bEp2eTFKUEpEQ2djWVoyTVJlZU41c1h6VklrN3pmZXNHZUZZd3N2TWhOckgybVVJWTNVUUs1S0Y5VnB3dnI5eFJtdE5VZGVYYkd2Z2tqVDJHNVZ4UVVwNE5CSllFWUh2ZmU3b0JDX1JNLWRFNVB4SERpNWMzaUd2MGFHclNNbmZ0UnplTmVxMTZDQlYtQXRrX3hvbzRoOUc1YlRzYXNwalhGQm9WNXpvcHZZclg5YllaYVBFMTNENjBmV1hoMUY5cU8tMnlHQ3BQTlFtYkh1N2NfVWFOaDV5RTFrZTA0VVN3V1ZYM0tpd1pUS29XanZIOVpPbVVGT1lqS1FzWmNucUV4bXdjMWh4ZGczYXJ1akllcjY1QWdYTUluVVVQUG5lZFRXcVBweEVsVHpYWm1ZdWpNQlRXT2tENUxFdXJQX2pLTW9TcXQzUGwyUm94anhCYnRzbHhPZ2RtTldIV2pLOTRneXRnN2Rjdy1oajRMTnFRa1BDRWFqbm1TUHBuQndkRkk1MFMzM012c3lEZTVrVDlnaHlYOF9tUTBlQ1E?oc=5,1
WSJ_Politics_CR,https://news.google.com/rss/articles/CBMiswNBVV95cUxNTFlCamlsQUlMX294RWhKR1lDcjhuaEU1VzhJYURKOFFNVmltV3BwbFNEMEwzS3g3WHNiZmxuN3ZNY285YlVZNk9SMXdvM284bFNudG5zaExfeVpsWGwycE5xQkFMd3Jjb0U1ZENZZ1JLRXlqakt3eTdEZ2RuTDRUb2tUcTUtNDhvNWR5ZC1YR3N2RlEyeVVNRnZuOVRlQlJ4aGFVM3BKODNla0dEZUF3bkx4Yy10LXhIZlBWODc2R0JzelYwMFoyaktNdE9IWnhQSTI4WDVobkdDWTVBTzNBc0t2ZnlHOEVGNTdrNGpha1lBekx2dHZXX1FLT1F6VFgxd2RJVzRrMmVfS0dhOTZLUEtzSjNUeWJ1ZzVzVTlnZk1tMUllalVOd3RLR1d0QnU5S3N2R2EwNE9hZ0wtS3ZxR08xNXl3bDNWME9JbVI3a3NrODVxMHkxck56V1E3cmhGamNPOVJUMXJjWktUeDBLSWU4NWR1TzNSSGxhRmJud1Q5SHBRUXltX3N6MzZ6dGpVeU5wcVBUb3lXZDVSWXJjVUdFNTJfWGhKVU1NQ0pmMlZkeEU?oc=5,1
WSJ_Politics_CR,https://news.google.com/rss/articles/CBMijANBVV95cUxOb2J3TllpeW9BRklTNzYyWEpYd0pqYlAxRzVnall0aEhJQlJtTjNuRmNOWTlYa2xhNkNJRmlsbi00a1o2VnlkczdlWGx1NkMxZE5MaDFEcEtIaVgzdk14TnZ5X2l5eEtYNjNEWnFPYkJCUnRJRFd0LXVsZkpKblZHaHEyTHpsVEdFbDhlNVJsd21HbHB5dDE3RUpWRkwyUlVoS25FNGVKQjg0UzZUY3RfVmhrU3hKdFk3blN6ZmRCczFnMHpXZEp1a3FzZ0lfQnhfNFkzcWhaTUxzd2xsZHIxampHS0d6Ui1fV01Ua3hOdTVaZThDYXZ2TnNFMW1yTV84Y3IybFo2N2VKNml3bHFGVGZ5c0d0d210VEpXOW5BMGd6M1ZkOUNaRm1CNU13RGRHY2ZuMHkzWHo5MnFWclpYYlZldUZRbExyTklqN0JjRldrUXI0UlVPSTRFRDl6ckl4bHIxUjc0WG1Jcl9XODMtY3VGUkZMT290bmtKZjFvS0xvMDFhckkxUUdsbDU?oc=5,1
WSJ_Politics_CR,https://news.google.com/rss/articles/CBMirANBVV95cUxOM2hFX0N5YXM4ZlpOaGlPNHNoX3FfU0JaZGtKcV9XZmlvc2F4TWJNU0FNU2ZMbmZVVXFPc0VNUFdNV0ZBaHYxcHo2UjZrZElwcTR5cklaSGtDbEE3djBzMVBWLXZUNWxackNIcTlfNkw3UWNydmhJRjV3MjVvN2hydHN2dUFsMU9QRkJGN09OSXZQdkZ4dVZIUjA5Z1FMLWZCeVNqdGQyb2FtNTZySmhjVXJEUVEybU1jdm01UnI2RDdwT3Q0Mmh0RW5NMmo0TE4wNS1HWDZiTVo0Y1M4S0E2N0dfOFRBaUEzRTdRODVkdnNhc3d5Z0NpUERzNS0xbjJiYkdKRV92am5XRG9yNjVURVQ2anlQR1l0THNOMkJJWHFPeHo3VTFiczNNQThQTEd6OVB4eWpLZTlxYmFPNmJ1NE5QcndIak1TX19ibnMzYmlJVWxxUXVDTE53VE10bjFOSUUySVNZLTloZU9fNmxhQjluX0FfMWVyNmp2YVh6Zkt5N0Iwb2ZaN3Y3VFVKb3NzcDVFSUZ4UmNnNXZMT3ZGWEZCX2luZ3FOcFZidg?oc=5,1
WSJ_Politics_CR,https://news.google.com/rss/articles/CBMi5gNBVV95cUxPc05aSjlLNnJwbFlqN093N0Q4aDVVSXhXODFDbUZMRHhGV0ZTUzhQcG04MEJrbWtQTTlpVlZ2ZFNlblRUYklFWnFwSXIzUnVuV3lXdXRvaUNrc1F6cW9WbWJTdjMwbzdJRnBQZG83Q0x1N3ZXNnAyaXdEcFZ1OURuQkwxV05BTHRGajAwTWZtYzZMUG9yYjZSVmVmLWt6bHVESDlUUVFldGVQTUxfYjFRSGdobEg1aWlneVRhN3ktXzBaUjNWQ1RzQW5iUWNYMVd1UnR2NkMxellOdGo4c3JCUUdGdUdXOGQyTGpmb2hENV82OG4zM2NqVHNOMHhkNlJrZmtxeG1PZlJfeF9xMFdCX0hEYl9KOVVPUHFCaFg3U1BYOWdHYWVtOGM2d3dHOGZ0ZGo2Vnl5S0daYzllRDcwdXFVUmU2M1NfSllDcnVxV1VtUmp4U25SSHBfeG84WnlKeVFBLTlCUDlmNmVLWmltYUhWWXp6S3poZTR5a3ByYjRFeU5kd3JvREhrazNRMlRHT01hLWJpRTVROHZLVVA1T3FjUmZoaTdkU3VZU0JUN3N4aXllNmxFOG9Fa284TlRidk1SYmlBLW42YlVCRFVJLWNHTFNwSHU1YVEtbEp6V0NaY2hhQkE?oc=5,1
WSJ_Politics_CR,https://news.google.com/rss/articles/CBMi-gJBVV95cUxQVzI0UkdQaTNucjJjbkdxUE9sWGxFUTBjc1hhODE4cTdaYjFQbXBudDItdk1CeTI1TDNkTXdaOUlINTk3QTkySWZheXNkQ3dEdVlDNXFKaXJzenhiYWVDbkxIUlZyOEhFeU9zTDY1Y3ZMYWRZNUhjTHFHME1DOURqTjRLdGNlb1N6SzFTN0FTU2tqLWlkam0tOGd1TXBxX0dsQVhVNHVvTlJobFlNMks2QjdzbFpkTjg1NTgxYnN4bzZ6Zm5DVVZoa1pBUVAxWXlPMEFqQlZUcV9QQVNjc3J4Rjl4V2dFSU5Ic2o1VXE3MkVRUkVqc3M4WkQ3SXhZODJNdkZTT0FlRXlzQ1YxMHJ1b2pDaGp1eGcyM0ttQ25UY1FacFpqelVHRDRJR2ZLWXBYcm1PTG5kSDE3X3JHUTZ4a0libThTbS1DWGt2TDZMNlc5WTZ4Sl80RmpxNzVIN3B2OUc3RjNLSTJWR0ZTYktjZ1g1U1VjODJsenc?oc=5,1
WSJ_Politics_CR,https://news.google.com/rss/articles/CBMimwNBVV95cUxNbFM2WDRETTQxY0V4S1d2bkZNUm1Sdzl1OURNaG00bzVMNkgtVVozM1FyZmUyWVp5SkdHV1k0SzFFTDZScUQ3ZkttMm04QTBDdEZVdHNVX1lwS0Mza04wSWFCU3NUbG1qWUNTUnBuWnVaRF9NU1RETXdCZjFTN1k5cll5akpNVlozLVViNUpYOHhCUmZ3a0dDMG1aYnRPbi1DQWZoMVhiT2V1N1o2STJUR2pXaWhhY1ZEVGJLcHVhZ2RwV1B1TWVHSThwWUZ1NVBWa01zTGVLajM2RmozQWRVaUFQcnNqdW5UQktDcG5ybUtJR1hwaGd6RnZpcXRBVXVQOHdyMExLWjZZYXM2VW9TdUw0ZHJhbmxsZXdwTkp2X1JsRUt0MlZQZkpyclRoalNZWXNVTnFkbU9mU2trRXVfNzAxSGprZXlmNUZEQWMzdkQ0czRHeWVCRVBnYUFqUXdYM1M5T0loN2FTTDZXSUJKZnMwdS0tMWRjSzBhOGlaeER1NHVTWFhkTTFLSF82YlpUdWhTU0pYSGJCQmM?oc=5,1
WSJ_Politics_CR,https://news.google.com/rss/articles/CBMiwANBVV95cUxQVHNFdWg0NlNsS0xMSTE1VmhEVENaRjlWbkExZW94bkNrZWRsRC1aVnhiSTZ2SnVmbktlS2ZnLTBqVXdEM1A3NHZ1SjlDSy04X1dSZ2hCSVNOeHBLMWxWUzVXeTV0MmVfOFVJblRWT1YyMzhmbFR4OWtGQXp2VFBiMlV0aFl3Q1Z4ME1XUXVud3MtUW1UMmtoYjlJVTVHZ3BPVUJCVUF3Q05GWmJLdnZWd09GalF2aUhGc09LNmo3SVpGWndYb2VCazlJNkl6YjM4VUJKdDZSYkJuMHJPSWlUWEhhcUdEUDc2STVBUVMwQ2xEcl84RUxmZUNRTXp4eVRSY3VaYkRTSktDQV9vMHo2bng3UGJteHhhNEdveDQ3amt0UXlJWVpoYkVtNGVLcl9JYnFoUG1rcmw3NlhJYmZ5bS1kS0N5NFJOdGpCR3RFOWJKckFlemNHeUdiLUpwVEN1TV9EYXBxa1hoSFFzZVY4M2FnYjV5clUzcjZoak9WWFhMX0FGdU5kUzNOQ2pYbjRrRFNUeURiZzFuT0psQ3lic3NMUEJjM04wTWVBM2tVSUNpbGU5NXhjbEd0MG8zSDRf?oc=5,1
WSJ_Politics_CR,https://news.google.com/rss/articles/CBMigANBVV95cUxOVm50S1d1RUZkVEhhSzNQNUFuMEpyX0RwbDIyMzJQemdKWHl4ZEpyeWlSbmlycXFyem9uSDRvdWRFSlFrbERIY0NxdTN5WmFjRjNjbmJocVRmS3pkWXZ2Ulp0cXlQNUkza1VGRVpReTdENHE5Yll3NnpOdGlWdWhfZm5fN0FYeTBGb0ZMMzJwYzA4aEhrZGtMalR2UE1JejNSTjJqZnJVbG1aRjh2NXlwSC1aVEN1RWxkQUZTTFNrNEZxYjllQ2txaEZPRkFhUURFbGVDM2NyYlhZMGlrR0ZCWnFtNGNzRkJxX3FZblBIVU1IWEd4VWJWRVFzWVVuMGVOUEJSMVBSR0JEZHBUU2FfeWx0aUN3OWduTkM3REJXT1Q5Sm56aVZpQnczcFdrRVFSRE1zZnBUcG5UR1hsVG8xdkY2NTd3MldwZVhTWTZ1cFpBV00zRV9qQWdvbDRFVVMyeU54c3NkWnZaaHlybVB2bUhBVGZRbDhtVHNHRm84Z2o?oc=5,1
WSJ_Politics_CR,https://news.google.com/rss/articles/CBMivANBVV95cUxOU0JuX0dfQmpDUktqdExGSll5TEctQ3h1OV9TMmNkbERhOWdOVC1EcTdnVFl2aEgwUVlHRS01SG5ZcUVzakVCemZPbTdWZ2VaMEx0Wl82eV9tN196NDJVdEZEcXhhdnVKaFh1TWhHNl8tVmF3NkxvaEJtcS05TWtfNUo1Nl9xbmhQdU5aSWdPU19ielZ2NU9HN2JIQnJDa1NQd0dWQ2RodzRGbTI2Sk14aHBDRnExeVRqeVRDWF9OVU9HODdFOWY2U2ptODdQM2xjS19VOUlzQVd0TnhXblJHWm14djA4c2NpeEpKYlZzcDVSay13M2Q1dVQ0ZDE1ZkxFaGJHSUNWbGF6bWRVRnF4VU1yRUwxcVZ2V1dGNGdjS3BaY3doR2N3QVZSdlgyYmZPdlBkeU94aFJ1aER3aGF6OG81ZFljckFxMUMyTHhBOWlYNThZbnhFanJ1ak53X0dFVWFzOXl3OFhtV0x2WHJDNE1xMDRQNEIteGUta2dKWTY5cVJtNXFxQ1ozdk1uSWVoVGlDSzFkUWY4SGxHMWVON1lEWHBFN0NYY2ljSE1tYllTYnRteGtKNVd1VU0?oc=5,1
WSJ_Politics_CR,https://news.google.com/rss/articles/CBMijgNBVV95cUxQTnVyZVB5a3BqUVhRR0pCUldWWkQyWmNXOXc1OGFfM3Q5MVZrcWEwTU9hdzJUMklkVi1LX3R5VU9uc0lyUVlnVTZhSnZubms1QWxoVE1fMV9Yb2VOdkFtN1BTY2hlUGpBSXRabFdHOUhxME1fdkpnd09wWG9oSV9nQlFMbURiTVVtNHRXeFM0MUlsaFl2S2NyR1BWYy0wX3ZrVVE2THBXUnU2aEZqUGIzNmxZNmxkWHZ2dnROQ195cXRLUm9rdlF1MFF4bjRwRWZYWGtHR09CbThsLVlHN3VYWDlaaGY5ZjJ0Q25GQ28zNGpEenQ3blI4VEV3Y1JoWmN2VW44SFdDZ25ybUYybDZxc1BTNXZmOTRrNWlpV1hyb2FXTzh1cENveFYxNlZ4Ym1Lb0hLVVRPMnF0Z3Z2ZXYtZEZ5TmtGRkgtMEJtZmx0d2Q1QkZ6V1hUWS1lWUFhMm1OYlVQN0dHMUdtRk5CUkVWYk5ZNV9SWFJNVl9GeTM0SWhpSFpuWTNYajlBVlZMZw?oc=5,1
WSJ_Politics_CR,https://news.google.com/rss/articles/CBMipANBVV95cUxNblQ3WF9uNmE3U1JBLWZhN1dqdmJIYy14RmJQWXlZYy1jMXoyeUl1dWxlQnRiZGdNQ3hhYTZLZmNOTVQ5b1poNkFFcUNrVEg3VmIwREp1VGJkZ3lUVGlzWGtHXzI0SnQ5cHdBX2RwdlNqY2dqZVJrLTZ6OFNQY082eU1lYU9JYXcxN2RFS1hGSDM4QjZuSlJSQzV4NWZKZWV3TjFYSVZjS0d6VURoN3F0Vi10QmVPeEtnMDFlM3ExNmY1aGlJc3lzOFNmMVdRWmxQdDg1dlZBVFNFVV96MzJTaWZkZzhMd1kwRE9EQ1NZS0FhVGFXaDAzT3g5c3JWejFLZTVEWGlITVZMOW5ZVVpDR0ZyaU1NbGtmLVEtMTY5dmQtaGpYZkJrTEhuZ1NhdnFxXzl4dGtEWG95Q1N1R1FGN1l5Y3FQZlAwc0w5TVdFV0gzWGRwY0lLOUwyLWNZekFXM29rdGhWb3N6aXBRWlF3VXRvRkZ1cnByYWQ0SnhtakFpQTNIS0szMk1icm5FYVdRVzNRRWV0NUVHSm12LV9MbXM5MFM?oc=5,1
WSJ_Politics_CR,https://news.google.com/rss/articles/CBMivgNBVV95cUxOcnZqaThkcENsem9YUmN3cVN6WGtSaDJDNFVxSUJEdEVHZU96SWN2bzZYYXBzakFycUMwU0YwYy14M2hmSXdQLTNLbElCd3dfbUZCX2N5OUNoLUFBMG81NVhPZTIwMHJDUTJsVEhvU0xjLUJGRW8td2NHbjc4b05vdjZ0VDd5eTlSZUJnN3lRRjAwWkV2THprUndRV2plWkhjYUNvUUR4NFpyZ3Rob1BVbE0xa1FmTnNmZmJTbG1QSFRnVTJuTy1tbF95MHU0TDVaTVVWNTRnUUVBd1BabUIxeXFkbklkcjE3Wmp5TUlmczZwQ19XVkY0cWdDcFVWemRrRGdrcXdLNllmbUNvbzRtNkN0cHRBNUNseTd6TFYwNHhSNkY2UVlzV2NfVjI0OUhuUy1JaW5NXzNHb19zM3pzR18yQmZLb2ZaazVqSTdILXJDWEhPRTVtdkkzd1BjUVZqMjQ0eGdFMkdVX0JYallJVUNvQk1ad1lpR3Q4S1lDWFhURWhOd3V4c2lCdm14bVFIdVBlRm94SjFFSEhWdy1fNUlDNF82VEExN3RhNVBVV1cxS0txMDVGTldZeUpjdw?oc=5,1
WSJ_Politics_CR,https://news.google.com/rss/articles/CBMiqwNBVV95cUxNRTI5M0dpNGoxLWppc3IzeW1yUXFaVDJBaC0zN1Z2RXdqRnZveVBkdHVvTHFpNnU1bXNXQXhxaVNWYlJqRThGODFwaVROZGV3TkxTaG94bHRHVzlTdzlPRWVIU0hlX1oyeDRZQlJvanFLblhQdVZKQWViRjBrNWFGeDBCRFpKMDJSNnlQOExlSW5fNEdzUFA3Z3g3VzFXM3FVTDQ0Nmt2cFgtQ0hEQ191UTItV0JXY2hwMzZjTkJtYlQzS2JiaFNZcTJKczNxSjVVc2JIZGliY2hVeHc0NGh0THhKSzdKZ1J6UTlGTVQzazJldmhTX1VJOTcwb0pFQy0yTHdvVmlGMlJTU29ibThPcDFiZkd6LUZwNUJXR0NSUHdrV0dfX3ZObWdWd0h1T0ZBSDE5VkhwVnJBTHA3RDFmb3dIVURkdXBsczNQY3BlWGlmT3FGQ1B3eFdqT3VNbUdZbG56eWl1WDd3dkJCeFhrVnhJbjJlb1FYcFQ5cFJRbmUzd2l2cEZOZC05WWg5MW5hbnR2eERwOE8zcmZJLUt6WlNuWkVzT2VRbnZZ?oc=5,1
WSJ_Politics_CR,https://news.google.com/rss/articles/CBMivwNBVV95cUxOQ1FldHMyTDVHNDB5b01EeGEzcU53U25fNkQ2b1lOTG1IakpzMDFTbGhwMHF0RGVoWmVVS2xaTWMwSmpYd1FsclI1M1QwbVJBZExacGNDNFQxbFJUaHJyUnd4aV9UdS1GZk9pX2VXWTZyUmhMSlN4aHl1TzNGZW1NWHI2cXQ2MkQtTW1aWTgxaFJWWFhVNHR4TTZoRnFoWG1Nb0lVVGtLUFN6VmEtc3Q1MmMzdE0tblpqVnVEZWZmZkZkc3pNSU9mbkJBX0JXSnNQMGk5UXVZZVl3Nmo0V2VHeEl1TnRVczFEYTZRNjBIeGJ6ZEhwTE0tQWhSbkZnSEpyT253Q3c1ZUU1bXF4YVFQVXA5MkRaUGpmTFhFWnF5SFREZWplV2NEQi1zTjBTRzlCLXV2WEQwUktzU0ZXeVRmMXNXTXlneXVzSFgyRTl3bnBxMHpoQ1pVbVFubzVGLTM0c1ZQQWJ5cjVJb2R6ZXY4UG5QbjY4SjdJTm5nRmdwTlo1eGg5RnJXTW9kdFNRcXBsZlpTQ1BpTU5XQnMzRVJFd010eXo5QVpIa1I4QU9hLVpzSWhCVEpibkozUXlZSU0?oc=5,1
WSJ_Politics_CR,https://news.google.com/rss/articles/CBMiggNBVV95cUxQSlozSFRxUEVROE9NWGpZb0hzMGpIdUtqdGNGQkY0UDhlZXFZV0pZUERYaXRzQlJsYlVMNldWeThTdVcwdl9sdG8tdlNWZkdNaWE4NWpFVFdYQVNKbGRlZGVSejY4Q3NHaG85RHp2WHJNbWNXQjkyN1ZtZXFlSkFyQWNYcTk4blFRN2FLOG1QakJfTlpCWkotRk5xb0lveDVuR1lNVVZNVURSbDF4YTdHNkhMTUZYUXdRcVhKLXQyUmZfS0xaeklhM2s4NTkxTTJRbHN6WEZkdnZzSFNEZlREcXI1bFZMQzZpbG51S1VJMmxUMy05VVZiRnQ4YjhKVXZpVWljQUZIaEE5OUpoelRmZ3FTckx2czFzUWt6Ql9fN0RYNjh0dzF1Q2dPOF9DMklUbm5IYW5fcV9KNTIyNm1SdllydFViR2VwUkI2cU9rdTdHNFNCOExVUTRDN04zNXlOQW83bExYRXh2d3VNNzFZcjFqY0YtOHo2Wnk4ZzZxTmVVUQ?oc=5,1
WSJ_Politics_CR,https://news.google.com/rss/articles/CBMihgNBVV95cUxNZERqZDh0MXo5aWpUdmQtQW9OU2RkQXU3QVRodnI2and0enE4OEdJU0hfd0ZEejUzMXE5VmdQQ1o2Ti04eUlsaUdrQjNOZExDcmtreTJqOTZYYWhfa21BNTRlMWgwdmlEYXhoMFhUdXN5QWZUTUgyV2cwZFJ6YkNnMUNtXzF4bXFvTm1JVTFPajVJRW1rQjdYQkFoQlpWOXo5eUN0dWJ4N0xtbU1HTnp4SmZxTFMtM3VSQlRGUW5ra2RHNU10N0x4M0VCNHVoUy1hMmlvM21SVFZRSy0tR05JWkQ2U2EwY0Yzd1dwWmFoWENES0ZnY0NiTE5fSlJaYjV3amRVTEN0NXJpRVpHdXMzb0N0V3J0U3dmb1VUdFdVQ3k2T3Q3bTJJNkJUNFFZbFlNYWRIMUtSRzljemVPTFpHNHZ4UzkzY1c0aDY4d0gxd1h4Rm1vbFA2d0xiU0pIb0ZlT0NaTmVzMHFtRzlQR2dxTUF3OEI2ZkhJTlNjVmk5bUlMVlA1VUE?oc=5,1
WSJ_Politics_CR,https://news.google.com/rss/articles/CBMinANBVV95cUxNWVdJeF9DanpKNUFWSlN2X2MzUXNMMkszLV9Fd0ZldkxxRGVlamJqYVJjRThob1FYWWREYkl0c3hFekpYSXlpSEw4OUJnVnpuc19ZYjI2OXNqNFFYMmk2ODFMS0k3ZHRIMXlVUmx0dzdUa2lxTl95LW4xNmtGcnNOUE1iaDRiX2ZpLWlLWE0tUFNBY1lXN0ZBUVRXWm5ZR2tERFNBV1BNSXNrNnFERUp5ei1NbmJWUWctUGJQcThNYjZoQUppbUM2eVBHY1pZaWx2a01obkZib1JrVFVHWjV4S2d5N256eVhENUVSLVZfVUh4Q0RWajFyV2pyYW5rRlNTQUtHZ1FxT1Y4YlZfdHo1TmpLaTFzUWFHWFUzQ2c3TjkwaGRCQVdEYW9uQWJ4VG5iaUNMVzM2anJPSUNYYnMya3EzY21UWnRnenJFakdqR2FRUVA1OFNBT1hfSHE5Ny12SE1TXzgyYUs1X2FieEN2NHpZUjFQb09BS2JGLUhvVVlHTDJERVFkbnRrNkgwWlRFVE15OGFlWXJfd25r?oc=5,1
WSJ_Politics_CR,https://news.google.com/rss/articles/CBMiiwNBVV95cUxOaC1vOHVVSGxnQXJIN0w1TW1CUFpxcGp4aG1ub051b1NMWnpna2JuRXdVcnB0NWNHeUpzVXpPazJ5OTh5dkk3WkZsc24xeDFWNU1rVDE2Xzl2UE5yc2hIRF9zUWN5MDR3OENmbkFjRmVKVlVzLXVQYm5wajVsYWpfU0xyekl1ZG9hZTN5cDdKbTVTMmZXWlB4Zm5mVDcwTEtXV1djeThrRWRwNWR0SVZfaXVtSk9NQVFnbkU2SVN2QmJWM0pDaWJ1cVRuRF9vd21Cd1BlWnc4U01LbDIwVkhGaUZ5QTJaMjlBeWdVa0ROanU5VWpTRkRIMy0td05KRG1ySDByNmtMQlVieUlUS2Z6SWRsUXoycGF2UWZjeWwzeWM1bVJic0JfeWxsSGl6dllNNnY4eWdhaTR6dTBiTm5sMXdCN1NWbS1IWjA4Q0NQMjJmQWNGXzRkVUltWFVQOEczV0pEd0Y5eWJkMmwxaDRubm1KdWpEaGRZR0tQV1NkelhqM05tLTRvTkh4MA?oc=5,1
WSJ_Politics_CR,https://news.google.com/rss/articles/CBMisgNBVV95cUxQX29ZUHo2R1JtRXJCcjVpdTZ6R1VoUFRTWmpVLXd2ZlZQV3ljbV81YWhDaW9XQW40ZXJKTU82SHdxUWcxOG5sSFp0UlJXX201NXNIcGhQaHpPajYyZGZZSlNSY0VzVC1FTUw1eTR2eXd4ejBfTHB6LXBMcFhjY3JKVWlDNHRyZENQYjhEMkZXdDJkQWE0YWdOT3AxbDV0a1pXbzR1azhSbkNJZ1Q1bUU2d1JpXzhFYVBEUEUxOXg2X1dhQU93cUJENVFMSVFIV2dadzZybGxnTnNVZmdzdEdvWmxicXhBZTlzeXMzR1BvVVVLMDJqOFQwTVUzdlFMSGVrTmJTNjdyUHJMYVhzSTB4R2RLQy1PSHpfM1ZEUXdqMGlnWXZDaDlSM21hNXRrcTRMVU9DTzc0aGZnd0NTVHUtWURSbTdrVVVXeEdHQW9yb1VzeXhQZ2dTanVDVDg0QzFxdkRLNnhuUGtlTFpoOGdYTG1qYU15ZmNDWGlvWEtTZ2h2dnJNMFZabnVBZEhBVmU4a3F3SEJKM1k4QUlOaktZSXd2TS1Ybno1TzBXeEhzdDlNdw?oc=5,1
WSJ_Politics_CR,https://news.google.com/rss/articles/CBMirwNBVV95cUxQTXpRRE0yemJrYnB2OUF5ck5JLW9ZNHY1VGtvZGlqODFBb1Y5TzNXSjlXeHNoZFBpMTNsRXIxQWU0bjdjTHNOaVppQ2RMSUdLYXRpMVB1bjZ6YkpmNEljX2ZZdzdrMUVrME5ZNlMtXzZGUmpEaWZsUHRDWHoyckJIcE1UakZxSkh3YU8xSnVNUDRpWVlWMkFWNFpmQ0tsWjJQOEIxV1hTNzhBMzBkM3NGbW9QTnBRbmdRcnktVWRkQWVxSXpkWTg1NnhYX1B0YjNqTjUtZ0tsZVRhN21aaGxCdkpzT3Q3cXR1UlE4X0FmYWpfUjYzdTR6dW15dWdwM1ZDZVdOQkdHVS1wY3RfbExyWmYtWllNaV9xVnk1Q3lLV2JNRE9HWmcyWHJGNDE0SU9IWnYwdjE2LWhGTTZKZ1BEOW0tMmpJT3VqRTUwUHFySEg4WVp5TjR1TkdrdnFrekk3cWN5R3g2V0NNUnBXLVk4OTAxeXY4S3FiYTlXVmRRTDNTQ0dnT2hGQ1ZIb1ZpbDJQajFxYkdLT24zbWpzQXlxYkV2T09xbDFfMHpOVnE1UQ?oc=5,1
WSJ_Politics_CR,https://news.google.com/rss/articles/CBMiygNBVV95cUxQVTZiLU90ZWlZdmo1dWtIdVpwbHMzY25FYjUwSV9WQWIwRXpZczJNS0RqdnNpanc3NnF4M29GNTc0UVhROUd5M056X2N0Ti16YzM0S0NiSk50clBrdTVEQlVnN0UwRkVGZi0xcUtMaGhoMnE1MGVuUk9XZ1hHQVN1NmV0aHlnOUVtV1dsNHo4RS1LUHE2TVdYTjNJN3dvQlRlQjNHeFNqdlZDVkI1ZzVDUVFCTEJrcDM1UlNiTGlKUjVVYnlzVDhMYXNwWVR6NkdIUVc4S0NFREU2NjJrMEgzcFVpbEI0YmFDcjVPc0h4aVdSREdpblNxdUxLMEh0STJKSFJSYklPUEFVaENtNGdsLUd4c2tKTmsweXljSWc5UHh1WU5uM1ZpVFY2dHlxWFI1X0swbXYzak1QcmVpcDFzbGdSZUhzeDhiN2otU1JIdEREZU9oUXpfNHYxSkJNeFRKLTRoQ1Jac3N3dUVZZlFBcUZtUlhhazVmcEptaVdTb1ZuejFmMnRMUng4cmlxUFE5ZEQzUnZJOURiaTRMSE90N0l3Mk5ZRVFXam5FMkk0M3cxSUVENGxveVNVN2N5U245UVNxQUstU2l4Zw?oc=5,1
WSJ_Politics_CR,https://news.google.com/rss/articles/CBMigwNBVV95cUxOVzdjVTAxc2JoV25sT2QwVnd0YzBTWWlKVXhKZDRrU2hfUnFDQ1VrcTNCODhKSmJHT3I2QzNucF9KUFFJLWszei1FWjR0X0ZhZVg5SWFOZ0dlVDlNc2dPMUIyRVliNV81S2xOTVNESm9TWUUwUzdwZlZQLTA4ZmEzV19OMHpkTE9SLXdHT0gzaFdJbnFPQ0owdGpGdm9Sd2JwQkNWTFRaTW5nMjZPQ004bDc0aWh4RGVzaWxibVZuamoxbFBVSGVyNVlEYWs4dEdUWXNYTXE3c1RHUTJTSWxlejU2ZmxsVEt5TkNBZ19uaWc0VGk4akR5YXg0Q3pFMGlSeWVCcGJ1TlUxQVZyRjY2R3UzWnJLQjExV2hUNlJqVG1rbHJWUFFBWk84bV9vNF81ZnZNTzZ3azRxcFlOVWZ5bFR3NDdCUVBsRjFLVTlrUTQtSG04a0xoWkFHdWcxcjdKdFFmeUhWUHpnaFpLVUZwYXNTQmJfcWgzTll1aTd3TFJPR0U?oc=5,1
WSJ_Politics_CR,https://news.google.com/rss/articles/CBMijgNBVV95cUxNTGszemtaaVEyUGc3Y1o4UXluLWNJWm56dnBjbkxmSEEweWF2WmZEelc2T3lzcTlTXzhkNFRaZ21SOGFpTTduMTEtTm4xZHp0SW56dE4ybTZCNTcxM0ttbWZhbVZGME5KODZxR0tmem9xNXpPQUVjeHc1ZGlGWFhyb25lalVxekU4WEtNYnFhNWRtLWFQV2hqdVNycGJ3UkJBX1pXd092RHJFSlloOGVXMEJvVmpTS29uaS1yaVNIaEY2TEttM1FTRzIxemNMS3pJYS1OTVdOSlJKZGtMb1RnZU45VVBGVjcxTVNmVUM4T0dHd1M5eWt2Sks3WjB3TDRVVkswZG11cVlCa050XzBNUkpLMU1JaTRBZXBkeFRBT1BrR2U2a1VUYlprVXZ2Z3ZLbTZNcVBmUFlMV0dWX2t4VmZNUXZVYUY2aWN2bVVhWDJ3RUZBeWE1V1JRZjZRN2EwWi1vbEFjRTJuOTR1eFJDRktxdlFLWGI0Qm9RYlFLaUNMVmxKOVZVLWxKWktlQQ?oc=5,1
TheTimesUK_CR,https://news.google.com/rss/articles/CBMi5wJBVV95cUxQWVBhNERCX0lydUpOcE5QUVU4bDkzamJwcUx0WUJ0emFDSElJR2FNaUp6QnVualZNVkhCZlhKaWhMOEpaR2R6R016bW5iYzNLZ2ZBNUZKOWRJTHhab1RONUotdGlETFZkbS12M0VmNGNJV1d0RHVjbVBfbU9Mbjd6OWJKV2trY0JOREZVM3NwY1gyMTZNZVZrQVJzSDdkZVZ3Y2oxQTE4N2xoN2ZyQVk3Q3BQV2xRa2ExeVVhdHF5dVpwN21aN1VueFpSbDAyX1hMWnNxaEtGWExIZkZ4TC14YXdheDlnOUtpZl96NHV1NllybHNsZGh1Y1VrRVpOY096c25fS2R4eDRUMkE4WGJSb1dMQTNvSlphSDlMd2R3blZCY3ZEbkxWYXlxaWJHUDRuV3J5d3hlS3gxdC0wTjhobHJTT2V0dFh2OUF6U2FuM0FDMlVSeTlwcWluZHB2T1MxR2pMNW5YQQ?oc=5,1
TheTimesUK_CR,https://news.google.com/rss/articles/CBMi5AJBVV95cUxOd19NeTg1ZXhScmhIT01yNllqUm8tS2MxWVR0YkpPdmlILTNsNnNnZWJuSlA5eFVuUUg4a2EtekFsVlJ4dUotVXVkaFo1NXJNRy1aWFhreU1HUFV4YWRhX0RuZUQ4bm91SXMyc2I3dlVZbGliNWstZi1HQ2xIMnhwa0YtNENfWXVEUmNVcG02MlAwUGpIZmhybXdFRkM3THNwMDE1ejYzVDFjd1pBRTZxRGJiNG13UXNwcmg4RFpyTFFvMnpucmZjd0Y3RWE4SlVtTlNFbTh3UUpjNVREUFdPZ01Td0RpTFVlMUp4VG01dlZfYUNaZEh5Y1k0VWVNWWNQVzl4ZDZ3MzdHclRRRms4Mks4YjNMczVIMmRJd2k3WmFTeDJYT1hpY1NBLUV0TWpXb0YzM2E1Vjc5QS1jMnFiTThyaENkaTFhcHJ1SktyNUlmZ3c3dUNHcEZwUUs1d0YtRW9aaw?oc=5,1
TheTimesUK_CR,https://news.google.com/rss/articles/CBMizANBVV95cUxPS1JybVlEYURxODVDd1Zmb1laVVVBMVVrTTc2ZkdHN2pJa2xGZ1E4eTkwVGs1Yy1POVBtN2pHdTc1NlVoS2kyUk8xd0VCOXFyTjkwRXpURkJHTHRlQVZuQndWeUFHWUZUY29NOVM1dkRjVjBCRkNmVFdhblZKeDJDY2tfSV9aLXlCWWdHYlFmVTlBeHhfb1VENlFmdFF3M0Y4ZGh1VjExUGgyUEJLVE9QWVdLMDZ4Y255M0JtX1dkd2hUWDBSNWVHWl84RndIYkxITEg5SWRianJ2THhXSEdNRFpmRUNPejRJZ3NqTnExUmRKRl9lS3FrTGEzcVF1c3ZZb2NGSFN3Y09DR0FSUjRZazQ2V2l6UjZjQ2Zxb0JEMzhpc04tdENKb3Viczl1R0o5MWFPd2VHS3RLNjRxWUNtWGJHUEtpMGhIT3pkSjFha0dhZE1iZm9YVDZTVG9QTlJob2RNY0NVckNSRlpuOE4yS3Q1YXFqOFNBMGI5ZmZyZHNrS25GU2FYc1A5cjFmcTR2SFg1SjdNZ29lTk8zQUpQVFBIX1p5TERlTTNBblktVl9CenEyVFV6eHoxczRNZG5wNFo2eURmaHBXRE92?oc=5,1
TheTimesUK_CR,https://news.google.com/rss/articles/CBMiuANBVV95cUxQN0pnUVpqZWlaTmozbXJYNjZ6SU1ZM2hIdUxBekExNFNpWTc0NGV5RGFXVFdEMkthcTRpVF9qMlBnUmFGSGtJTE5GdXVGSk11OTJ1SWJtdE1PUFE1SXJLOXZJVzR2SkYzMGxGQVlHTWp0bVRlb01pdk1fOU5iQ2c4ZURRY2hHUlpWTERka3dpODZxYUx4TExmWGp3MFAyclE2QUhyOEhvNFpZcUQwNHJITDZpM0pIb0wxdldJd0UwWmpqTmcyVkxrWnJNcjQyeUFmenNjY2pfRkt3ODhVOFcydUFuS2pfZ3ZiVngxSlFxOHhURlZxWmYwdmx5c3EwdmJEQUFfYkRpMWtsQlBNWlNyUTRZR0RtS2ZEQ1VqdkFMOGZQaHJhQTd5NmUxNm5zOTRLZ0xvX3hWcGlId2lPc1dsUHlEZkFJTDQzbWpCcm40dWFxamFYN25pZjlNbXN1YWhabTI1TUxEVktnODROeXFmMklaY2I0Y3R0cEk3end1b1FzWUN1QzQtdmlxWG1rV0hZdG9LTzBkR3VLanRKVnFZNVFNU3VORVRFeDVtTXREdTY4dWludXZlSA?oc=5,1
TheTimesUK_CR,https://news.google.com/rss/articles/CBMitANBVV95cUxPb3p0T0dfYmpLS2dNSlRjRUxveV9tYmlVZHY4SnFVQlIwaTlvMjFkWmFoVnZyUlNEVnRHMzhJVjFoWjBHNGZuUXdzNE1FQzIyUTBCWnBaRHhiQ3F6ekpUVXNud0t2LTJvVzlJWnkyTlNFYUp3MGdCZU1zNDRlOUhZWjlOQ29LTUZMNkVHRkd0czZpejdJYXVkLXVZU0Q4VmVVQm0zRU9jSXktNzJMUFBWNExCV012OXgyRUxtczMwbGhLYmFKTHl0QU90bXE3VWtuSVNSRE56b2ZDY2JzczBtWVpqVDJGT3FxbU5MbFQyZW5SX2o2QVF1eWFXbWY5dkpBZXJxYXNIQU1BWW1mcDZ5S0NTcHJSUUdqUWctbjJHUS1PVElQd3BmQ1RNdjJocldzVG9Lbi1XSGNFQ00wUnF5X291MHRSLUo0MTlTdklLSzVtQjY5V1ktNGFHVG1qU1kzSkRDc0NfcHl6d3hyRF9sa1ZHdjloeUtuVnhjQXBmaERqWlZQUktQa19NbTNrVXp4a0FnMGJOY0hhVTFJeU9KLUh3elRkSHBIWmJkVTQ5ekI5OC0y?oc=5,1
TheTimesUK_CR,https://news.google.com/rss/articles/CBMi9wJBVV95cUxQRnc4TEI2UWhILXRYWUdJNzkxcjYyN2FmQ2dMTi1IZi16VUlPc0hnelRHOU1Ba3JfVkhWSngzWlNVWm0zbzBkMEhHQVh0UGdFU195OXJHbWJHV18wSENQT0F4XzdULXRnd0d4WG5fMkNtN0Q4X1hZZUtMTjUxVDNOak55NURlaWxseGtkLXUtNWtYbHlQX0VlMnNvRW1YamZjdFl3YlpPWlhDYUdnYUNvQ0NWejdVNUp4VmlyVThBelZ4N29BZk9vZ2owd2NtdUhaNlZRaklsZWtrcVhPbmlpaExwM1R1RUpLalRCQ3ZNM0M5OGlWSFdlS1ZUU1RVUjlzTnFXZHBpMGRHd3BhY2xmUjVtY1pjNzhaUzFPV3BuZVd3LUIwU05aV2NGQ3BYTHBoYjNxOGNvTnBOUWdlMTNnOVZnYXhwUXJMMjlZX3JIZ2c4NnliaDJnNFZBNmIyUU5KRE9QV2RSSXhPT1B5THpZdVpRZVZGOUk?oc=5,1
TheTimesUK_CR,https://news.google.com/rss/articles/CBMijwNBVV95cUxNUk1wOFZ2b2tNdWpsT0FGRG9wdkR6TnBvdzVSNmZiYllZMV9JSkthOEZLY1VhYjkta2UzU1dkTy1zZ2RjUlNVZVdhQlVZR19yQVFvU1JFUUJySzRRVG1CNE9Sdm5uSmxCOXE1MU83T2IyT1NYelhRb0dvTDhiZHk0b0U2Ul9hQ0NrOUZhWTNaOExJS293SElhNlBJMGp6LXRjR0xfZUJWWUp0MkpjamlydU5sdkVOWmVEeWZfZ1NUOEd1Z1BaS0lXTWxlTWNMUFk4VW9EVkswRGtVQk1wZGYtUzR4ZmpmdUZZWTFOZkZTUkJpd1d1NHc1R2ZLaWRvRlJYS3YwMGIwRlplZ01BeWFtNGZIUnVIM1JjVFNvcHhEOHEzbkxpbXdJWXpNZlBYOXp4TGltZWU2bm50NkVLb0dlVHdjMXhVZkUzSVRORFNlbFRtNFlXNWttWVVrLWxlQU02Q2IxNkFlVlN5eE5DZTFjc3QzNmxNUU1Demo0Q1RXSVFLRnZaTXRucC1QektfOXM?oc=5,1
TheTimesUK_CR,https://news.google.com/rss/articles/CBMiggNBVV95cUxNQzdpZUNXZXFOcGJTMUkzQ0ktb0J3M0VjTEFZVXVMam5fMGYzYTZ0SElyZHVCYUtjNnBIVGhfUXNFeVJlOW9iM21vTXM1QWc0aFRJVEQwM0VBM3ozV3JpVGhQSTNhSmo4QjJuWHdvNWI0Z3JRYmljT1BLT2JpSmRMeVJmNGtlWFJPN2hyM2N4TEV1OVFSZnVOT2VuX0dyTzZaczctcWV1cUp1WTZqYTlMck1YTkVseEM3REhjYS00amRlVk1TQXhfcUxCWFZoWUZrNm44Z1NZaFlQMmROd21wQ29YU3NBcTFXQkVMdXpMVmZQQW5wQ3lFQ2hFVS15d3dPQjBOdDlkRWpXZWluSTFPTG5fMktUUkVqUG1wME9fajc0Zko0MzdVYTJKNUZQY0h1ejdMeHlZellUbFh1ODhidU9kV1E2SF9tU0pvN2xvU1E4TkV1ekl5U0p0ZVVoSzJCZU9laWM2b3d5ZUFvUlF5SEdRNTJudGc5ZVB5Z1owMHZaZw?oc=5,1
WSJ_Politics_CR,https://news.google.com/rss/articles/CBMitwNBVV95cUxNZnpGUzI3eEF2R0dSQU0yVWZ2VnRaSWpwYVVvWjNkUlFneHJ2bTlHUkswdEtSNnhjQTlDbUtNeE1MeWlhZzhTTm5BU0RoNlNnWUVJQkZuMENub0FndHRMYWxjc3dYbWZIbC1KQmxQd1JFWkxSOWQzWjRqN2RBcThOb2lQZjB4WVV0YTdmb24tak9XM1NzWE1rMl9lZm5ycUM1VHdHZElmVEl4VVl0cVFmanJEemNFc0theHVTUHh1MHNjWDI5eXgxX19VQnZ3di1BOGR1M1F5ck1pZjRybUdhSW8xamhwU1dJTnRyakRZa0dfU0xFWlZRYnVBYXJ3WjJyalBUVWJOZ053QUs0OXJWdmM1NGFEMHZFNTltNGh5LVFfMEFuTEFueTBkT21Ta2tjT2xFM1BuOWZ6NmlZdFE4N0xoWnRBS1pLOUZiQmNOT1Z1Qlg1TExkRUxCVWtPc2w1NHRYaDNIZWt2UzBZbEJId3U3NEtPNS11ck1hRjAzNm5KWkR3Y2dsQ1IyQ3dKUlZsMDR6RFZNS2ZEanpqd2RRY29QVTNLSHBCa1M2TzI5a182QVFYc05v?oc=5,1
WSJ_Politics_CR,https://news.google.com/rss/articles/CBMilgNBVV95cUxOMGZZM3ZLWUx3NHNWNFR3eUhTYjY2bFJ2OS1sZ1hWSnR6VDBFZVBva205M0ZweGRDSDQ0TmhPZE5vNjBIT1hfYVJvSkFzRmw5V1ExSEZaSFNjdnBBT2daVWZFUlpjVDdYMDN2WE1lUFFCTDBiMHZUMmR4UkpmNkI2eHdmdnNXWUVCNFZZV3kzc3Y4RFZocVVJYWRkb3dvQV84WUhOMWdlbHJxQWJxVHIyc3BOQzItLTBHeVdVbFVFQ3pMVXhJd3lTbWQ1T0dxU0o5Zy1zVzRVWkVSTWZVSDNWTE84Y19meFlVSXAzLVNCZHpFbjFXSUNxNWhEUjhncnA2NEplcXhoWEJQM1pzYlNuM3hnX01sN0xBeVB0RWFaelQ2UkFEaE41d0hsWnZuMGRQeVFMbksxM1p3c2RoSlhjYVVyVHZsMkZMQlRBcnYteU5RdVdnY3REOXBDYTNKQy1jM1UzUEFKZ1JlUDZGQ1M4d2NJWWtiZmRLeUVMVkVrX3JpcWstOTlaQlN5Qnl4WkhXVmZKVXdn?oc=5,1
WSJ_Politics_CR,https://news.google.com/rss/articles/CBMisgNBVV95cUxQQi1iaFNuU1NLNTV4b0Q1T09jdWVTcTlQN1RPaVJSQ0l1RXgybmR1elY1azE1ZVhkNWVxR2dHNXpfM3RMMmRSdkoyam1Hb284ejg4elV1YTBzN2VHU1NsMURpWGdpLS1PU0lWWE1LLU1LeTBvSFZzaElfdjhnczdETW1Bc2h1ci13TFpyNE5TY0R5eU1fUmNYaFRrdjMtUGdQVTNEOG5pYXBKZzF1WG1lcGhhcnRRY0FOcGJDRktqamFOZFlDZjRVZDNIQmpPQUM3cUVBRnVZTE9yVnZ3OEI4VmlPcy1kSUZ5WU9iM2pXcFZlU1RYODdmUUludXNYcTl6MGJ3MVVYcG1Nd3UtWnd4MUIyUkRrdVU4dDNSM2Z6ZWdYVnU2d25oMWd4X1VYd1pnaGxNVFRvSzlKRDJ1Rjg5anFtYU5MMzhQekh5blF2V3ZMSDF3SlUxT184dmExY1l4OHZuQ21ET0hELTF1R0VXV3ItTTR1WUNvc2x0d2VJSEtPVDZjaVNUU3E2RVlsSmIxY2Rod1VDaGJWVnpKT3RNbmN6ZFhWRlhXSE01NGlMSWpEdw?oc=5,1
WSJ_Politics_CR,https://news.google.com/rss/articles/CBMingNBVV95cUxOb0ZpQVN3ZkViUy1VVW5xc3NaVUhDN2NGVFNQUHlUbUE2cGZOZzNmazhod0dNSHRuR08xY3NNek5hV205dkw2WjlNblJfN1VYZlNTQ2FuMmh3WXI1YkFxRW04cFRMbXhuX19rUV9aZjJqWEdCNUY1NDFGdDVrNTZPbXZ6TkxzVHVITVMzVlA4QUZYbjRSa0RFdmptUWRFeXNqczZEdTllVDY1cUlwdEZDZ3F3WDNydFZWSmtIbTFncmZUbHpmTzAyWjFsa0ZDVC1LVUNsaEtiOGMtU1REdHQtMWFjZUwxQVo3NGlwb0M4QWEyNHJUbFZXRUhiWGItcldNckxJSzMwU1M3MGp1UklqbHdwQ2ZmZHp5M1QxdkU2QU1nUzAwTVBNdlYyczkyS1BKV2ViTk5FZ1p6V1ZsaEhuSFFxNk1udEt3VEtRYUhiaG1TX0JsbEhpUHdfaDlHdVNTaFl0NnJzY0hkaTRTREpKc2ZPMUFYSWJTaHFXSktEN3VVMGl3dWNxQlpqcWhpQTRMYlY4ZFVLcTZwMi1TMlE?oc=5,1
WSJ_Politics_CR,https://news.google.com/rss/articles/CBMiiANBVV95cUxPcHJkd2hKQnFQRlZIenRobGdfZDE4SEYyZ0ZUSnFRV2hyVGZIcDR2VHpEQ3pILUYtZjkxNkI2OVlzVEx6MDFaX3lNc3hvWHpfaHpnZENtU0xWdlh0MWszaTYxVEI0UHdkbEQyMXZ3REkzczE3clhXaWpuOHBDTHpXNEI0LVZLMlJ6MG5QblFkVEhGYVVPUlNib0JQUzBMa2F5dmxCX0N6UWRqZUtkS0I5ZUpOTDNKdVo4cW1vYlRYZ3RrbGVtblI2cTdUaUpCeVc2ZlRwOFl0Vi1NMXVKdTNuN2ZFb3k5aElxQjJNWENkcW5lZlV3TmswNGVNOWZkQlVGYjRWSldwclJwYldpcmRzdFlneDNoaE9yZkJoT0tpc1UtenFTQS11Y3NTc2RGdHhLREk5MkVQZThCSHJTWG43ZXBLTHM0eDN1RU5hYjdNemxHbU1ERDRoV1M4T3lnVDlMMWpjcUdMUDNvRzE3Y3UzRWh2X1dQZWY0R19NWTZSbWFIcmpiUzN2Uw?oc=5,1
WSJ_Politics_CR,https://news.google.com/rss/articles/CBMiogNBVV95cUxQTDhNV0NPbFFYaDRwZGZteVVFTEV4OVNrMWxfMUY5STRHUXlXWVZJYXBJdG1IZ2N5ekk3V3JlMWpyS21OWnlQRkxCZkwwLVZpQjFSa1JDRzlubURRUmppa1YteHdKTGFoX1Bsc18yMVcxMHl2YUx1OVc5YVpycFVEd0ZwTGQyZW9aWklqWE5nbmpzZmxxVGh4S1ZUSEdQQUFfbHpBLVFPZWtHZnZBbzZielFxbzAteWRNendmTnMyZW5wU01kVU5Lc0lwMVUwcEZIcXFaeEZaX3p1dHhERElZd1BUaHcxVGk2X1BxNTdVWjdzcnBIY3Y0WFhEcVpVZ1ZwZUdjaF90WENBRlEwZ21fZUhqVFd1Smo2ZG0xMUlZVzRITEsxemtndVI1TDRnS0wtVmdIbWNTenNGcTRWbWhabDhzM250U3NWTEpBcHVNLXVTMDQ1bmVHWWN4QTUyeGtVSFJwTlRlaFVXM1d0VEhZX0JMejBzLXh6X3ZWQXB2MFppYTI2RVVXcmcyOEVjbUdMMVZJdk95eWhKcWhsMHZDRjNB?oc=5,1
AmericanConservative_R,https://www.theamericanconservative.com/the-unscratchable-itch/,1
AmericanConservative_R,https://www.theamericanconservative.com/irans-grand-tragedy/,1
AmericanConservative_R,https://www.theamericanconservative.com/on-taiwan-and-japan-chinese-belligerence-backfires/,1
AmericanConservative_R,https://www.theamericanconservative.com/the-real-reason-leftists-hate-hungarys-courts/,1
AmericanConservative_R,https://www.theamericanconservative.com/trump-imposes-10-percent-global-tariff/,1
AmericanConservative_R,https://www.theamericanconservative.com/essex-man-leads-the-uks-reform-revolution/,1
AmericanConservative_R,https://www.theamericanconservative.com/south-carolina-last-lindsey-graham/,1
AmericanConservative_R,https://www.theamericanconservative.com/trump-sets-fantasy-deadline-for-end-to-ukraine-war/,1
AmericanConservative_R,https://www.theamericanconservative.com/u-s-gdp-growth-slowed-for-q4-2025/,1
AmericanConservative_R,https://www.theamericanconservative.com/inflation-rises-to-3/,1
OANN_R,https://news.google.com/rss/articles/CBMirwFBVV95cUxNV3NNXzlyTHpzSkoxQnVObFI5SVA0R0dqT2tLV1NnRjdYNXlaWGdoQlQtd3dac0xxdW5qd1doZkRXdy0tSkZMZloyVk1jTEJlTFFKWF9tWlk3YWIya0VTZGszc2NEWTFpUXZyc040Q0lSd1h0NVkxMU9UQWxla2Rpa2lKNmZWdWk5aWdZdHU2Y085SGFWN05XbGxzTlYycDVSTUZvTlJSbzZHNUlmbmM4?oc=5,1
OANN_R,https://news.google.com/rss/articles/CBMikgFBVV95cUxQb3RCZy1NcUpDLWo4c1g5dkpTXzV6YmtHRmRSanRVQUhXeUtuVzBVa1dnVllRc3NDNlkySEFQSTBhZUt4NVVVMGdQRHNiSlEzV3Vyd0Nyb3U2a2NPczZHSFJZTGV0VElBbHZJd1k1ZHctU3phbjA4SElpSlhlN3BMQ1I0Szc0d053bkRCWjV4c09kQQ?oc=5,1
OANN_R,https://news.google.com/rss/articles/CBMiggFBVV95cUxOX0xKUHlTOGZFVVlrZUlleXJsdDVCS0ZnaDFYY2otTXRORl9VcHlxTF9QMzdnRC14Z0dmZDhFUzFsM3FoVzd5T3NkTS1iQWhVZVV1Y0g3OXFkNTBJWDY1U3V0NTJIZHRldDhKWmlqV19Ra3BOMnMxSUtMRXM4Q0hhUTdn?oc=5,1
OANN_R,https://news.google.com/rss/articles/CBMi6gFBVV95cUxOVzBUNUtiV0c0VWxxRjVfWE0zT0NDbmVieFNwWVVqLUE5RzgxeGpWNTBVQTlaX1NMM2NOMC13Y3ozVlh3RW50SER4SHprYlFCY09pVUtDUVpSSm5WUEV6M1RNRGdYaFFPWVQ4N3lhOHphaUpFaVpEalN0SzVGbDZ2a0ZxS1JJcWxNX2RjWEc0TDAwRnVOaXVDTW84dzFlcXB1RXFhd2VWYnA5TmstSFBwdzdQMXRBRUdfXzlUVG5pRDRxNE1mVlZtTVpCaHBLYmhhbDBISC1Cckw3TmM0VnRVT25GM1NxMzRHU3c?oc=5,1
OANN_R,https://news.google.com/rss/articles/CBMiWEFVX3lxTFA5VFpUd1h6UkF5eUpPSm9rSThrZ0c0SHQ5UFpycGtKQ0pZbmtZLUpfY1VITFlybDl3SjNEUzd2Rk5wbDhLeF9odE5Vb2drbzBualZzV0NtQTY?oc=5,1
OANN_R,https://news.google.com/rss/articles/CBMi0wFBVV95cUxQSms5end4OXM2R2NmbHZIb1lkc05BdnMxdUdSTk5rWkk0WnM1NFE4ZmJ2c2ZTWC0ybGF6dTJkYVdoRl9BZ2xVMmdpbnVJNnpiV2xqZDF1VUxiV2JmU2J0WUxWTzJwaGpVbFZnVGo1NXowUDZUXy1ST3BsbWZVdW91TzlrMFMzOFR4ekkwSDFOSGVRdlFyRzlBXzNkcWE1OG5DQkhabEdoX3pnblA2MUdmUVZad2J1bHpLLUNha1J1RV90MlpqbFlLN18yRWRHUkhqOXVZ?oc=5,1
OANN_R,https://news.google.com/rss/articles/CBMikAFBVV95cUxOMEFGalNZTGFOMk9FWTJ2ZjV3WnJBVEs4d2cwd3dacUVtaW53R0lsT09OS0lvbFJSYk5EWDZPUFVveW5kT3drU3F3eW1uLXhNU0xQZnY3Q0s1MjVXSzFJUVpibDBqcmxnUHN5T0dLRjVjZEpiRmppWGFHT0ppbEJ1YVU0aVhWaDZYeWZNdGJoY2U?oc=5,1
OANN_R,https://news.google.com/rss/articles/CBMinwFBVV95cUxNZHFIay1lTTRySkxGQTczZzNQWTJFUlNBbmpTa2NaVXZjWFVQZzNROVREUndaTlcxMVZkRjhIVFZmVW1XRm94eE9DVXVZU2JVV0p5YmVvLWVxMDdpRld1dmFlZDFncllqaDdJMzdZalFod3d0Rk1XZGhLekFsLXR0dHJ5dFlncFBzWEVLV3BSMzJFQ04xckVHN05sbHltVGs?oc=5,1
OANN_R,https://news.google.com/rss/articles/CBMimgFBVV95cUxNVVpFaDFCd3VsN2IxMWtTU2dCQUFyOTVNT2FGQXZQVXVPMEhoRnFtOUthWEhnbldhMlNaaW1WdnFQOE1TVC1YZGQ4U051V1Z6Y0g2V2g5TmJubHY0aGdOVkRxdW8ybUVqMmU0TXNrM0dOTWZldzlfaUlobk9wdm1GX1loemUtSWRuMjhfNVgzN2ozXzBVanlldjZ3?oc=5,1
OANN_R,https://news.google.com/rss/articles/CBMisAFBVV95cUxORDlsanRBNlVNNmxCaWRrWl92NXgza0lpZ2hnMVo5eS1Yc2NNVzFPLUpXbXVHdmJCVVFDbks3MVV1aU5FR0tSNXlQVkJNSU1ORGZuM2NYc1VMc19QaG5rREQ5NGpMNGFfV1N1UzlfelJhYldMOG4tdlRSZEtDclk4bDR2dHJZay1SZXpOY3pFOUVMX0tfaHo0S01NZkJILUh6R3l1LWhNVk1xQkthZ1ZVVg?oc=5,1
OANN_R,https://news.google.com/rss/articles/CBMipAFBVV95cUxOU3VYazJwRmFvNnNRalpNR3N5M2VoaHR1eTlxLWJLMGJ1WmhVdUhvRTlwbTBOWmZ0aXgwTEF4b0o3VUhzV3pXaWpxRnNfZUlSYU5pUkRCZTlTS0p5TkVsWUZuU2FXZEt3MGZKNW9NT2ZxWUUzVHlGbkI2WEl6aTU2MVlXX0pyWG1fMGdhbHd3c0xWcEh6UGVtRHNiVzJERTk5UUdyNQ?oc=5,1
OANN_R,https://news.google.com/rss/articles/CBMitwFBVV95cUxQeUc5cmo0SGRfTTZUTU5HaGtic3RhYmFHa0R5UVRDOWJQaFo4UU9nVWdOZE9xMTJxUjdZN2VBZlV4anlGaFJlX2c2ekUyV2tBTmhJZ0dLM21MSG1rQlNJVmxJX3EyVElJbW1IMWR5cmpjX2t3a0ppWDhvanZ0dkx3b2xRSld5U0pJNU95S180VGNGRi1xdVJVRG5ST25ZQTBpWUtZX2lfb3A5YkVPYnZCV0ViaGx0eUE?oc=5,1
OANN_R,https://news.google.com/rss/articles/CBMiwgFBVV95cUxObWVFaGthOW5ITXZueldVSE80VFJ2R1J4V1hMWVNTLWEzWm1LVEsxOVZKQ2s2YXd3WkMwbUxPb0FUVV8wMVhIXzVoa3pFdnAxZVlHa1praWFDel9yUGd0WnFuTTYtNVUxSVVEVkdrX2pQS3lRTzFTdTc1STdubWk2dENzaEo5SFBKNXRLdmRDNENVWlVwak15Q0VidklIYklmMXJZM1VBT3MtX1BVRjJCWlROX2V4VW1Ra3dqdXRoam9VQQ?oc=5,1
OANN_R,https://news.google.com/rss/articles/CBMitAFBVV95cUxPenM2N0Jod19KNzI4MXhrQUFudGtHSkZVSWNuY3ozczZSZlpublk4VVViRVdMVlV0eHBsTzdaLUIwUHp3b1ViWU1IOGtYT1ByamRxZFJiUmVHcjFPZjRIeGM1YlE3bEdZVkhwLWFWR1RsYWpfTmF1UEdhWHNITnV4M3BrZ29vSngxcGJSc19CWlUzVW42OGxEbzRNb1pLRGlwb1lpTWdwUHVVdmp0S25RbnBrTE8?oc=5,1
OANN_R,https://news.google.com/rss/articles/CBMi2gFBVV95cUxPWl9OUE5pQzFTY0YzRFVTaGNrclpLZmdySlMyRk8yMThrNmF2SDVkeUxudFFUdDJKM2g4d2JyMXJLa2lfRTBnY1dRQzFoekV3WldtRTJ3S1Y4M2V1dkNOVWVrVFA0eHJ1NlRWcE5YcFJDazJpdVZxNjNwRUJnWnJZZUNmYTdHUjJmVjk2ZlkzN1h1dG5xRHFGTHI5bjUyOFQ2Mmk4Umt5bnVpdFBzWFlkZ2xpYm90TWFwSDEzdjlBMjJsSHJpbmktb0ZoVHlxMFdtRWs2RVR2dzZ1dw?oc=5,1
OANN_R,https://news.google.com/rss/articles/CBMi4AFBVV95cUxPQVR0UDhMd1dOMEJ6SlNoWlpTLWd2R2tsUDZ0MnNyQTd5RFM1QXk2WktNTmROaExNVFdfREVuVExVOTFLTjFGSjQ2dGVMVEdfbm1CdzlnT1REeHdHYmgzSGhjMFJYR3p6WXkxU2tLSExENU5HeHNQUTFvS3E1Q2lWNjdNQWhDSElrT0s4SFRHLVItTk1WZmRmUHp1UG1xMGlBM18taEZpSlZmeGVyZ0d5MktBclBWMUkxdlpyOU9jZjdoNlRIY0I3TThTU2hsNWZiQXlTUHQ5azRCUUdfdmYyTQ?oc=5,1
OANN_R,https://news.google.com/rss/articles/CBMi1gFBVV95cUxQSFhYcUR0T2lZYlRiajhtLThXcWlHUTBJaHZmWkU3R0prY2Z1T3pSbm5EOGZnWjU0S1Q0azJxUS1WSm9maFV5UjgxV0h2LUVWSkV3UmMwOWZCQlJ3aXoyTXFJQ0FKMGllbnh5VWFSbUpJX0E3eHpBTG0wOVJhQnN0REpuc0VsRFdjOG05NmNrY1ZFeGx0Q2FoUEM1M1FfY2hhMEplcUdtNERJdUpPNlVOY1U3T1RQMFozLXVfam10Mm0xT0FfZjZzaE1oY1BoOUtPczZpSXhn?oc=5,1
OANN_R,https://news.google.com/rss/articles/CBMihAFBVV95cUxNMUZRa0hfVzJBWHYwZmRiSXp5LXBvLVFBOTNvMXhLNUVvY1NhWTZwdWJiNmp4Q2tPQ285WTlPbnhzZ0Q0eVlHdENRYWF5SFNOZFZlZGs1YXhWdW9DNnFEd1Mzb0FPdWhjdjNWd2FiQ0VVZzJkY3Z6R24wWjhzWHR1Qld0bW0?oc=5,1
OANN_R,https://news.google.com/rss/articles/CBMijAFBVV95cUxPVzZIUnM1Qm41MVVCMkFzSWk1Xy1LaTAxMmFsQ2lGSE01R21mYlJtOWN3QjNCZUEweXkxNmwwbXAwNzhIMDJlWERMcEFuYm43bWVqblpTRUJYczFIdU02WUU5S0VJTkZZU3B0b2FCVXVMQjQxMDd5UzNQVWd5bDdWUXIwa2RQRFdGRTVLag?oc=5,1
OANN_R,https://news.google.com/rss/articles/CBMiyAFBVV95cUxPMnhMNG1LWEZaZGJ0WkJqTHlEN2xKZUE1Uy1HVXNkTnZKd0ltSlpnd2R6SEtpaGlsTXZUVktUWFlyc3huOFUxU2NpUF82ODJQNW9Rd0JVaTNVd0RKVUo2c2ltX2NVREk2NmlHOFhHUVZkWksyMkt6YkxSSUl6WmZwQmtwVi1zUnV0WTZuY3NrWkNGVTNPZzIwSWFpSGg1ZlRtb1JEOFY0dTVZbm5nRTZtOEFDaVNaaUFIYkRfOFNCeFAtVjNkNTBVYw?oc=5,1
OANN_R,https://news.google.com/rss/articles/CBMirgFBVV95cUxNUVo1dEpLYngteXBaY0lwdzJwU0MxUXJSN0NLb2tzVWpoMUJLbkFraTZrUFFtZFVoTEpGQUtpY1RDckVEUE9qaWx3V1o0RFBxaVFQS01TVW5kMXY2WWlMUFd6bkNLcVhfVmRhYWlhRVlpMVA4eFVEazBSeGFMMktCNDNteTEyb29hZ19jRGVRZHRjU2puaTk0OEhCUzhRdG1TU1h6UWpka28tREdxYmc?oc=5,1
OANN_R,https://news.google.com/rss/articles/CBMi2AFBVV95cUxOQ2tCZ3I2Ni1KTUlYSWE1WjhwWHlIcUR0MXNqa214YUZZd0FYY2VESEhUZmpUWnlJX0NhSE01TkF2c2NpMFN4MnJCRmMxT2JCSmF0UVRRV1l6STQ0Q0g4MEdONnlyVUZHZkxUS3ViMXQ0aGJTejdtODZKTjlaV1h3akVVcEVQdXhMVUNPT3Z5Y3d3a2lNb3JIVGpYTnJYU0dIMWNEanZOSUtRekhUQUptVVF4X2ZuemVzV3VMaWdfZmNLdzNPZ0huZDFmSTJjd3FTVm04ampYV0w?oc=5,1
OANN_R,https://news.google.com/rss/articles/CBMigAFBVV95cUxQRUpqVjRsaUJoTFh6cjlGaU4zOEZaYzhhZzhScWJkTXNrOEViRGZvWlVaRm9ZamMzVUxQRGplR0R3aXphd3Q4dHYxamJxQmNJRmtPM1BSWEZGZUJZcklVc1dUMkttUUJnUmxBZXJDLTYzRXpvNTZXNXlhRU95cmY0ZQ?oc=5,1
OANN_R,https://news.google.com/rss/articles/CBMimwFBVV95cUxQcGhERm44M3FXUkNoTEhQakFpb3l4NHRveFpCZ2JxNHFZeC13YVpra3ZucTgzSHEzYTFnRGZrNGtTYnZMeEk4U29WWl85Vl9ac2kycTV3ZTc0YTNLNkVsaWM4c2E1V3cwZVdZZzM2azhKV3lLd2t4RXlvMjlCV0tQNVVZS0Z1dTNsUlh0MkpvRHQza2UyQ2pwaWJkMA?oc=5,1
OANN_R,https://news.google.com/rss/articles/CBMi1AFBVV95cUxPTzZaZ1VrbzhkMF95OWFjTHFtZ09CNFJVWVp3amxtTVliWXhhc1VWV2Fpa3BfclZOQUs3Mk1uYzdQYXN0VFUyX0RFSElpel9uTHc5R2lDTmZXUzBhLXh2RHYyNjkwOTNTR0JuM2hOYzBrSGIzdFZBWmxWNDB0RDZ4ZVk3SUJ1b0wwc0xlbGNLRVZfc3JEd2FSeFkwM1JaOEpzdHBVS19KdUd4bDZ4UGtfa19qcUl6Z2I1eENrMUd4Z3A2NGRlQnBFY1VyVDJZYmdqMnhScw?oc=5,1
OANN_R,https://news.google.com/rss/articles/CBMixwFBVV95cUxPcjVMRUFLNkpjYl9ZS1VSaVVDMEt4Z2VYS1R3TlRWSGYxTWE3ZTcySy1tYW50TnRDZmpnc3pUb2lrc1dPWEZVMld4MGxvbjEtU2o3Um5jZUN6X2E3alZ4MHZmcFBFT094c3VmZkgwX294bUkyRFpDeXVSWVFxSHRKRm9VdG9mQzNFVG4zUkVKOGdFR2JUX2JHd0ZuU2Zma0padHc1MWZNalVKVTFidU1qOExSRVVzVG9GbmhSWUVDOHVsQ1NPam1v?oc=5,1
OANN_R,https://news.google.com/rss/articles/CBMisgFBVV95cUxQUzBSWEZReE9hS2lZWlp5dGF2NmJZN3B0QW41dUpTdVFPRm1GMENrSm1EcV9TNUxVQnNCaDNUVzdwM0ZfbVV5RFpjT2g0ZkZSejl2WXdMR1NkR19yN2dGLVBlTS12S2c2OFNjMkpGS2swc2VZTTlGSWRmVGFOSENORmdfajFvX05ONUtOWWNsQk04U3JFZVJWNVFPWXJqaVh6Q2tVR0JnUzVjWGtEYjBmWFl3?oc=5,1
OANN_R,https://news.google.com/rss/articles/CBMixwFBVV95cUxPOEhEWldGOS1fVGFWLTZUNGNmUUFsa3N0T0NVRm0ycHp1ZG1GWGZ0QkNUWXo3WjhDQTNPMXlKZmliN200MnNKd21TTUc2SS00SExVZXBSNFFSZG5yNGEwTVBDSDJRQlNaWTl6bjZQX1dIMVJBTXloZjJKUUlWV3BVRHNsZDdKWkp4VUpfRFZvT1I0ZjVUZVVKcTRZMDJVejAyYTVvRkJaUTgtRVhKUkVZT3F2Yk9GWmU1RHhUR1NnZFJ0TDVBSktV?oc=5,1
OANN_R,https://news.google.com/rss/articles/CBMi4wFBVV95cUxOaFJCbklrM0x5bFBkVExLZC10dUhvN2N5M3pvRWgxOXV1MXRNNGRVN0tFa3JneFBBeTFVbnluak9idUJvYUY1RFFTd09zTUNkTk1lLXpUSHM0dlVZUjVXLVhzVXF5bFFFUnVrRnR4bXQ2MnlIWmlEZ09oTE9Tem9TZE4yX1hSSHRtbE15a1RpNnRHZXUwcjl3dXB6VUtpbThLWmd5RTBEaTExQWNYeFp0ZHotZG96N0lZZmwtbDlfY3NDcml4SVV1TThrQmE5VjR5d2tPTGxtZUpnSW5XMkRNN1I5RQ?oc=5,1
OANN_R,https://news.google.com/rss/articles/CBMiswFBVV95cUxOUmYtdXFLLUZfZFdVb3k5Z3BKak5ySkpXNmFqSW9wSEY2VUx2U0VmX2p6NmJLbk5zcGhMTmNIbTZnWTgwZFFEcVpQSDJIcVlMRDJRSmpyS0U0TmdiYnp3ZlhVcWRmSlB1TTlsVjRDVUg3VnVkR3dEaHNjX0MwejB0MFpaVEt0SkpTc1JjWnJEZmVKcU5jT1NrNnpsTVVGeWI5eUFwSS1SbkJnZk02azR0ZHQzQQ?oc=5,1
OANN_R,https://news.google.com/rss/articles/CBMivgFBVV95cUxObjEtQ040UW5vWVR0Vk9SZ2pNSF83SV9VdHhGQmhLS3I1ME1CTFdjdWNwWUNTM2ZkZmtKN0FNVGxaVEk2Z2VNTWE1Ym1LaFNENDhDQmIwaWRNYzRleXFFb3dfOXZ5d1FvMVpnNktKMVQ3LU0yd2VlMTZLdTZNcExyRkltX0ZfeW9qX2hUaDZrNllFalFSWTIzVDhxa2R6RlZlTHFIbGlENnZpTlNNQlVyMENoSUZna3k0N2pqR1Zn?oc=5,1
OANN_R,https://news.google.com/rss/articles/CBMivAFBVV95cUxOek04SlpKdE5BeFhQdk9VQ0Z4b3NvdDBST05KTWROcUxxaUxocmRHbHI2RUNyWHNCeWl5U09ocU10S0MzSTE5RmJoNVVXbVdBYVlOLVpjeGpmdEJ6UzY5czlfQVNYZWExclc3WVZ4b3FIMG1XdlFzUmpqSmgtYUlUaVhQRGVYWm50RHNRVjFidDBtVVB0MG03TVBxeC1YeEVBVkxzN053MzFPWEpqU0lHRHo4bHk4UlhoTXRqZg?oc=5,1
OANN_R,https://news.google.com/rss/articles/CBMiT0FVX3lxTFB3OFdXTzlNYkM4WnNpczN6RkYxZlpzWUlDQUxKcW1YU05WeXRibXlDM3dqeVFWMFRrQ0hBLXJ3LUhGMFhyZ2FXczdsQzJ3NGc?oc=5,1
OANN_R,https://news.google.com/rss/articles/CBMivgFBVV95cUxOczJEQzRRckF0TTFEVjRTY3dGeW1IU2lJN3F6OFdnWmFsQTZXcGRGWFpEUDlhWVFVTkI2aE8xMjh0R0M0VHE1Nm9icXMwUVNRX3ozRzBaQ1BvbzhJWTdHdm1BeWdiYy1HSjNFNUxCVlpUWUpubmdTd2hkZHJjclZFOUlhLXRFWEpYMUF5Y1VSTFBabWV3akdNZ3duVVNBX3NSVW80SzJaUjNLbHlLVGQ0SEpaRWNhRXdnU0ltLUNB?oc=5,1
OANN_R,https://news.google.com/rss/articles/CBMimwFBVV95cUxNX2hTcW1sNTFqSkF0US1ieXdKTU5xUkYteHRQZDhiSFpwRHBuRU1FQ1RlTXBSXzRtYmtYWV9mRklJcWcxeGZLT1p3RUsyRlBZeGphTG5rUUtsVUxfWmZ1SktiV29fX01GOUs4NUJySmNZcWk0a2JYRDdfVjRkdlppM2FHR2JucUJDSzBYUXoxcUxnbE1nRnl2RGJYMA?oc=5,1
OANN_R,https://news.google.com/rss/articles/CBMizAFBVV95cUxOTm40VjJaenRUZ1c4cDd2b0pIRnExMUpNVjczeHI4UV95eVVLdWtLOGhCZi1DRUN4WkRlc0g5TnZCZUVIOVpZcnh5TTFVcmpSdlBnemdianJ4a0xON0tYYzZCLUwtX21IRUZIeWwteG9UTWlPbl81eGlPVHlUM0dUamFWRUFsOVh6dzlwVnlRMnpacmRFcVJBbS01S2pDWThpaWFfaDlPOFlpWWU3NjdWYjQ0QXREM0k1eDIxLWZ4WDJzemlvNDJ1M2FSU0U?oc=5,1
OANN_R,https://news.google.com/rss/articles/CBMi6wFBVV95cUxOeVBiQTRaSHJ2Szd1dDBhR1pKd3JINk1XbXZtdWRSTDNmVGZ0cTAxazJhalFvRXlXZGJPdVkxdjJwMkZ0c0dCbUs2emVwUW5UQklJQW1lcUNxQU1wbVBWdUhxS0R2T2thSk8wbnJnb3FwbUhZcVZuOXl4Q0d6SWNOSzMyd3VJbXFZWXFJN0RhV3lhTUhNQ3EzdnhPMFRHX0VuNWt3Q2Y5Wml3NjRULXRBRmJPdE9qNUZwd2Q1Qm1Od1ZFejU1MTNLb3JRRVFRX0kwYTBmZnc3eFpPVlJNNHprS0VqRXhsbFFlT20w?oc=5,1
OANN_R,https://news.google.com/rss/articles/CBMixwFBVV95cUxNQm8yV1ViQXphZGJNRHJaelhVVXc1ZVlwanpPR0NSOVM0alV0Yk1KQlRteGVnSDczSExtS0NOV18tcm5qVEwxWXdCYnAwSUhtVXJUaDhpRG1NdnFnSEY4QkdWVzF6SUttMnVaeDFqc05FbGJ3SWJid01oaUVUeHBBWlljR24wQzdRUnkycFFUdGFFcGVJcVNOWW5YdFBhdVJOUzlVZncwUkxMN0xaWWRNcmZTWWlGMVpNM0lxaUx1YmdTTlF2UWhV?oc=5,1
OANN_R,https://news.google.com/rss/articles/CBMinAFBVV95cUxQNzA0Z0dQWVRFSUdfZklMMF9ONmpDc2E0SFN4dUpKcmlDdURCblFSVkhtNTJFUGZwTmVXdFR2SWhCOG43VHVvR0tJbWo0UGVfZzBSWnJsQjg1NGNOa192V28zSFR0ZlZRYWZrLWFpdVM3OTVpZURmRFZid1BCUmRpcHl4R2htWGtIV2ZYLUgzUFIyTU92MDJRSWpqWXI?oc=5,1
OANN_R,https://news.google.com/rss/articles/CBMihwFBVV95cUxQT2FZandmNlVJMU1qVXhBbms3Zk1jTGp1R2REVnNXdkphbFlUT0x2QzJ2YldOa0ZublR3UG5OVDRTVGlpdGc5WkNwTWliMlZDemtqRE44NDFuRFhGcEVSQ29QQzZwdDVhcUpWd3B6QzA4VnVhWU5WSDdQVno2VENDR1FGTzFzYXc?oc=5,1
OANN_R,https://news.google.com/rss/articles/CBMinAFBVV95cUxPM2ZsSG5EMGxmUWN5c1FicVE5eThzcjRVQ2tmbVAyMEpXSjhIYlFFenJ4bC1XcllaSkpJYzRjYUFCeUtqVGZzQjBMNElPN2ZZZ1BFNE5Dc0tjVnZpYmJmNGVKTG5fSmdTZjRBYUMyeUsxaktqeW9zSkNqc1pSaG5uMlpzejNXeWl4QXRDTnQwYThjVk96MHdNY3NwdWk?oc=5,1
OANN_R,https://news.google.com/rss/articles/CBMitwFBVV95cUxOUkp1YzlmX0N5UEdHMXAyWEJ3ZjNIempsdU53LVZDd2NVRVNxMnlVTEdpSHJYYTByaU5RSUs5Rml6THRtZDF2dmRucFFkQkFrUXdLTUJyVndoNVl0WnNkLURDY1FGYnV1d00zQVpwQy1XdlVKUlFBbllROVkyZUdaYXNwV2VUaXA4RGx6TjMyZlREUUFaYmE0VU5hUmlfM21FVzJGNFYyMzQ3WVZUQVlfYWc4V3RmMzA?oc=5,1
OANN_R,https://news.google.com/rss/articles/CBMilwFBVV95cUxOWTlHT2VfZ01HYVRWS3ZmMXBVQ01SZ1JMU1RxLTBsOG5lQzhhdVZ1djQyNGNMWlRRbWNDaTFGNVNQX25vX1J1bVFjbjQzczlwWkdwYWVNSEJ4T05LZHVweEVMQkNSaU12YUdLeHJxV215UzJqSm5zalBPeVM3by1uWWhaVGVpekF2akRiYjJmWEVVdFU5cEl3?oc=5,1
OANN_R,https://news.google.com/rss/articles/CBMisAFBVV95cUxQRHQtRFdrUFZsMExPdzk0bDZFNWh3N2tHRUJvY2JiVVdpdnhwWUNsUmxHa2pfUmE0REtXRW1kejJfT3lHRUtZWG9sOWhkY01kcTAwLWxNUzI5bVBmTi1pMThZcG8wWC0yNmdKWjhpbS0xdWlxZEZ4Wm44TENRTUpUc1N0VEVWcm1Gc082aEhuNUtQTDlJNXp3dlo1ZmFzUFFJejBuSVRfVjJiUVdsOWpCLQ?oc=5,1
OANN_R,https://news.google.com/rss/articles/CBMioAFBVV95cUxOSzA3aFVYRHlpTXpBVlllMmxURW9XX3A5Wi1oaV9HTHQ3MC11VENyWFlwR0o0STJyOFZnNmRBUzZBSUVicFBXUnB1ZjREdE1zVFpvQmhjaVd1WVZkWjhoNFBTTjd6MnZ3WHV1bFFmQWpDV3BwZmFZSDRieDYzRFFjSUxNQWN2dXZoZlFYM1NKZG01U1RYU1RXNktBU3lQNHFS?oc=5,1
OANN_R,https://news.google.com/rss/articles/CBMiuAFBVV95cUxQMnRZdGlIVVdoMF9aYm5qTkI5dFY3QWZsTlAzUlNsNTlPMTJxMlNNSkY4YVZaZWhGdHlOekxCdGN3WVp2eV85TndkczBvUHVBMzI3Q2ZnXzFYX1NvaVlabXg0cjFGakVzSzU5OWhhRXVRVGY2TkY1dDlqS014WnVnbjdoZmdJdE9QeUNLLWxHWXR6aGFKWm1SQk5KV2R4cWdNWDkxYWNxYVNKb2M5ZTg5Y3BWWVhqUmNs?oc=5,1
OANN_R,https://news.google.com/rss/articles/CBMiogFBVV95cUxOOWdCN19FSW9fOGVsX2YxMElPUHh4bllfMDdFZEtyME8zMXNWcmdfT204dmNUUkF5TXVDTzdQam53OFJ3SkRQdU9RbXROc0U0MEoxdWE5TlhGbTZRT3hUU2dJNTRpcXg3cHNOanpTT3FqUmhCNW5YSmlKTkItX0pIclJzZzkxaV9tblFLSXVnSXhjRlotMVo2ckw2ei1WSGdrSGc?oc=5,1
OANN_R,https://news.google.com/rss/articles/CBMiwwFBVV95cUxQeDVodFVvcHlMVGcxQXlUX1ZqYWJ4SkZ2RkpCTUxfWW9hUTVnVHdXZTB6eUdURDJZbXBiY2VBNXJfM2RPU0RhRllFa1pYYkFLNVRkM21YbTI0eExZTDhWTGE4OU9TdVFHcFlZcXdIa2hheVl5cXhGNy1PMUxsUHZYdG1kdWpsTEY0dVNvX3c2NnB6SVVxREp3THdseE94TmlZSHk0X1hXOTJOWjRJWkVNbHdXQ29yMEEtVktqaVhMUWYxUnc?oc=5,1
OANN_R,https://news.google.com/rss/articles/CBMijgFBVV95cUxPMDBCNHQ3cWVUbDBBR0o4R1g1Q19PMDV0V0RjUjFlSWhSWldSOEhHalljb0oxTVVjbUpQRUlnS1duT25hbjYtaXFUZE5tQTBiR0VqVnBhZ01ycHhWeTNUQU0zeXhoZ29PaG15U0lXNlJUa08wSTEwNW9qcnBVWFZGdlhVWDRBelV0cE5ZVUd3?oc=5,1
OANN_R,https://news.google.com/rss/articles/CBMi0wFBVV95cUxNRWVNaEpyb1ZabjNibUxVTURQRnE5YWl5Z29OY25jblRadHM3eFEtWXB6TXVoTW1MQ09JV1NJVVNDd0xqRVZqTmx4dVlMUmxTSjNZRWh4a2MtWWVtQWxseW5ad2QweEdNX3laVXhLSXBDWktrRTY4WDdzU0xmMDExZVJOcFZ0TktuRFFaUGJGcTFTYVBZMWhua0FubUg0dTVZRU1KaGloN05Za2FTYmNqcC1BeHNDd0JpV3VXVkp0c2V4SHFCNEU5WnFNMzEzckxiY1I0?oc=5,1
OANN_R,https://news.google.com/rss/articles/CBMiX0FVX3lxTFBzbE9iLU5XUmxwVm8tSTl1TUNNdlpMOHdNdTVNZmNhaXRuQ21nVnVaMGlHWU1KSnhKOHREcEd2VkJlTVN0V0lEVzV0U0ZaelhvcThESVpaZ3RTTGs1MjU4?oc=5,1
OANN_R,https://news.google.com/rss/articles/CBMingFBVV95cUxPSXpOS1pmb29PTkU2dzM4REZCSHhjSlhGcmFpTl9DYnB2djNMVmNkbVZTNGJhSThiMUtCN3pEdXdMZWV1S2NYb21jNlhNRkFQbHNHdTlpUlpnZEs5YVFmSUtrNVF1LWlkQjhod2lKbG9SVllBQzZRajEwb2FXWWsySS1DY2FUSTFHd2lrdVE4U0ZnQ1lQdjk2YndwY0VSdw?oc=5,1
OANN_R,https://news.google.com/rss/articles/CBMilgFBVV95cUxPZ1RkQjlVYjdYTmFaQ1VxaVRsQkgxeUJhNTd5WE9IT3ZEVW1iRmRPZmQ1UjFTVDJPSGNuTVNMZVJkUjRxMldzUlpRTW43WlZfRnhzbDZsUGh6blpjcmlqZGJTNUZpMmhSWDVmSUJqdEpSemtDSVNxaUlRVV8tcGZZbHRCU2VEZGNOVmVYUThHRGtzdzl4U0E?oc=5,1
OANN_R,https://news.google.com/rss/articles/CBMiigFBVV95cUxNSjQyd3h2VWFlUW54ZUdaSk14NDJzaXFWbmdYSTFCcDhwZFVPcHJvM0x4Vkg5eXRJcENaam1hS1VrdHdvQWUyS0lWbE9ieXJONXlzdXVsbHNwRjNmMVpsVVlpWVJGbEJYVnRNakc1MlRseEx0MHRxWHRiMWtMLWo2U0hpNVEzTFhyNEE?oc=5,1
OANN_R,https://news.google.com/rss/articles/CBMipAFBVV95cUxPZ2U1LXB3eS1lREZXbVFOMHJSRnIySUZ6VTRFOHZINzBMTkNPX0FUSFZmR0lLX1JNbmpFUXFOTUFCQ0w1WXZXZVZiQlZXZEhIcW9ubTBELTVuckhCdnQ5Y3NkUV8zZWIzSmNWTEc2YXJ6NzEtQjFFRl8tR1l0UHduTTRpYUk0Ymg4OGlBQUNuM2hKYldHM2VpQm4wYzM5aEdCajF4OQ?oc=5,1
OANN_R,https://news.google.com/rss/articles/CBMiiAFBVV95cUxNWW9CaFBRSW9qMlZ4ZmZrd3R1TUE3M04xSHprNzlQQVd0NjhuM1JIV1FCZnJTcXllSVFCRjNGbEg5akVHSWFtNVJUeEtHbEhVMFdtLUZjU3FINHNvTkhUeGtxelVCaUhmNmpmUVBVRUhncEIwYTdPTVBFZlhIZENEeUhaVTdpUGJj?oc=5,1
Instapundit_R,https://news.google.com/rss/articles/CBMiRkFVX3lxTE9kSk15aWFwWi1jUXdTTHh4Nm9DZUNQdmJKZWRDM0NyU21EdWx1am81aW9ZR1ViSTV0b2hHSnZXZkFOZGxSZUE?oc=5,1
Instapundit_R,https://news.google.com/rss/articles/CBMiRkFVX3lxTE45dGFseldINWZuNmZiV2ZNeTNxbERFWmFxLThpWXdYdTlTMnNqcV85SnlfMS1XZVozVDZxdm14UEx5anQ4UVE?oc=5,1
Instapundit_R,https://news.google.com/rss/articles/CBMiRkFVX3lxTE1Gc2dEbkQ0elRGVlJQWHFfeF9oMVMzLWpPR1lNUFNXRDNhTktVUTgxejNCWFpweWlvb2x5eE50TUxhTmNObHc?oc=5,1
Instapundit_R,https://news.google.com/rss/articles/CBMiRkFVX3lxTFBoY1daZDRwU1BObjl2TkZlVzNDSmp1bEgwZlAzVmJ3NGNpdXlnMXZ6ZHBrX1JBR2p2WHNoZkM5R3JpVDhva2c?oc=5,1
Instapundit_R,https://news.google.com/rss/articles/CBMiRkFVX3lxTE9rdUZueTZJZ3Z4b29weVNtS2EyYjVCbmhDVDRSbFVPVWR2U1NZWFRrMWRzY0xHZFkwanpEUTB6dVMzWWUyTlE?oc=5,1
Instapundit_R,https://news.google.com/rss/articles/CBMiRkFVX3lxTFBiUk5NX2JvZkFWdUhwc196Y2Jka0JpZGdFSUp6RFFObkZHTDhJNVM1Yjl6a2xweWVIZ0tGcFl3MV83WTZmRUE?oc=5,1
Instapundit_R,https://news.google.com/rss/articles/CBMiRkFVX3lxTE4xZ0kyYy1BbkxOTDVUUFRtMzB4R21sN21UeDBjOWNPR1pFTElOOW12WldlMFhiMmZtSGRRbUw4cjRRS3NVSGc?oc=5,1
Instapundit_R,https://news.google.com/rss/articles/CBMiRkFVX3lxTE9LS2cxRnJYdGJVSHU4NHBOQzZVVlpIcWtyNDM0bGRsUTdLbEY5cFU2dnJaU2x5T1ROSHF3ZlpqS2k5UTNLVEE?oc=5,1
Instapundit_R,https://news.google.com/rss/articles/CBMiRkFVX3lxTE9kd1lxOEM4cUlaQ2ZOMUpreFozbGdIUkdDcklBMUlEYXphR0laV3ZlaE9GbjhIUmZqeU5TcWtkR3lIQ2RsQ1E?oc=5,1
Instapundit_R,https://news.google.com/rss/articles/CBMiRkFVX3lxTFB1bzQ0Y0d5VDBkN3VZWGdkb1AwQUFRTTZxUHRkY0c4VGZYb2NCQjhqT1dRVXdVRi1RZkJmLTh6NUlONGU2U0E?oc=5,1
Instapundit_R,https://news.google.com/rss/articles/CBMiRkFVX3lxTE9UZkZBX1RMOGhpQW9lN1BRUGZqQXV1SHBidzFJRDBFMGtUTkltSXB5dXdKWkpwZ09vaWRwZHhNU1dQOWppNlE?oc=5,1
Instapundit_R,https://news.google.com/rss/articles/CBMiRkFVX3lxTFBWZFdvSXc2dHNXOTdzMVJzOEdCQk54d1VsRWxRSS1oVjJsU3k3TzVoME05dlBlREJuR25qSDUtVGRRQzhKNWc?oc=5,1
Instapundit_R,https://news.google.com/rss/articles/CBMiRkFVX3lxTE5DeG0wd2gwNG1ZTUFUc2E0aHRic1dGY1VBamtLM3M0ekt5SzRtTDdMZkZjNXJjbzFWX21ibW9KWjFVX0NqLXc?oc=5,1
Instapundit_R,https://news.google.com/rss/articles/CBMiRkFVX3lxTE8tY0lVd1p1ODBrWVlGRGJTTmtSS0dpd0l2V0ZIcHUzcFFBdkYtazhGeFp1Wmx1dFZuOGxrejF2WXNrQThLVWc?oc=5,1
Instapundit_R,https://news.google.com/rss/articles/CBMiRkFVX3lxTFBEWURRcDhvMHNrMnE2MVRaRmo1SW93YnZZaWQ0amVQWkI2ZTNZRXRZM3pSbzJKT2VWdXE4dFpGOTVzSGdmTUE?oc=5,1
Instapundit_R,https://news.google.com/rss/articles/CBMiRkFVX3lxTE5hZDdaQ1ltZ19GcUJidFNoS3M5WE1NcmtURXRyS1dNdExMLW0tRm9hNjlhSU1qWFpuWlBhMmU3aVl5dU9wSUE?oc=5,1
Instapundit_R,https://news.google.com/rss/articles/CBMiRkFVX3lxTE9WLTZISE5rNzczUEQ4NkE3TGVUaXhIcWh4aUZQWUVvNDd3eEtWNUpWRC1sNWx4UEZ2aThKdnluYm1nM254SWc?oc=5,1
Instapundit_R,https://news.google.com/rss/articles/CBMiRkFVX3lxTE9ZNXVtS2Q4RnVFQXVsMmY3WkxWMGl5OWQtalM5ZGdtd2RLMUxyNURhNnJHMVRTQ0hFUk55ekRTNVdIM0hWZlE?oc=5,1
Instapundit_R,https://news.google.com/rss/articles/CBMiRkFVX3lxTE5MWF9GM0hWUkh6VGtVMUpfZ1RNSDNhV1lUeXByXzc3bGNNTGFRUmFjQkxGZk1iQ0FLZmpDZVg3eHZ4UXlhRmc?oc=5,1
Instapundit_R,https://news.google.com/rss/articles/CBMiRkFVX3lxTE9fWlJMX1I2a21rTkZGZTdoY3ZHME9YNnZzZWxZcjV4VDFsZ002XzhZVGh2cDRtRUZKSi04NFZfWlBXQWhBd3c?oc=5,1
Instapundit_R,https://news.google.com/rss/articles/CBMiRkFVX3lxTE5obXhkX2tBLVhUQTF2aVFMWnZkbml5ejVMVFNEc2VWWElTeXVZNEQ1a1VXbUFDb1g4bmRpVEFqWUcwNDFYVlE?oc=5,1
Instapundit_R,https://news.google.com/rss/articles/CBMiRkFVX3lxTFB2dzhSNWh2YUp1Zll4Z2ZRN1Vpcmo0Sm1LY1pFWnhzQ29QUTQtNUtXMXN6eG10UV9qZ3dNdEVyQkRUbEczNWc?oc=5,1
Instapundit_R,https://news.google.com/rss/articles/CBMiRkFVX3lxTE5mYUtzTFIyRlZKUjNxNldYR01JU2lxYlNUdE56VXZpSkFtb1dJajdtT1dnZVFJOG4td3RwRjNjNl9yMEdNaHc?oc=5,1
Instapundit_R,https://news.google.com/rss/articles/CBMiRkFVX3lxTFB3OTFXSm5hSXdaUDZkM2ZvaTI0aDk0NTQ0OVpDTFJwcEpHekhvT2ZsbGpOSE9nZkowSzgzT3hPX3lyaV9mMnc?oc=5,1
Instapundit_R,https://news.google.com/rss/articles/CBMiRkFVX3lxTE1pUXFTcTB4SnNfYkpnUkVLckRlOUtaOFlHRmN3MVRBZXdZUnk2Rm05OUNQTlRvVS00Ti1zVEIzSHdXRXZ6b3c?oc=5,1
Instapundit_R,https://news.google.com/rss/articles/CBMiRkFVX3lxTE1VMkFNWXl1NEZfTnN2a0lNVWdKVVRfUk5jT00zRmVwdUxvOFBKVHhqUktlSFNwOGJuWEJ5dUtZXzBtbXVqUGc?oc=5,1
Instapundit_R,https://news.google.com/rss/articles/CBMiUkFVX3lxTE1tOGJtaUdZV29UNWFnSjBVNEI1dDZjTFRKOTA3a2w5LTNUM3VrelRJQmhYcDRfak5aSFQwcUFuak9jR3M0Y0l0ODJvOGpuZ0E1TVE?oc=5,1
FoxPolitics_R,https://www.foxnews.com/politics/greenland-rejects-trumps-hospital-ship-proposal-citing-existing-free-healthcare-system,1
FoxPolitics_R,https://www.foxnews.com/politics/aoc-blames-critics-trump-munich-hiccup-backlash,1
FoxPolitics_R,https://www.foxnews.com/politics/president-trump-tells-netflix-fire-susan-rice-pay-consequences,1
FoxPolitics_R,https://www.foxnews.com/politics/why-keeping-lawmakers-dc-during-shutdown-may-have-caused-more-harm-than-good,1
FoxPolitics_R,https://www.foxnews.com/politics/armed-man-shot-killed-after-unauthorized-entry-mar-a-lago-secret-service,1
FoxPolitics_R,https://www.foxnews.com/politics/exiled-iranian-princess-islamic-regime-has-never-been-close-falling-people-begging-trump-help,1
FoxPolitics_R,https://www.foxnews.com/politics/trump-sending-us-military-hospital-ship-greenland-take-care-sick,1
FoxPolitics_R,https://www.foxnews.com/politics/watch-top-5-most-memorable-moments-american-state-union-history,1
FoxPolitics_R,https://www.foxnews.com/politics/dhs-suspends-tsa-precheck-global-entry-partial-government-shutdown-continues,1
FoxPolitics_R,https://www.foxnews.com/politics/grenell-calls-ice-rink-vandal-terrorist-federal-authorities-hunt-suspect-toxic-attack,1
FoxPolitics_R,https://www.foxnews.com/politics/bianco-says-democrat-policy-indefensible-gop-candidates-top-california-governor-polling,1
FoxPolitics_R,https://www.foxnews.com/politics/newsom-weighs-social-media-age-restrictions-citing-experience-parent-we-need-help,1
FoxPolitics_R,https://www.foxnews.com/politics/trump-pulls-endorsement-gop-lawmaker-alleged-lack-support-administrations-tariff-agenda,1
FoxPolitics_R,https://www.foxnews.com/politics/mamdani-promotes-nyc-where-every-family-can-afford-home-rips-ices-cruelty-amid-budget-blowback,1
FoxPolitics_R,https://www.foxnews.com/politics/trump-reveals-his-new-hero-supreme-court-justice-after-tariffs-ruling,1
FoxPolitics_R,https://www.foxnews.com/politics/trump-raises-global-tariff-15-percent,1
FoxPolitics_R,https://www.foxnews.com/politics/trump-torches-stupid-aocs-munich-showing-tees-up-fresh-fight-progressive-democrats,1
FoxPolitics_R,https://www.foxnews.com/politics/labor-dept-deploys-strike-team-california-21b-unemployment-debt-fraud-concerns,1
FoxPolitics_R,https://www.foxnews.com/politics/trump-approves-dc-emergency-declaration-over-potomac-sewage-spill-fema-mobilizes,1
FoxPolitics_R,https://www.foxnews.com/politics/doges-medicaid-data-dump-aims-expose-fraud-privacy-legal-hurdles-loom,1
FoxPolitics_R,https://www.foxnews.com/politics/openai-didnt-contact-police-despite-employees-flagging-mass-shooters-concerning-chatbot-interactions-report,1
FoxPolitics_R,https://www.foxnews.com/politics/sheriffs-plot-ice-cooperation-workarounds-after-new-maryland-law-bans-cooperation-immigration-officers,1
FoxPolitics_R,https://www.foxnews.com/politics/bureaucrats-hide-true-price-obama-presidential-center-taxpayers-hit-infrastructure-bill,1
FoxPolitics_R,https://www.foxnews.com/politics/judge-forces-ca-hospital-keep-trans-treatments-minors-trump-funding-threat,1
FoxPolitics_R,https://www.foxnews.com/politics/liberals-lose-minds-over-justice-department-banner-featuring-trump,1
Breitbart_Politics_R,https://news.google.com/rss/articles/CBMipgFBVV95cUxOQjl3eE8tWktDZDNtLUxBT0hHemRkUDVJYnJPTlBmV3YzT1hGQ1RXREV5d1NxbGJGbS05NHNwWWwzSUpfUzlIZ0YzdlRHUHBWdlRCY2dHRUY5d1NKai16ZlVzZ1dBSTYyWVR0cjNXdmhnNjBaaTlod0g5QUI1WnMybWtkdG83dUVjVTJ2S2NMRjJQQ1otdmVHV1N0NXM1VjhHa1k0QkRB0gGrAUFVX3lxTFB1QUtUMlY3cHlPbUYxLU83NFFJOFU5eEVGUTNGTjRHdkhoMnFVaHB3TWZtYnE0Y0JJSmdpWWlOb18yTUlwSU9fOGNkanZkbURMM1ljT2hCNUJzQVRJeHo4VGFTVVVDb2JPSWRfWUoyWUNFSDA3a2ZVWlAyTC1DVjh5cDRKaXB3QkhJN3BTbTFwY09PSUFfMUdNZ1RralhwNERUdWllMVQzSjRpTQ?oc=5,1
Breitbart_Politics_R,https://news.google.com/rss/articles/CBMitgFBVV95cUxOelhZSUlhZzNJdklwOVBXU3RrTTlYeWE4Z1NuYjRyZGttYm42TUlWMkZDM21HcnFvSUFrSWNKNVQ0ZjFvZm55SXNnaU02d2tMUmZULTJoaTlOMEptSDRzUU9qanVISTB4UXB1RmxWUmswMkxrR2dzTVZDV2pQTVpSeXJ1dlRnaUMwSWN1c1dSN0VOTDZyeG9oZVZvUWctdGdiOHBuWE5haGVCNXVtMnNOY1VqSVdtd9IBuwFBVV95cUxPM3h0SEZrNnpLOUxBNjVGalRvYlpWZWp1ZnZiMkkzYXZMQ2x6NzdyeU9aSndDQVdJSldvSkF5RF9rUm1ia0ZaeHhERlBLamFScFR6LUJ1bFVVcU1jVkk1eXpObC00bnNuc25XSjFwbnJocnN5UEF6d2daM1JLbjBub003WXZGbTB1Und4V2VXeWJtWm5WOGZtdWNCcVV3QkVxQm4xNlo0RTB1QVZ2bEhyRkowV1FGNnB6X2Vr?oc=5,1
Breitbart_Politics_R,https://news.google.com/rss/articles/CBMiuwFBVV95cUxPLVNNZmRCZ0ZHcTR1b2NubXhvRnRrLUZEMVBhdHNHUlc1a21vdHVUQlhYeGcxdGFmNDVPYzBkMjhSRzZRanRaTWRCY3hiYl9uODVSX3dYcE45NGtzOFRzZ2J4X19xelgwMWdRSHBzUGtzRWI1WE1BM19wX3FUenpuemtVZV8wUUtKeENuTEh0NVFwd1pOeWVOcGx5NXRaeDhPeEI0bTZrbWpXMmVJSldObTRsVm4xeF90TGVz0gHAAUFVX3lxTE82RWhmWW4yU2RwMklQMkNjdFJoWlVXZ2ZtYURNSllMX0s0Q0p3dnhIa3JVWHlteUZyRjVMR1F6aW9sdEFqaFMwcE9kLVZCalV6Q2Q1bEhvd0pZblVuckliVWhQRVIya0NhbEFoalhvMndSaDV5U1Zva2N3NjhCVExEcVZrci1lY0FDVFdhZlRYUWVSd3NPYjRYTGs5T3FWNWkwc1RyYV9XQ1dIRTJrR0p2UmdBc2tQaWJUS0F4WDZUQg?oc=5,1
Breitbart_Politics_R,https://news.google.com/rss/articles/CBMilAFBVV95cUxOQ2VUajR4TkZKVFZMYTZjSnVWSVByTFJxWlctQVhiWWlON2JvYm4yWmFxLUF1eTdKMTJ4MTRLRlJxekFwYVU5LW5tUkFkTHFwVzVsTXBPdDJiZFQ0ZG1TTTM5c0pPX1hEaXBWTWFKRVlCbEtBUFZ5NmdLc0Z4N0Fwc09nWWZtcTBRY1FtYV84Y19MU0hB0gGaAUFVX3lxTE8tTTJhNTJ5MFk4eW5NT2ZfRlp1WkNFdlEydGZ4SkJiZmprWFVMcXJucmV5RFl2RHl0dF9FeVNmNFh1WXQxUEhzQnlJYXNlYzhxeWVvakt3R3hFa1Zlb2dDdFRLOTFsVm5yRFVKQjhnVk15Y29mM19wWWd2U09ubHowZ0p4dGtmOEdiWVV4QVJBM1JIWHRYckwzOXc?oc=5,1
Breitbart_Politics_R,https://news.google.com/rss/articles/CBMiqAFBVV95cUxPNERHdkVHaEZXOXBJX1BHbkNuV0NXNHBFUkNEN2dHTmF2X3RuNjY3ZWQySWtWX2d0bGdET0xKaHJ0eVdJbmRNZXZCNDVxVDNWQWRPQk1xYTBUWk9EMlJuTFQ4MkI4bzU5SHBGcXE5RnNJT0Y4SzBhd3hYYUFqcDFZdXY3djFOeXFUZTU3VjYtX3FNOTQ3TDB3X2k1QjZabUJXWGdqSGhoRWfSAa4BQVVfeXFMT1BSNFJNaXhKSzBvY25PT0YzQjQ2anhPdFpsYW80MVJKQ09ENElZQ1RuMmJma2ZSLVBoYkw4c1EyTnJHa3BsOU1BNm5BR2pYOW1zMzJON1ZnZ0M2V3k3UmRiSGNFRmNFanB6YWN3bktRc3paU3YxQWNxd0F1UHp1Q2tfR1NaZXV1Y2ZqQzZhSHF0UUdlMC12Z1VKQzJtdmJZRlZ3Y2JlN3czZFdRck13?oc=5,1
Breitbart_Politics_R,https://news.google.com/rss/articles/CBMizwFBVV95cUxPM2hsZHNqcE1nWEtXeE9PaGJHT2VvbjFDMlVsY1EzMTNMNUhkRVZJSXJld2otdGlqMll1UUhyUnk5WG9wNi1tNDMxS2VrWFdJM3JfUkZ4VWxZOXAxMmlKaFhkcU9nUmpYWWFVVnpZaEhVeEZSYmN5cVFPTUdySTNxMEhJcEd2WDFvaWhqUnZCODYzMldVbC1YOVNDYmh4cUU2RXpvdkhjRGRKTlZQRHNaTHZESEo2TjV1d3FjQk00RVVMSFBkVFpBc1g3bFY2cnfSAdQBQVVfeXFMTzcyTzBrS3J5akdtWllNajZtNUpaQ3hTMkdwd2lhUnlYWHpEUXJ4aHRwMG5IeUxvbF9DMHJkZ0M0M3FWcFJqZFJqYmFveHVQRUFFYW01LVFXLTVKWWhuWHEzV1JkZXFvSjlYMnR3TzFrTlp2T1lVTVdhNzZMN0VrUW5BMFhtY213N3JMMFpLN0h4blhwSE1kZkVJb0NBc1dyV0tRemRGV2tBQ3plNWQxUU45QjNEZ3FNZ3NDUWRETkdRNGF2enpTVm9KbFMtbzVKVWtZNEg?oc=5,1
Breitbart_Politics_R,https://news.google.com/rss/articles/CBMi6wFBVV95cUxOLTFvRC1BNWdzRlYxMW5jQnk2Rjd3WUZ0aENoVERjY1VNRE1lc3FjM0E4SllvVTRjNDVXZFdoWUlCSFJ4eDg1WktmUGFBUUI0ZjhUaHEwaFh2OHdtSEdveVpSSHA3emo5THRKQm13Q0N1X2xpbkpfQUxzc3phX0tCSEp6Um5MbzQ4M040WVhVd2hHcmNMV1NYS0o2bGU5ZGlPbG1YZ0t4enFjd0IyeDR4a3pqcDdfSC1QNEoxVUF1enhHeWVjRG5nV0drTnZmN0lxbFZ2RDV1eHNueTE3cEppc2o2azFwQ2RsMGlN0gHwAUFVX3lxTFB0NlBUbnM0Y2tJNFl1U3RTNHpSWldFeEV5Tl9hWG9wdGlZV0xGaDRyZjVsR1lPSEUxNzlmVDNVUlk5WXJiREs1MERWUXdaSWp1VG4wS3VEQVlSaXdkU3JIMEVPTGlYeE1PUGZLdjAwYUxvUlo1a1VpWDRfckNweERwTXFHM3dwbklQSGwweGhzWjg4NHBJNk5EbWVzaTRrUGR4MjJNNm5hX2xWV2FjUmY2X0s3SnkwNm80ZTRmOG9yZmhvbFhNdzFXNHVnSVBQcG92WGgtWkJtdUNJcmZlQnBMOVgwNElrNTNfVDJJN3BxRw?oc=5,1
Breitbart_Politics_R,https://news.google.com/rss/articles/CBMiswFBVV95cUxOSlNUSzRBaUxUdEVXQkVfc1B6UmVXVHhSZ0ZpX3lSLWJOeHFkTXo1ellleUpSUzQ1b1BxU2ZrNWtUYWhSeVpFMFJHc2VrWnJqVGhhMUxGQVduWjhwSUg4X1dxaG81dDUzNXUtS203Z3FSQmwxY2ltNndLeHdxNmVVc2hYekpGbXpWaUpPeWd6WVdRR3BCdDZpUHZSTUJJQmhhdlROZU1xTEJseVdSSEtPWFJad9IBuAFBVV95cUxPTnlMNnNYX2owdnVIN1kzRE9DcVZ0SWo4RzBfYVh4aXh2LWFtVzlnN1JVMXRoYURycVU1Y3QzSGFueGVhd2pTUlIxQjRCaGZxbGlBNHNsLXFxcmVUX2d0U2ZDQlJPNEM5bE5ROV9hV1dTUnd5cUZ1U1JCX2o1WWhyc1ZaNDdVaUJRWHlPLV9hNjhYcFFaRnJHNkl2cVVyVjQzQ1dueUU5U2s4QU9UTTVOSnRzT3Ficy1H?oc=5,1
Breitbart_Politics_R,https://news.google.com/rss/articles/CBMiugFBVV95cUxNcjRxZDRUaVpmOERGTGdRR29ManBobHJGTmU0Q2hWV1BoMnpobXNObTM4SmJ1ZmFSZHFYYkNLSFljVi1tazlPeWRvTWVkRUktVUo1d0Z4djVyY1RYcWJ6VWJ2LVc4NWhIQTlIVDRMU0pBWGZmbWs3QlVxUTlJWmw2Qk91Mkt3Wm1MeDcweFNoT0hGam9ORHVwQWpwTTgyUTUzNHdyRl9rNUNCMHdaYU8wU2dhMnlGbThSdmfSAb8BQVVfeXFMTW0zRnBPVG1TbGJnelk1ZTJ2azgxT01pUUhSb3ZiY0pvSEEwMm5CcTNaQVFUdTZVQkc0cEphTzR4RDhTSnBibEw4dUQ1SFBZU1lCRTdyZ0hFUTB1a1c0YXFKSV9GdGdJUlNZWVA5ejNuY2c4UVlMcUdJMk50ajRlUzBZNWF6TDE1cFBDQUkwNGlRckRTTWVvbDBmMGxWSFd4d1NpdXVzUmZzdkxFTzE4RVhGUUpNQlJOY3RVUEFsYk0?oc=5,1
Breitbart_Politics_R,https://news.google.com/rss/articles/CBMiogFBVV95cUxPSjZPbnVGRDRwNmpXMy0yb1RaYlZtTEtuR2ZrMlBCV2JCV0RBbGRJak15dlN5SHYxRFpYOTQwY0ZRTDNCQUJfOE0ySGpUbERuZE1OWUZRY3FDanFlaDBZSGVHc3cwT0ZZNjBHNjMwX1c2VFVKNVFSYWw5dzhzZ2JMMHhmZE05aFBjQkhlTjJvZ1BnaVZFM0lBQnVXRjgzdzNrVnfSAacBQVVfeXFMUEl1Q191WkFocmxaNFMwQ1JXNENJV3ZrbUQzSUk1SlhTZWZWSThpQkl4N3hZdElkc3ZrTXYtOHFULVZYNXdiaHROMGx6M1V5ZVo0SVV3V0VIb1plX3ZjOGVuTlZpS2FKem1HQkYxZU50QjhlcWhzbEl3czZkckw2dHFaM0V6ckFsY1kwSVVmV1BvOWItc3dNTXlJcXF4b0gzbjlxQUtaUlk?oc=5,1
Breitbart_Politics_R,https://news.google.com/rss/articles/CBMikwFBVV95cUxNcmNfN2RaU2Y2LTZEaHRQRHIxZDFEaldBcUoxRDRuWVVBNVIyNHUtZ2xrTGxINDd1cm0wdHA5RTdkRGtybVJadGFLS21PTUtCX3JiNDZETVZmcGlTQjk5azdpdUV2RmRsX0RocUFnZzEtUDBOcHlxLVY1Yl9HYkxmaEowdHNmTDVIT2thS3RraEluODjSAZgBQVVfeXFMTUdCcm9naTM3M2JHNjBoUVpfVE5HaE9Pc3h0b3NWckUxS29iWXJhbGFISUN1cm8tNlRwLXQtMmlkYTlXMlRBM2NVTmlNMFZjRGRQWHEzWVc4RHpNbHdkQzlza253QWN0NGJnYUlrQ3poVDRDYzBQS3Bld1cxZmJLN1Q0Y2JSVFlidzJPTllIcE5GUkJTalUzMUU?oc=5,1
Breitbart_Politics_R,https://news.google.com/rss/articles/CBMisgFBVV95cUxPamxNTWNMbEVyWjlfS2c1dWlEUGU1OVNRRkpkcV9ockxwb0VMczRNdnNXdXVVdlJLanMyZXV2Q09Ob051OEFqeW12Vm5UdDRJY2RYQTZIRVVSbmNnTU9DWXY2ekQ4c0Ryd1dSMFRDRTlSNHlYMTQ1S3FlMmZYRTQ0cXNHOEp5U1IyNU9nN2FXUHhYSEs0SHEyWVo2UFEyUTV3NmU1ZGFpbHFJVUtfSWNGMlRB0gG3AUFVX3lxTFBraGl2NWg3QkFpTjljckJDajBPaTZIN1VYaUptTVFwMlNzdjA1VC1VY2JNcm9ZbzE1Uk11eXBPaWRJOXU3SlpIN1REVlJyX0FyZWJDTFBNMHRVUl9pbHBkQm9vYnF2RnFrMnpOOU9sb3dKNzFPRS1IUEx4end3dzBoMmdPQURaMVhEekhLT2E1VDQ1U00xRDhtblExSm5aajZEZXZDZGp2bU5tbjkzSWRqWkcxMEhHOA?oc=5,1
Breitbart_Politics_R,https://news.google.com/rss/articles/CBMirAFBVV95cUxOX0t2aFdzTjh4UU1DTTVDazNfTlVwbWdSblNpRzVxM2lsMUZKN21LU2NoMjVrS3VvYlcwcUIzX192aVdNaW13S3FWd05xejV3SldaS3hEQnBYWXhNbkRhUUpkbmsxazlScDJtaUljaWprT1pleTFnOUk4ZHlCeThKbFcyZVVBa0pHYmpreG1KcWxmNmdDSzdDVXZOcmw2MnBqdWQ5NHdfTnE3enRH0gGyAUFVX3lxTFAzd2E5anBocVNTcXJ2NEJ5Rm81S3BIV3dPZWNsMExURzZxYmNDUWxvNWFmXzJHRlZ1dEdVaE5lMXFpN0thN0NUekdNVzJpWkRHNGxqaEZzVWY0eldsV2tGQjZ6c2ROSTItU0I5aFdHQVJsaFRCX3F4QVBHbHl0LXg3WHhoVlB0bXVRa3JJenUtNWhDZ2dYZW94cUNTTlAyVVJKTEhuVkxweWJmTlJLeWFmSWc?oc=5,1
Breitbart_Politics_R,https://news.google.com/rss/articles/CBMixgFBVV95cUxQdWVwa0RjSVEycndhS25jNUx5Vm4xeTUxdnVuNG45WkgzY1RoRVNpeVhvRWluN3A1TDBfakNiUnNUeVBLcWJmM245OEl6S1gtQmg2THh4eHdPeGt2ZkNJakd5T2FLcjVjWFJBRjczOG56OC12S1NFdlNwdnVTb3FZQjZHLS1fVUJ5S0hNdnhHNUZmRnlYR3ZIOV9DYUVzTy1DSmx6YXlPeGJJOFBSbVpKdFBUbWlSWGpOVnI4Q09kQnBzZHl1QVHSAcsBQVVfeXFMT0c5XzNaSGNoY3dPcDFUb1RHY05XbjNYR0NtSWN4N19aa0J3ZHoxLTltVk5kMFlkUU0tQ0ZqTVlUWVhGQnhnUENBOWhSN3lfMG1YQTA3RWpDNEdXVTVHamdlRUNnbHB0N2t0OWtLeXNqTFZvaF9RRk5oZi1jMGJkc1JtbndGYVZ3NllXU1BFakhzeEZtTFRFMVBlbW1NaUVQaXhKY0xyM1JwV0s4anNvOVZoTjJMemFneEZyRVRtdTgxQXpydUhXQkxpV0U?oc=5,1
Breitbart_Politics_R,https://news.google.com/rss/articles/CBMiogFBVV95cUxQb2pJNlFYWlo0ajQ5a1dHVzN0NlJaY3VxdkoyWVNuMW9YSFc5dkhldGx3VTVZUnBLLVNmWlRuVDZnM0dCV2tQTW5RTE1GN2Q3bHBneUk4MVZzSjZhSi1RNnVFcGduRDhUM05GRVBrUnNQZUNrZ3F1T3ZRT0VwQ3JwcU51Q3Y0WndmVDdqN3Ria0FxLXZrZXlvc1lmelF4LWJTZ2fSAacBQVVfeXFMT3Y2Z1NLdFk3WF9LSVFnTXRZN1RjUWVTV1ZHc1UwWDZuQ25MUEpraUNZWlhFSEYyZU1wZ09pY0VURUR6XzVRYW5IaVpkcUNUcWF1aFJmRlhwbUtOYWZFeVFnSHdxU1VjcExVR1V6Y19uQWtiNllubmpCV3dzc0JvOURZYVhYeW52QjFtN2t1NjVmYUZEY2M1anJCTmZGSnM0VklleEl5M00?oc=5,1
Breitbart_Politics_R,https://news.google.com/rss/articles/CBMiswFBVV95cUxOLWI2c0JSRkd2UVZBQXZsS2FPajdSN3VhcmNhc3lFbXZjd3pCWjhyejVvdHdONGQyN2g4eWdodm16ZFlxQV9LTURlOFA1YTNUYUNVemlORG5hLVpHM1owUm9zQkNJNHJwbERXaXRSTUw3c3d0c0tmMndYbEJJTGRvOWhaNE5GLUVvT2dWNkRyR25MQTlBenhhTGh5MmIwUXk5NW4yNl8xSWc2UVdvNnhxVWQ3WdIBuAFBVV95cUxQV3Q1Wnl4TE50LXlkOTRWejNpMHJBa0ZlNndpMXVrbElKbGZlSXhCNW43d3VpWlNGUEtqRUZLLTFiMjJQNlBOSnhkSmNmVGY3RVlJb0JtNXhzLThLLXJ3OVZ4bmN5al9oUXhvZzNYMmdpRVFaM3pXcnZYcnZDMXRBMThIZGJRbnlGYmozOUlhNE14WE95aTlNbUxmZ0tOM2M3dnA4QXcwX0x1RGZ6bE5LMDNORWd5bmo2?oc=5,1
Breitbart_Politics_R,https://news.google.com/rss/articles/CBMiowFBVV95cUxNQVk0dHZQQjZFMmJxdndpcVc4aUU3SzA2T2Y3ZzBOX25ueDlTYnYxUEZfR3NMOUVwMGFZXzFuUXpybEItY0J0R01XQXJFYWRJWGM1ekdhbEI0SEZybTRrV2E0MFlxUHNVOXNRTTFxVXB3Rkl1dERLTnE4dl9wb0FFT1NDOG9sT1dxWGNtZ3VwTFF0UkVBcjRNTFBld3FreVBydk5r0gGoAUFVX3lxTE1hbWdRbW1GZ3pTRi04ZlE4TmRHOWlCcDluSVFuZjRmU1A2cnNVY3F2T3d6RjVzaXhMV1BpV3loV09HQUhEN1VlT2t1MWdPam5SZXQtU3dMUGV6X0JLRHdVWFFpYlJ5QlQ0NHEtc1E1TkpvZkk5Rk5kUldYQzBSUlJQS2tCcFdDZ0U0d3JTOUpvcWVSN01hNU5feWZ1YzgwYm9ZRGczNWl4Tw?oc=5,1
Breitbart_Politics_R,https://news.google.com/rss/articles/CBMiUkFVX3lxTE9raWtMSkNMSmZnd1NoTjhyLXBfejd2c0U4Ti01MnNkSk9BR3FXLVBpa1h2TnVQUG8xb2FqeXRuMVJfNFQ1OGlQQ3hFdGNJWVEyTGc?oc=5,1
Breitbart_Politics_R,https://news.google.com/rss/articles/CBMitAFBVV95cUxQdkhTcU1YSElLUHd2bEpzdHlYSHdSdzFBUG1UMlhkOF9KTHJseHYta0J0QzVGX1B0NVRVN0JvX2M0dlIyanZSLUUtWWVwdnhWNi1XNXNSa2Vqc2NsTWY5bHVRamtyLXZBdnU4cC1KUXVpOEVJOHpON1BXc25ySmozS0ctUmhmbHV1WkpPMkNDQUFkaG5lRVBKWm5LTnd5d1poODNSNWUwbndpMzUzdnE2cWptVFXSAboBQVVfeXFMT0gxeGhNdFRnR2hUR0dyT056T1FFZU0tRktySm1pcEItRlo1VEdtTWlISjZST1BHNXFlZ3lEcEQ2Z2t0NGlZYlROaXJaZF9UZHNpSEtzQldSUEFXV2ZWQl9GeVMtRjRIcmUtQ29YT0tpQm1Rcmt1b2Q3VEQtSXBneHFQeEE5TGZOaUNuWktodTZQRGZpcjRJeUhiNjRmZEZSNE81ZEliN2hvV3ZvY2s0T2dmRHd4bWtjYV9B?oc=5,1
Breitbart_Politics_R,https://news.google.com/rss/articles/CBMiugFBVV95cUxQWWtnSzlpNFU3ZXdXU253UUp2MWN4cjZhNEU0Vi1FdzFhVE9pRmZNMXk2TnBQSm5QcTdwR2RBNmxNMFhkRnBpaVlWYU5SZzZxRDEzVkZadnhsdDF5ZklJNkRpMEVuOW1YV3R1WnNzbXk0bWk0QmFEMkhkMzlEZnFnMm9zeDQwNV8zX0RVdlVxYzVYckJvWjJzMGVOM1MxR09DdTRJT1RERjBZMFVsRXBoNjVpaVRBb196TWfSAb8BQVVfeXFMUFhxaEl5Yk9DYmtNb19xU1V4NDd4bG9sVnVjSzRiaU5MT20zNzNSWDlvSW16ME1zV2RGcVRQTmxYd0dxOWZDR2t1SVJ2Xy1iN1lIU1d4cWZhNkNLN3NISWhwR3UtLUM4bVFXMkE0TVF3emt0WU1NeXBfNGpveWlqQ3RGR2U0S256bDU1bkMtelk1RlFsTDRob1o5VkhhdnhkTlpLd195NEN4OElQYXBoTXE0a21rOGpXMi1RQ1M0RWc?oc=5,1
Breitbart_Politics_R,https://news.google.com/rss/articles/CBMihwFBVV95cUxPOTd2RFNJY19HeThTWWNYR3ZWS0dvaE5iM1paYzNqVUZ4TjFGTzh6amJlNjNkSUQyOUpLbWFJY2p5VERseUdyTHdacnkwME5GamVoMXhtZ3liSFV1OE15UkwxZFM1bjg0ejFJY3VkcWhtWVEzYVQxRFB1ckpPdU52QmRnV1pKM2_SAYwBQVVfeXFMUHdCN05kYlFRRlVhU2s4cjhBalVEaDBidGNhcTBlUGFpRVNVVGRnLXFYcUl0bUFzWmx5RndjZTZDV3VyUTQ5TXAxWmk1VVZ3Q05HX21vYk5MaFU4UkNWRmNBa2pCdGV1ZHpxbldMZWxOWW42WkFvc0F5bk44ZjV4Nk9RaVY1UUJtaC03Rl8?oc=5,1
Breitbart_Politics_R,https://news.google.com/rss/articles/CBMi1gFBVV95cUxQdWtTbDNMM2NRc1RCbnBZdnZFTy1QSi1zQ0FKZjg4RlQwajJjOFhUbVJTaGhpZEladDFwY1Rzb01GVUowcUZtNWdYTnFueGFZdnEzU0lPOFFTWDhWY3JkeXZuZjBkZW95MVoyU1c2RTJCcVVZRE52VVhSdTdDUDlBd0ViWTFGODBIWEM2UDgzRDQwelR5Y1QxS3QzNFBDODRXbW9BQlFfYUVacm54STh4dm51bjVQcEpHR09ucTM1M20ycnF0YlhyYWhXWXFEM0VtbWdfUXpR0gHbAUFVX3lxTE1OVlBsQXA5UW9OQlJlX29rUTk5ejBvSzVtNl9LRW9zd3Y1WWNmSkNZVlk1cnAtdWt5YzVOTUJGYlZMb1pEZXJ5bTdwN0Z4YWkxeVozVGFlUzNDdTFDMkxpRDJESTdXWWd4NGw2T0pwQlg1cmJvbE5PbmZlVy13V2FMcGtkQl9GQ25DTG1TS1pNTjZhQVZMbzlsWnEyeFdNS2Z3aXFucXpOekt5Tk1oa1Q2Q3ZNWk9pU2NTWXJzcE9qMTdHek5uX3NGWmhtZWI0Sjg1RzJsckxFV3lwMA?oc=5,1
Breitbart_Politics_R,https://news.google.com/rss/articles/CBMivgFBVV95cUxOeFcwSktBdlNTZmVTc01nRWN6d0JnTlE5QzFhTXNQVFN5MTFVMy1jOHplTUMzV0NFU3JiOUR2QzBiVzJrR3Zmck1fRjZFaGtQdzA5cmpMWkNQeUNRLVRwXzd1cFhvUFNvR09RMG1wQTVubVFXNUlPX0I2eUo2ZllDSnFwWjRYdjdZdWpzNVZhTFNzZEd2T09ZUzF1RDFYa0dvV25mY0NxR1JyZFpnXzNyemxhM2hLZWZDbHoya2V30gHDAUFVX3lxTFA5RTVLVmYwUS1JbWxYMDEybG9NOTk3UldCeVlYMnpYVXhlR1BDYXBvNUM1NW5PdmcycGhzZVk5Y1VjUzd5b0RtS0lJSUtrOEVic0FsOElCdXA4d3pQMGlscUtjMElfaWNEeXJfbWd2U21NS2JvcmtFS01iUDRSdFNTNFM1b2F1TEhxbUNyRlR3My1FSjZ4TkhiMXI5MUc3SGdhc2JxS0kxYldibHY4TFVlNkxJLVI1Z0g3Y2dXaVRmSGpIdw?oc=5,1
Breitbart_Politics_R,https://news.google.com/rss/articles/CBMimgFBVV95cUxPbmRCbE9lY19sbnFPRktTbGN1M2p6Z2lkdUdmZnBfak1kN1NhMFpLYkJlcWt0bGhsRkNaZ0pRN3hlUFltUnRtWER0cmJXM1ZqWVgyYjh6dmRMb3hudG1UYXhLRkxDRXJkUVlYaXR1NmNzYW1rRE0wR1lia19Xbl80bXdtLXJJZ2JMYldvdWVfSk4zaFhRaDVNRlVB0gGfAUFVX3lxTFBxSWhwYTQ2cDJ1WXhoZk1tMzh6WlBKSXAwTWwxTTV0a2RuSEpVeGx0ZlZ6My16bmdicm4zYVo3LTFkcTl5ZVloclVFLXpDWnlnazRSSUkzNVcyOTE4am1MQTZHY1VldmV3THlnWVlOVXdfekwzM29xblVlbmxlQk5saTc0UWhHc0FJQy01ekxKTXRfZEc3YWMxdnhrY2hkQQ?oc=5,1
Breitbart_Politics_R,https://news.google.com/rss/articles/CBMi1gFBVV95cUxNWld3bXc2Y01lcGRYZG1LeGZIdVNsZ0RTWnFFeXl1dGc3WXJ2LWo3dG9QbHhhYWpMRTNoT0xPZmZDTG9vNDdTNzV1dE8zUTlPQWdidmZpOGdnVTh0bFpXRlN4Qm1SMGVuMHoyN0VURlV4ZTFIdE8zWllfUjJsSkNPT3o2aVQ3ZDNpSkVnVE1Rc1ZGMTZ6a1NxaEhFQm1lemJaQUQ0NWF2X1J1dWRSUUxpbTJja2lHRF9tenJDeXdxTlBKN3h6UlVZeWpJX2kxQmNvU2NlNVNB0gHWAUFVX3lxTE1aV3dtdzZjTWVwZFhkbUt4Zkh1U2xnRFNacUV5eXV0ZzdZcnYtajd0b1BseGFhakxFM2hPTE9mZkNMb280N1M3NXV0TzNROU9BZ2J2Zmk4Z2dVOHRsWldGU3hCbVIwZW4wejI3RVRGVXhlMUh0TzNaWV9SMmxKQ09PejZpVDdkM2lKRWdUTVFzVkYxNnprU3FoSEVCbWV6YlpBRDQ1YXZfUnV1ZFJRTGltMmNraUdEX216ckN5d3FOUEo3eHpSVVl5aklfaTFCY29TY2U1U0E?oc=5,1
Breitbart_Politics_R,https://news.google.com/rss/articles/CBMi5AFBVV95cUxNZUpaZ29LQWpFVC15WjBPMFFuUl9TZXVEdldiaU9ZSGlWdEpDZVJpNDYtaXJQSXp5YUx3U0tNV3p0Y0lkNXJPandvblo1MENWWjZDeVRMNXJlcjRFSXpYLU9jOUZLUUZ3T0F3bHF4T3NGMXNockFCbnZTVWxoQkFaNjVDWnhVU3pya3pSUUVDU19wMTZvVkNqMlJ3bjU1RnFpSmcwM2x0RzYwMVlVMDYxaDVBWDB4cVlsSy1uR2J3dWZxM2NkVnlRQ0NRYUFWU2ViWXBLMFZ3TXRLZFhqRzdGRVp5MULSAeoBQVVfeXFMTk8zOWNvMTV2ZHFydFRmc3pQcmJCOE1wYjJmWEdOM3Q4aUlLR3pnWkgyUzc0d3I3NnNvVVlQMmpLUXRyT0YxT2YtSDQyVkF6cUpJel9pSG92eWxJTEFiN2NuWEhHVmJJaEJBR1RMOWQyWmZPNzF4enBfdFdCQzM0ZjVLUV8teHpuZ0dCVmZybWl6QUwtRi1mSFQtbDJtUEw1ZGdwUm5oYVdMZy1RbXNydHpCMG9uZ0xPWHpNR2pDVDZzN1k5LW84VlIzSFJYdUlFM2RqME5Nb01uWXkyaWpDUmxFalQ2cVNtUEFB?oc=5,1
Breitbart_Politics_R,https://news.google.com/rss/articles/CBMiX0FVX3lxTE5wRVNTblBlSFUxeWdTVlo0a1pvelIzMS1VOGFsbDVjN3h1OG5jRkJJZFJOdllGS0drRXNoS29qYkt3XzNNYWotc1JaQ1huaUxyd2ItOTB6QmhQUjRLZnhJ?oc=5,1
Breitbart_Politics_R,https://news.google.com/rss/articles/CBMirgFBVV95cUxNVVBkN09QRk1aZDA5allXTnA0TWJUNGpiMjQ2SmlXY3E0SklVRHNGQlg1bUlBeS1PVWd1REdhMThEdk1pejMxWS1GUEJvZlZEc1ZwcmRKRzMyU01vb0paaWdfbmZtTzUtOTBjT2pJMjVmOGs5ejhCYTItT3h6MHBjRUhsOWlMaUhoNHp0MGprTlBZd3Y3eF91cUpuZzZQRll6UFpVUUZwcjl0cndCOHfSAbMBQVVfeXFMUFdiaUxGanRIYVpsR0IzNS1BT1hyakdKdU9BNjlhRGk0MFl4YUQ4QkRTdEVhcDlfWVNGeWpoZkpyQi1ZNjJZMXoyS2ZfWTRYajU2bUJmOXN1YUNJQzBCRXdIUzV5amYxMWx2UGRaUWk0Sm5Yd2xDMUVhVnF1Vlo0eFZmMjVhTVppSHVYRFVVQWdSdlVIcTRiMElCV0YtdnROS3FmWGExdW81bUdWTHkwS0hLWnc?oc=5,1
Breitbart_Politics_R,https://news.google.com/rss/articles/CBMipwFBVV95cUxQQWFBUzBQOEZqcDRSd3R2eVpYWDFaSTlMVXgydnlnWDNMSXFaWEJmZ1dHMWtfbHFScUUwWmM2Sm1KQ2hEdURjSTFGX29KWGxuT0ZSb21namI1eTF4U29HVElEOWxtNXA0ZmxDajZrMTIxWHRrb3k5Q3BZa0pVTkJNUDhQN3k4ckJ0Tm5XS0tDdHdmWlVvX0pBNEJ2ZXRWZG5rZFJ5UU90b9IBrAFBVV95cUxPcFNBYklwbGlqSWZNZmZzTE50czQwVjZRRlI2ZU1CS0MxZ1loUGxIV3AzTURJczhHZkdVbkE3RkI4dEVVU19qbVJoYjZTNURES2hHd0xid1VPcEF5VkxXX3dHVW5INk1hSTNkRUMycFZVbGpPc2VnRnRuM050Ri1QTE1wTkZYdGNobElGZEpMcmt0ZTZsSUx2bGRZTXNTUFpTOHFIbDFIREZyQUNf?oc=5,1
Breitbart_Politics_R,https://news.google.com/rss/articles/CBMitwFBVV95cUxNSE9ReDVzOFp1UjlXNGhIRUtPLVU4dmM0Mk56VnRCMW5Od1BwRXpoNlVOaXpHdmZPU1ZDQnpGMkdNSG45eU1ta291WXk5NFFka2x1dFRPaXNuQWxXeDM0VHdINEF0TU9Bd3kwSjBaZUNkVnE0RGdWN0JNbHJBQzNRZHJzVHdPV0N3MDBFcUtWRlJBaXVzYjE3c3NwYnN3Z2pyRFFjVVJ1U2hNQmdYckNzeHBXaEtSWnPSAbwBQVVfeXFMTVNPd0FNT0xhekEwYUxyczZRMUNqOXF0d0lORnpuTVN0OTBIWWF4WG1ORkJZNlRiYV92NmFOWlhGUTdPZmIzWUVBSEwxVjJ1aWdmNGZya2U1T2FyMUhQXzllaTQ1YzcwUkxzNUpRdk9PY0c0N3VxNzJzWWx0Tk1VUTY4X0Q3cXNtWTVoaWxzNkJocDZ1aFdWNGJRS19zTjdta2dQcEJPd29rcXN0Mk1rMklQbjM1RU5abDBVZGM?oc=5,1
Breitbart_Politics_R,https://news.google.com/rss/articles/CBMivwFBVV95cUxPajZad3VENXVvdFJzakxwVE9hT2twRDM3aWpuZVVBVHlWY05EbjFwWmRYSm5kVFNncTQyYkluTC10QkVDQ0dhRFBjUnBiYzVNcndlNHFaRXB5el9CZWVpOTQ4MVFDbndXT3VJRE40VGxMYWgyVjEwRnUtbDJFLWlPaEtCYUIwVU90LWtUZl8yVUpaWEZoemR1WEljZnZ6dmZlcjBNckpkTTJBd2sxeVg4UzRYNWRSTXU0TnhqdnU5UdIBxAFBVV95cUxNZ0lMdUZkclU0YmhQd2tvQXhDMUJVZVBUZjBPaW9yeXlvYjlZWWNlRkNlZUw4UlZoNXRtTEJic0hIYXp5S3RwT2N5WHJTVlktX1NaX0I4M2hKRUk5V1h3SUVFTXpMbEk2cldmYXFwT19LSG4zNW1iMDg4UFhjejl0bWNHS05UY1pxQnFxaFAzdkhDYm9VcGM0b1dmMXlFcWp6MHdXN1dVOWpvSzJGWnpvWENFOWJQejAydi14TzVxdmlXeTNZ?oc=5,1
Breitbart_Politics_R,https://news.google.com/rss/articles/CBMiowFBVV95cUxOc0hoQk1aMUtqYjZhdFhNQkVXN2V2cUt0SzIxZmdhMEt5T2NYSGRNSS1Rc016RVladHppQXpLRVFNaE1mWVBSZ2FHemVJNl9SdlkwUnhKY25QUW53OTdUNWNnd243c3BlUVljcWJIS0E4c0xXRkxrMm9zMWlEbE80ZmtWYkhYZ2hldkF2SHEwUGUtOE1WYXlhWXBhMVlLUTJJdGo00gGoAUFVX3lxTFBRTzhRSG1jdXEzYjdCM3FoYUhLNTNTMDRxNHdzZVR5TUtlMjZuWjNTNk94VHh0REJtLWM3SG5QNEk2akhwWlpTWFhkU3hrclJxTmZ1Sko1Nk12WXFTbjI5MDFYZFdPcXBWVmtWTm1YNHktQ29DVHdoLW8tYThTeWxBR1A0MnRudEJXRzVYRXFzN2lQX3ZLSTdTWXhGdGxpaFFsTGF4NEM5dg?oc=5,1
Breitbart_Politics_R,https://news.google.com/rss/articles/CBMixAFBVV95cUxNdWNDb2dOMm83dUJBd0Rtd0pncFhMblYwYVRrZy1oaWFTYUJlYU5sX1g0ZnpPb2ttVlhLeUdyakdqZ0hwUGFBVnZTWTczYnpqWjh4MVVuc05OM01LN3FKQkJBeDVoQnRoclBOQnQ5VTlab3gxaXM5ZFJLQVRzRTJfZmExYTl6bThoenZxZGp5VFAzaG1qV1B1ZzEtNm1WX0R3TzkwQ3JRM2VZcVVjQVFDbHZpRlBkMjBoUFpzTWUzYnUxSlVK0gHKAUFVX3lxTE0ydEVIQmVYZTQ1Ul9xY1I0ZXNJblhHVmN3MEFrbkdXTms5bjRJUXAxYk4yVzAyRUVwU09CY3lBNzJ2VktVekplNXE1M2hJNHMxbF9VeVhqWUlmM0hhd09pay15M3RzS3BlNk1HcjdpUXdFQzNjTE1GZmtiQ3Bqei1nckV0dGxnNXNBZ0QyU3pxRTE2V2paUzhJd1NNQVNzN0lyOF9GMHNMTXRWU19tanYwamdGelN0UWpjWDE1dkNvM1BBTDVGck5VdFE?oc=5,1
Breitbart_Politics_R,https://news.google.com/rss/articles/CBMiowFBVV95cUxNVEowTXJVWFRDY05fZG5zb1BYamJBTWRsYUZweWRxR2piOE93bXpRSTc3S0U5RWxOR0M5V0kyZnRxbWhkbDhucGxKNnB1VGhrQU1JdDF2WDFuM0dfUTBJTkpyUUM1T1JZenNzOU5XT3RUMW1PU01DVm5jVlhPRVlfSHROdHRxai1DTVFLMjVWZThoaVVWQ1BxcDNQampxWjlGTDdn0gGoAUFVX3lxTE14RW0yVGs4b0ZnaGg1ZlliY18yOV9RNWY2WS1jMU1QeFFFMFhnMjVRYVBScmRQVXE5cEw5TXZ3RUlKbkR2dFo0TE4xMDk5X3JXcll4RUJZc19NamZUYko0cnFMLUppUzFLci15eFFyenFZUGNCdGY5N3UwNHNvMDhRbFNkZXhJa0tjdDlJbFo1WFFiY01WeW4waDdDcFEwZ0Z0RC1zNDQxdA?oc=5,1
Breitbart_Politics_R,https://news.google.com/rss/articles/CBMiswFBVV95cUxNb1FwcmpaWGc5bWc3NXRfYWJRQm1hbjZmLTZUNURJNnZ6ekRXU1NVN0UyXzdJSW5IOThyQ1ZPZWwtdDVhX01YMnViYi10TUU2c2g3d2ZPdHhNN29kMnhDODdZdTR2TGJpYXJZUWs3NDdDOElza1ZKX2NDZjNudW43LXVQTDF2cTdPekF6dVNQMzREM1VhMEdBYVpvYVJmNk53WVRUWW53amVVbXVsRVcxYjJ5ONIBuAFBVV95cUxOTzdoZlczaVZPZDh5NS1ZaFlxM01KNmk5Y01wQjNjZi1mSlZxbm91U0RmMmtOb3RHRnF1S0VCVVF6dUYwU3FRTFpvUTd5bVJBQWJNbW52SEh2MkVLQnZQOWtFc25SZUtDekl4eGk0dkNNdDd4Ymx2ajZwV19PVXFLV3ZQRk5PaXVLWnZFeVN4aUQzTDRlZWlzUmFSYlhhVHVLLS1vdHBQdHdMNXFaTXFoc3hrRHBOaVQw?oc=5,1
Breitbart_Politics_R,https://news.google.com/rss/articles/CBMi4gFBVV95cUxPZS1tYWtDeUd5RkxzT243Sk4wTmhTbEhiS0VJSnJCWW9BZTRPREJaLXl2eG52dEZPcWVBblUxWG5oUU9hUmZna2JRZUwteXBXN0tIZ3J3ZENURzNOZ21WUHZCQmhUYUV6S2VlZmtjWmVxb3ExdnRxT1ptRnc1czlSczNrRVBjVFprcVVUWFFUVWwtandMcDd1SllzbzRwSDZVUjlzbHp4YTZmQ2V0M0N2Y2lGZjZJaDVaVnhjeWFmdTRlbkw1cWFfbnhySXFVNG5zYjlSMUlaRnVsUE1ucnVHU0t30gHnAUFVX3lxTE5xR0czaUpXWHd1NWtWbzg0aGNBYnBjX01VR3JNT1gyZ2JIRHdvZ2F0N2pQSDR0TXZaTnpQTVRRUUduODRjYzBPZlU2ekxYT0d4QUNnR01YTkNmM2NVa0tDcVI0YVpiakhRR3V2cWxQRVdrck51U190NkJXN2o5ci00akFlM1plcGdvSkVYaDNWRFlqUndLakNtX29hTF9veHl5RUxRZlEzak9HbE5KNVhaX3M0T3N5OFNBaXRqSTNFVEpwUkZXUWY1UXUxNFZpLXdHZTB0VndNeXRlelpBY3ZaODlKTTBEcw?oc=5,1
Breitbart_Politics_R,https://news.google.com/rss/articles/CBMixAFBVV95cUxPbTVhWWRYTjNZZGpONFFJdmZaMGN1cjUySG8tTzZsTUdCazAzUzRHd09UYlRpenliVEltWGZhemRHdmxvTER4US1JazdOeHhkUG9CN0g0WjYzZkVXak5DcWVvZUxmVzV6V1E4VmlFbEpxZGJWcll3d29xN2hSR0hfWnZNLTduaHNRN0l6SWtMTXdDTXJxV0xCcDl1bTR0MU40WHljWkZuVGJJQ2hNREI3SW5FSnlCZGg0V2tmelF5R2FVb1Zu0gHKAUFVX3lxTFB6NGJLbXVZc192U0NGdnhVNk1jY1pSTWllUlFzNXJBTktIS3pKdldFM3NnMm1uLTZuQnlzcS1iaG9VQlBiZHNMN1FrZ3o1eDJmZXN2UUtXUk8xeUllblFQQUtzQ09WZXVTZ2lfcTN6QTFTSlpOLUlLY2l5MUdoVC1jNXZPZEJiRTNjLWxoby1kRGFNdVZtWmFMM0haRmdwR0ZJQ0szRHNsMWlvamxZcm5jcFEwcUxqRjJkbzJPRGhPeGp0cDRiam54b3c?oc=5,1
Breitbart_Politics_R,https://news.google.com/rss/articles/CBMiugFBVV95cUxNQ19wT0tqSmo3eXJCb2cxVlgzMzViTVIzSjliczJjSDlWNVJsTTd4SEdUb0dnbThnczJOcDdMNndLX3FXNFhMVGdBTGM1Vm9JXzdnM2Jod2ZqcDlDNVVpN05oM3dlaF9BOFNtdW8wWjNHM1BlYThCYjJSSEVONGFzdTA2UGNpWmx4S2VTeG9jeUVERi1ManF6bi1teDQ4eVJSSmFVZUY2NUdKdktFdDAwdG9LMk9rQ2hZSFHSAb8BQVVfeXFMTnVLTk05UllMaXUyZG5vUEIzdENZUi00Wm9qTjVjSEdrQWZOdk5ON3dYQ0pVZjloLVIyV254SjE2cmEyQTlmQjhCdWtNS0VBQ0ZDSUhQRlRLSzdZNWNnNjBFQ25xRlZOVnluX0xibi04VzNORHJIZTRHaHVkNS1EOXptaC1zbkJZVGJJeld0WF9oM1BDWUE4VWJ5RVRpb0ttY3dWVVdvc0w5M3B4NzFrT3ZyRlNxc214Ni1fcEU1MFk?oc=5,1
Breitbart_Politics_R,https://news.google.com/rss/articles/CBMivwFBVV95cUxPZVlrRUZvQnZVa0V1OUxEYnBHOGQ1dU4ta21MVUIzaDJMNlRqZ2tfT2YxZmUzU3hWQWNPLVN5Q2c3VUF4VnR3OEpGQTVjQTdNNVk5Zmw5NkN1VmptR296QVNyYnRPVi1LMktBeFFTSlFVbjV5dkM0d2pzVWh5bTVtbGdhaVl4RnZnYm1SRXdaODFRc1Z6UU5BT0NMemJ5QVVxTkppRWRCdlFDZWY5c2EzVjY0ZzVneXJWcmhzVzRYSdIBxAFBVV95cUxOSnR3RDAyTnFrYS1veHFaejA5SkRubG93cFJBNEl0Ty1DQnRZRmVBSmVYaGlLd0QzMkRBUlhYQVp1WnNqRWJ2NU1tanhkMnVpVm5uV3VDQXU4bHoxS0FzQURFa1RUNWtja0lCSEkxUXdPazRtWUptWVN1SnhrVUlzTElCQmV1cFQ0MVRxcWpmWndOS21NemZzQzBGNTJndXl5enVfWTlzRG5tOEdJa3EyT2dFR3p5WEhRQk1YR2ZKMTN6NVhz?oc=5,1
Breitbart_Politics_R,https://news.google.com/rss/articles/CBMi1AFBVV95cUxNOThBRUVva3J4aWt2ZFlWWUZSdXRaSi04RkNjbVN2MnJFTThVbXFCbWhhcXdwUS1MVE04Z041dHR5ZmNlcGpRQ1c2QmhPUUU3bXBkWGxodENDQk1qWlQ1QVhncWdMMWhGd3RhQmNPeUdtWXZORHlBNjFCX0xXbF82UEVjRFhsMzUyVGN5TnZ2bnJlMkpTdHBIaGFobGlXdUIwOUNWRnFNdHpzSzVZQXh1VHc2X1hzWExVN25KWUpTaXh2RlRNQ1B0U2VCY24wYV9jRHE4VdIB2gFBVV95cUxQVVFmRTdnOFZuOV9PSkloWGQyRkFTTDBRM0hhc3dxdjYzZFk5X2xYSW9vbjRsd1pWaXNicFdCY0dIZENkWDM2WHo4aENBdzdWOHpWb2sxMllQWWJUbXhSMWZXNkRUNkdhUWQwS0puTnRkek9zQXFUNFNOZmVhRHdoWWJLeXhxOGpIVl9xVDRjTUVFNmx1Q3lCQlVSQ21kYVNrdjJBZGJKYkFacHRkSGpZWjZ0bjZvTV9NczRwSDQ3UmtFTWZRSlI5UDRQNHQ2WmZrbnpHZHY3eFBHdw?oc=5,1
Breitbart_Politics_R,https://news.google.com/rss/articles/CBMitwFBVV95cUxOOE9CQ3FJOTNQam9wbWV4QmVwV255STFMcWZxQlprblBvMnF1TmItRGphajZFU000UGJrZEE0T2NIU1l1ZkpzdlJJNllSd2g5RlBuc3JLcWY3SWxWQ21EUjRFWDVNV3B2WkMwNXdPSXoycV90QW5NdmxfZWVHejcxODZnWVJQMHdLSmN5TW43cE9JZW1KOG95VWpmbTRXd3BXOUFQX0gxS3Zfb2JHaXV4S2t4c3NmUUHSAbwBQVVfeXFMUFdxaTNOTGxNM2RJbHNKZVhQQk4wcGpneUZ0MzBhQ0dlclNWVjBrOE9DYUkwZHQ5ZTdYbHAzOVRHVXp0RnFySTAtelFXWGYyS3I5R2RtUmtPUndxUlJNOXV5MGQ5VmxBYmI2QjdnRHZfaHpfVWZ6SXpXRFJhUlFOQ2F6X0E0MU1CWmRrc1N4M1k2WmozbmNWeVhYejVkMHFoQTRJRlpMdExiVzU4cnJYZFJOOFV3SW5sWW5NcmM?oc=5,1
Breitbart_Politics_R,https://news.google.com/rss/articles/CBMisgFBVV95cUxPMUViXy1OX2pUQTVmQ3RZSS15R0M2ekdnY2JXd3dEaDhSdzh4cU5JdFBVYnRpRVlFa21DcGRrY3ZwUVhrNG1WU3Nvc1Q2U0MxY1kwU1pWN002eC1SMXU0X3YtdjlvWFYzV0MxM0ladnd1S1FPVm4zclRyMXBpQVJrVkhId2Zqc2pGbDRreXVRM0ktSS1DLTd2bE5FSVRtV09xY3hUTmVSNnlpZHpfSDRMb21B0gG3AUFVX3lxTE53T1N2bEV6dFg0QTAxdjNRVnYzLVdYaGFSaEtYaEY4bklWSnR3UFhuRHUxSzlUbVdvY0FxTmN3bEZwRV9Qa0ZlWE5RY0N3SnhJLU50anhqbnlDS0JpR0EzVm1lTy15UlNXcFpndVFQaFdKNHpKeDZXODdVcTFyR2RVdlhxZ1VEMFpiYTY0dnFtcHdIOWZRNXhWQUtfdXNXd1YwTHc1cktTTkpHM1RjdDBaLXR5QWdWMA?oc=5,1
Breitbart_Politics_R,https://news.google.com/rss/articles/CBMi7AFBVV95cUxPc2x6Y3ppNWdGVTFTX215Vks5cTJ6TU1vWHBiRXpPTEhjRFdYejNWMlFMWlpnLXBKdGZTSzBGcTVxQTJyMXdNOHJmUjZ6d2NyMG9WbUJJS2RfMGJZRVpKWUkybzBtbU01SE5rX0JBTGQ5MHExS1UwRXMzNXFTOUZIVjVTUmNZZ1pxMDFuZGM3cGJCYzN6Rk02b25uTXQtMURNT2NBcXFVdnNrX0NFU3dTcEJtTUdrSU9mX0NqdlloRnk1QVNKUS1GZ2FqNHVuVXZVdTlQUXh6OEVtUFhzeHJmaGs5aEd6YVdfMlFZR9IB8gFBVV95cUxNNXE1MXRqVHdTWGpJbm02eTFiVGgxWWlyX3JtWE5saFpaN0tyM3FiRkxpT0ZxM29renh4Q3Q2Q1VyVm1ZVUlVWmd5T1g4ZExYVHJxRGpvS0s2R2U4Q3N3VDhkdXBzbTR0Q3BDYW9mdzdKT2pxOGtUT0NUSFpvQUVRdndLdGZHNjI4R1FmWnoyQkRXNGNfZlJVdjZBcjFjaXYyZEpIcGh1X2ZTbDJVa0R1TnVMNVNYdEZMY0tKOFdBQ1F3T1lNUkFQbGs0QzVTMzZfM2FzTDMyRFA1VkhIdWYwSE85NHdRQXRsNFZWbDFtc3JQdw?oc=5,1
Breitbart_Politics_R,https://news.google.com/rss/articles/CBMipwFBVV95cUxQUTN6WGF1aFRFV1MyRk1UbnpUaWp4d2RmUEJFYVJRaGFfZE5zVl9OcFFUODVvLW1HNnFYa1c2OHU0QWlLUlU5R3M2ZGg4ZFRJMmVRLVpJbHhaSmY2cmdWU1RTNFBjYVN6dTJob3pTY0JCX0F2RDVBU1JmUDBrV2xJZ1FCUEtGWV9ET0kwdlhJcEdWLV85a1hFV3NTT1BzaG1zTGpPOGc2a9IBqAFBVV95cUxPR0hCMkZONWJGd29fcXVfcHZWZU1Mdk45aE04OExWYlo2YWJWTDA3TUo3OVMxUktQdGRaaE1PRzlrd2Z1aFNORXIwMVdlcG5URzNOTHFPanpSMlllU0gwdndYR2t3NlkyVExwaVAzSlhvZmxPQzRLUGl6bmNxV1BLOUZhQzRMaEpxaTdRNTVCWHlRVmtDTWtackdoRDJEZjF2UFJUUU5tem0?oc=5,1
Breitbart_Politics_R,https://news.google.com/rss/articles/CBMiwwFBVV95cUxPcEJkWjB2SVZGWVlXTktUTE5mSFFlRGpWa3hDV2ZpMVBGM0M5b3Y5cUhlYXFqX29kbktWNmFBMXVPbTdkZGRVdlByZi1FR1Y2MkVpSnM3am1QeXR0TGhFTTVIRUFGMHM5UGlXMlh1T1JpcFBmWHo5NlpVY3hVYVRKLTJITjZLbTgzaDh1Rm9pR1BLLWFSS2d6WDVlWXVyVWRvLTNmejVSb0hVcFltU01yZ09KcEU0N3NtOWxsd0RUTWJiZVHSAcgBQVVfeXFMT20xbHBDSmNxXzF3U1Mta0cyem9tODBzYm1HSmk0NEgxTDB2Wmk4TEd1MHV1UFVqemRfbkZiTEUzVlc0WW1nMHBzMHdTcURYT0hoZ0F6MUROV29KUW9Mak9JbEJzZ2pldDFLRERaWWUzYzkxU1d4WWRfYm9KOGVYMUt2RmpuYTd1OWdqelpkWEFKS3l6em8taE1CVkktWXN0U3JjSG1VZ3dXU0Z4SDIxdXBrUVhPejdXekdHZzZMU3lQdGplNUFuYlM?oc=5,1
Breitbart_Politics_R,https://news.google.com/rss/articles/CBMi0wFBVV95cUxOTlhmVHBwb2ZjZ0tfaXByT0o5c0FIekNQWHZkZUFwYzBXT1pjSzV3dlYtR29YX1piaDhTVjc5dEVIZTVYM0Y2aTZPWTZtSTNlRWFSS0pHeC1fcnQ2Y0MzTlNFLVFiYUVtc29MMzBDOURIOExNRGFrYkdxby12bjhGOWZzUFRKcGNsWmZ2ZS1CR1QtUlBIOGRsUG5BeWs1QmVWdjRPclpGX0NpY1dybUp2OVVoMWZqcjkyTjhYM0R0b1dvX044QTIwN2g1MzNFWjhQbGRB0gHYAUFVX3lxTE9MRkwzSzBhSkdsdU05VDhXbWRUd293Y3pWYmFPQWh3WmFYYXh4YURPSzIzQmkwNEtRdjd1cVVVMTZOR2tjYU1jQUU2M2JIS0hHYmZaaERWamFwZmpieGVNUEZxbjEyUU1tdGhZb2QwbXFWcG1HOGlzT1JHSjllQVBhb3FaUlp6UWlrQi1UYlhoUXpRMlF5aUdxV3VYUU45NDZ6MExFdmNxTzRQamFOUDduNDNlQllDa28zXzZleURmNkhiWnN1N0o0Z2ZxMU1SSUR1ejdGd2xtZA?oc=5,1
Breitbart_Politics_R,https://news.google.com/rss/articles/CBMiuAFBVV95cUxNamg2S05YYVlFdFJUcGk4MFhTYnNuVThmVFpoUkJScVRlb2VPSUExZGpQOUFvYmNZcVJLTmFlNnhxV2FpUDVySHptejRDajVPTUNmZkVNeFB6QVh2Y3c5SC1pQk5kODY3MlVnMGViQ2p5VHQyR3Y3ald6RkwwZDM1RGQyWVdFSGhHei1idTBZLWJabm1ycmJpU3BxZ1FIUXJDQ0g2QXRrVDJOSks1YktHVUpaX2FrQU0t0gG-AUFVX3lxTE9OMWRyWE1zZnVZUTZqcGVVeEQ3QW9yMC1yX1lwUk1yYng5ZjhwNnB3RzNxQVJDRzN4UWRZbGV0eGtHQTBtbWxVMUQtS0Z5bXhfNjFfcDN3djZwYi1xWU5JT1NkRWlaTVp4Q0xuVlVybExWdWJCYlRGXzFUX0p6bW8tUGVtX1VPbE9UOEZSV0NkRTNWSWNBY3hvRHU1dHpEbjJ2R29TUXhHRmRmcm5KWUpBTVlyS1MzZ3JBQjJZV0E?oc=5,1
Breitbart_Politics_R,https://news.google.com/rss/articles/CBMingFBVV95cUxOS0JtVUQ1cGlrYTg0WnZacHdhWXA1NmsxZFJvMktmenJWX1l4dmFxaThXN0E5NFhfVTRYWWtCVmRpVjNqVnNjRnVfZWhPbmZ3RE83S085TDNBUnlQUGhOUHZfT3MxSk9EQjN2X0ozQ0RVNG1WRTFYSGQwanFDVlhYRlNfSDBXN1MtM1hudS0yZnNOVHE4My1pZXlUWGZfUQ?oc=5,1
Breitbart_Politics_R,https://news.google.com/rss/articles/CBMisgFBVV95cUxQZ3I1WXRLWVdaSmh6V2tKRW8zeTN0eVNZd1JnWUpPMzJPajNLdmpROWUxTE54a3NsclB2d1JzQk5hZjFFMEFSMDlZNWREVzl6WFJYbks2ZWtNV0o2MlNJS2Jnb0xTel9ROHJXenp4N0NJS3hUYWxYNS1BQU5kMV9NYUhYSG5tUDVxb0ZLVVdzcWhwREItbDQzUWdqMjM2XzJEYlJuZ0s3VTdmcXlyYXgyYjhB0gG3AUFVX3lxTE05c1o3cUdiU0ZWLThFMG9pbEg5dFNFdTdBOTJXN1UyRG52aS1GS250WDdFcmhSUWJGTHlwekdqcTZSQUdydmtTMm0tdjFrM3hiWXdTa2YteFdXVjBUUFlWSDMxdHJVSlQ1c0htWnVfNjhqaXE4OGppLWxWU0ZYdm1VOUg5clhOYzdEWEZTOFVMcXVMRlFsSzRPVE9WVk5IdnFVcHlHWUF6UU1ZczNNNjY0bnJjY3JKYw?oc=5,1
Breitbart_Politics_R,https://news.google.com/rss/articles/CBMi9wFBVV95cUxNUUpLUXlHdzRtVGdacWhSUHhyYkQwM2FVY2hOaGxGU0VyMk5nWTBlajV2Yk8wZnpTUGo5LTBwY1l5T3oxQ2EwOFRJSUJBcUZUbl93aTJ1R2YteF90QVExSmo5clVZa3NzdWFPb0xOeWttazNKaVkwc2YyTU5aSjZrUjR4QXlPb2UtYk5IMXR1aXFpRlpPV0dobGIyM1BUUC1WSW9USnplcDFaT3kxME1VRkZrcWo4UEZOUmVuWlRYNmVZemlyMUt2Tm1yb3d0MmtFU2lYOWZRcFBhWHF5NjNuWDVWWUsxMS1lMWk5U3YxdFhUVklZRmd30gH8AUFVX3lxTE5zM1RGS1h4b0JfNEVETWdQV3N6YnRKWk5OcVlzQ3ZiOC1aNjdqbDJkUmRPYTNqdDc1TGN6RlJ2V3h3UWh4R3RUVFV4Wm1MdWpnd085bDl6YzNNMGxIaklET216a0E3MUZ2RHNKUkxHbXJaR1ozcnVWSmRERlJBdF9YaGxiV1NlWS1scEJFNGlaVC1rSzNNeTFEZi1MSDEzbFFQc0tsdWZ6anV2MFV0aUE4ZERjRXdqLUFSUDVxdjBUYmtrUHhITC1TZlB3V0dhcmtRU1VXTkRuUVNXZVBkOGJibHdaNGFjYTFXcDBsVmpWbURRQlBTQmpvdDBadw?oc=5,1
Breitbart_Politics_R,https://news.google.com/rss/articles/CBMiugFBVV95cUxPdlBUbUxVNjh6dTdCWHJYbnl0RWw3ZUdoVFFCb0I0YTI2Qlo1SkcxTlRGckM5OXBLdkxyU1ZOSVVTcnVKaHJPelFSZWhQdkRMZks2UEpMejhPRnd6bXBYOXUtM0pZaHpHQ3Mxb3BQNENwTVh4WFg4UEVKNUFWTV9LSFlEQ2wtbVllT3BtWktVemd3T1ZWUnRrczA4azZ6c2ZxTnRQOE9nMWlON21zMXdyOWZSd0pWYTBPTnfSAb8BQVVfeXFMUDJaM01iT2lSNTE3cWZSVWpWV1RTY0szeVVRNDNtQ3hHTFp5cXF3cjJrdWxpZ09WY0x0NHhtY3hEWUEzMkJMTXlGVHpGTTlhVkdPMVA5cE9hQktkSVJVMFJ2VnhDcHhvYmdaakpHTWxWWkFxcVB4Zkk0VkItdDBzWlplMllHRlQ4aUFGRnNzRXRfWnV4Y2FiN0c4T3JGOXIxVEdfSENBbE1tUXNoeG9yZGVIRzJVQ2Q3UWxfNUJfUDA?oc=5,1
Breitbart_Politics_R,https://news.google.com/rss/articles/CBMiqwFBVV95cUxPWWVEQjBsUml4UnRCc21pdS1yMDRYQ2gxWHRPV3VQUlJ4MUQ2aHZHbUIwMTdwLThmU3VFc1ZjLUFhMzVUdFFHY1g4bkhQRERfdXp6aEwzZjViMG1tSEFCYU55WThnM3hCNDJROG9tUWp4VkhDTzQ1WF9pTzdsT2JpM2JlMk1QWnczNHU5djVrdUthc2VSbGpra3FjVVVxb0xjMi1sQmNyTjZGNmvSAbABQVVfeXFMT2FkejJMS2lVekR4WFBJcGZ0dTRfY2h5djRnUWRrQ3NsNF83NXFLUFlPdktMUkVLZG80OEpFN0U2ZTdwZ3FFM0l6XzR6YUlDbnpaSDNOZFE4UWxCN1hUZldrVEVzUVpmWkNhRjBERWlOMDRxQWh0M2R1aTljLVpVa0cxankweTRaaW5udmRNcVNTRzFqZmg2V052X280U1lQNmZIUEZTX2RqNUtsRjdiT3g?oc=5,1
Breitbart_Politics_R,https://news.google.com/rss/articles/CBMipAFBVV95cUxQS09xY1p1b1RfbzFXbVpOcTlYV0N0TTdTcjhBQlM1eEZ1cnpaa3lRSk1TdnFMLXA4S1lpSVJBdExGOFN1Wi1CYlNZNFh6SnlZRjltSnlpS0FJeTJuUF9ndGVwSmFTMVZYT3MwYnRoYlp0S1dkMHNVaDdBSmd3bjBGVXlqcjlfa1IxZElWSzhWN1BZS1F6Z2ZsWEJZT2dCNVpNUGJSTdIBqgFBVV95cUxNNkxDVWR5dFR2X29faU5FUEJRYjJ0dHVYZ3NxUHdaMFg2bzRHSVlNQ1RyQUVvVlZ2ZkttUno5cFk4c1pfRG94SGxVS3ZzQVl5OVpFQV93cGRaaHdETXZUZ2ZURERRdEUxZTA4YlpKb2RwUDFYXzJST1ZTbG95dklMTzVrQWdfekNMX0hsWHBhZUwtajQ0OEVaMzNGbURPX3ZhTDdpX00xNlFLQQ?oc=5,1
Breitbart_Politics_R,https://news.google.com/rss/articles/CBMinwFBVV95cUxQTlFQVXNQX01OcDU1Z2FvLXNtQnE3QmlOenFNWGdaR3NRUEE5MXdhdnRnRDZsc1hxS3BSQ2xFOGdybjkzanVCSmN6ejdscDZ4dXM2QjZzazlDVWdzb2lqQkxsalhaZGxxNW80UnhVcTN4U3V5Y3R4OUdTWGZCRHlabWZYZTg4YkRLRUZWZGRtWHpELThfVGlDSkJEVTB5YjDSAaQBQVVfeXFMUHpqOVR1aXU1S3RpVm5SdUFvVlVDY2xJLVJQOTV5RHRBdnY1cUd0LURaN1VfXzRxWTFCVHdvRTJ3UFBRMGM4REt6XzMxNk9sTEpmM3l6VkNaZWRlRDhCTGtTaUhsM3ZLcV84MExQeWl0QnluTFNpekFpMmVTdFJqT0ZkelhPbHloaWVxQ2dIT1RyOFJHVGVZQzlVSG01ZnlXQ2pjeXo?oc=5,1
Breitbart_Politics_R,https://news.google.com/rss/articles/CBMioAFBVV95cUxQWlZ1R1N4MlZWcEVTN0NZLU5LcmplYlBlR3gzOWxneGdzVjc4NzZ6TWdTbjgzRUI1ZlJPLThCcmFIR3laUlVJclEtWi1WRUc5NnV6by1uWW1saHNaSW50cXQ0a1FBaUdrOUFzaDVYaGZOeDduRmlCNGFSWU9UQnI4QUJpd2hjLVNZMlBVaW9LbzM5R01udVFpZm41bmdhTEVX0gGmAUFVX3lxTFBDdXBQMW5ydHVMbXJPakxfblNTQmx1SnN1bHZQZkNvNUgyLUFPTE1STHZpVENBempuRkdPbmJnMFZYTmlSUlBCUmhscG1odTZGTk5acGpmbkI0NDFhNHBtSE5UVXBnaG1DR1d0RmQta3F4LVJwYVpBMzdiODlXMnBNTW9Fb0VRTEVuVUt3cVBITDhWVHJnME92LVN4cFAxblFWVW1SV3c?oc=5,1
Breitbart_Politics_R,https://news.google.com/rss/articles/CBMigwFBVV95cUxNUzRGMGRubnBvYXQ2SzlIVHhyQ2NxVDVlczM5VUEwbDdHUzJicTFmWUp2ZkdWZldkT2h0emh6Y3NJTEhJSmM1VjVzUWpTZ0pqSEJkOWlfZnliTTNOVFZYOGhyakIyeXB2VmZnMjJSSnUtUGpvS1ZOX3MzWk9zbGRzS1RKZw?oc=5,1
Breitbart_Politics_R,https://news.google.com/rss/articles/CBMi0AFBVV95cUxQOU9pVVB4Y1h2QW43ZUU2UzRNaDBNNElJV21jRThhUnRPeTRzS1A4Q24weFoxOEdfUkUwWDltcTdXVHE3Y0RBN3dwR19NUV9pTjY4anRPS0hGUnpZcGpJbWtWNi1KZWdXOXFwYWJ1NjBVY0hEY29HNWo5cWpfNFBuMjl3QzY1VkNwV0RSaE80d2ZjQ3BrSHYxUG0wazhCdE02UzlwVklHMlBIb0dsNXROSkVyTS05VVVlcXBNQ2xCd1A1endlZXFaZXItXzJ5SHBX0gHWAUFVX3lxTFAySWFwZEh2N0l0M3dKdV9ibG0yRUlEWXVudWV6WTZVb3hvMEhZTlRrYVJkTHVDb2lnVkxpZGVlaFo2Szg4dXJMeXgyUVd2aExkOG05RkpGREJGLUJzMHN4S1ZCRElYOW9FazU3dmRQblRXX00zUlozbzF6dzBNXzZlenRSWjJINXVleXh1NlNTendId0VVcjNvVU9sY053UWxaRDkxN3hIME9WaHRvcndPMDhQWUVKN1pjcTcxVS1wOWczSE94U2U3RWd5STUwWXBaTXZOcnc?oc=5,1
Breitbart_Politics_R,https://news.google.com/rss/articles/CBMivgFBVV95cUxPczhuSXVJY19wcjdDbjd5RlQ2RkJFWmRpMHItME0tbkN1ZWdPaTVZb0pnNDRLSGRqaWF3alY5MjF4Q1NYU2tPR3BxUzFLWTRscmlDTFZQYUNTQm5OWk00ellrT0Qza0NKRDNjMEFiSGxUOVBZOWlfTTMzYWREUDRQSGtwUWRJZ0pYSlFaODRZUFF5aF9HVGRQcVpnQU1GYVp5THJvOUQxS1dIcjBZNkdPejBib095dGpEMW56d3dR0gHDAUFVX3lxTFBfMWFFV3NRYnZuZmdVWmpqdmFpa1BLRUN0YW1TR0l2emtiWUxwZG5CNjJZckdUVjRueE1CdlVJWi0zdDVLWE5XWWNodzNycm1lcEl4MEVuX2IxeFBEdy1MUzUyX0N3MVAzbUktYldkWUpNaVhrMnotOUh6N0g3QWFSZFFmT2pYTUhUZXowbllCMlF4UkZya1ZOTHJNODJnQjBvN2dtNnFDN0prX0dDczkwRWJzQW5nMXRUQUlUbDNkS21tYw?oc=5,1
Breitbart_Politics_R,https://news.google.com/rss/articles/CBMiqgFBVV95cUxOb3FZaFpKbUFIYmtuTXM5YUkxWExPWlQ1OWROU0VWcG56Rzd0VUVQNUk3UFRhTkd5U3hPWDlCa25kWE1LQjlpM0ZwS1kyMVRTV0d6QU1GenRjZlYzMW5DNWhmeGJFOWhTZkJ3NkdPU01nV2lKMUxOa0czczZfMDdyLVh2cU96MzZHeWNYV2hIYmp5RTgwR0dzd3ozN0M1SzBOai1leWN5VEtDd9IBrwFBVV95cUxQUGh3cmM2dW9aN21MeHl6X2Zia2JIT09KV2NKb3ZYMDhlZHRMeFN6Z253R29wMDI2NXdxWmE3dGlLWXFiMUhUclJ0akVkSGF1ZkR3UW9tU1U3eXM3OF9jRXpXV3lJamVXTVpSZUFwVmNVWk1QRFllUDhBWTBUZzdRMjFqQkJQUmx6UTJwV2xoSm1vSV9INGx4Mmx3UHJJZmVodGI1dUdhemJQM2t1R3dr?oc=5,1
Breitbart_Politics_R,https://news.google.com/rss/articles/CBMiuAFBVV95cUxNRFdUTDh1em5EVTBkUHlETlM5bGdTcFJqTk9nakczdHNCQ0dMR0pOeV82RWdTR3dLaEpacmJBS0V1M3JJalBCaFFXM1VKNTc1UzRjZTYwNVlYNGxaT3FLSnRsUE9SOFh3MXZ6NWVxemcyeDU2akhEQ05QYzdQTnBfVFpfLTRrLVV1bGF3MmpjUmZQMnlwTzhkaHV1VDRCOGF3WFNwbWRKMDRaWjM1NjUzQXRIU3pBRnlp0gG-AUFVX3lxTE90U3Y2Mkc3VkhMRklhNG0tWFlycUpnSHBMT3JadndvNlk5TlNqN0c5bmdXNUxGYkVRdDVxcnBHVEZCRTJkZV9CdlJFM2ZPV0JqUFZBbnZiaEx5bnZhSGpvN3p5NUNBLWpzd2JxMHVhS2hlS1hNTFFfZVNBdmdzc2JNZEgxWTgtTU5qNG54cTZxQ1FhQlhSdFNGZEZxNUtMOWxydGZ1cnZMVjFqZ0VoU0d2TnB0TVZTZ1pSQkVPb3c?oc=5,1
Breitbart_Politics_R,https://news.google.com/rss/articles/CBMioAFBVV95cUxQMXFDeWFJZVoxT3NjR1hDVW9KcVBKRC0yNHAzbjNkejhqLVJxVFB0WkdwampRYndoTE1EbnhOTDVGTmpVdTlFUFUxeC1fMGlTZmE1bEJka0ExTHdsRGdlSVMycFROa3NjbGJ2bUx6TG03cGstOVhpaENsbHJvYTQwQ21Sd25xQWc2VEVHZlpvRlh5UF83UlBBOG9CR3ZYYjYw0gGmAUFVX3lxTE9PRGp4RnJsckRIN1RwdERDdzlQZUlYOWFtbkNsTmsycWdqaGdGUDlZYmMzTFFLMlV6c2hPVFVObTZPZXZQLWtNeGlfU19xa2w3ZkxGMHdzdzVnM20wTHlpMWZUem0yZUZXSjNFbTQwekI4aDNycUFQdWhxS1NCaC0tck5oNTVjZkJiX0RDMkRqS3ZXc3pGaWd3U3lGbFdKTkV3Z3ROMnc?oc=5,1
Breitbart_Politics_R,https://news.google.com/rss/articles/CBMiyAFBVV95cUxNRVIzVXdLUWY4U1hKWmZJZ19hdTNENmREU3FsZ0FUUklFMW0xXzR4WW1qeVk4V0UwX29xYVRzTk81RUt5N3k0ZzRGT2ZadTNMX2hqYXBSWU5pOEVLNHM5MXN1MVBhR2R4QlNsMXMtcXhCc1RmcXdIeXAzOGRLbUo5THBLRXppeXh1T1MwemtmaDc1TjE1aUhYMkJRQmtldFVjY1J6bkE4dnAtUmhEMUJRSll0VUw3WFRkb1hLM1hiX0Z2YXVxTHVha9IBzgFBVV95cUxQdGtDQXVZNk13b0IyZW1SektpU1hXQlo1Q2JTc0FCeUIwTzdnbXFHa2hESzJsUjF3dVZ0bWZteUh0N0EwRDNDNWhBa1NWSklFLS15bmRSVmh1T282YnYzMlA3UlZ4YkotSVpsclVLNUpmQlczSGFsa1B1enIybUdqZFQ4ZUtNN1Blc0YwV0hnWWhVdENTQmZ6cUhkZ1pSWEpRbFVpNGhHdTdDaDkxWkVhT2F3MVZWS0JvXzhEYVlvb3I3X3Vvb3NUdGFhT1RXQQ?oc=5,1
Breitbart_Politics_R,https://news.google.com/rss/articles/CBMi2gFBVV95cUxPSjE4XzNadkt5UU1TdGFqdGcycmtDVGtUMXBhSU9oemFQM1k1WnVTTGRNT3lOY2NNY0E2M3VyYUw2V0lJWWRTX1JhY2djckhHQmpaUk5zaEx6SDQ5WTluVTdiUmU5bWVFZl9PWmNBN0ExQnB3V0VXUU04VnZlWnd4a2UxYm02dURTVzNlZnB2TWNjWExGUmFaRXFkTkE5bUxtWl9KVGxyYlZBUDV3blRCMjN1bWpoOTJLdFJickRDVHgxcW5VQzZmZVdQb0czSGRDcVhIVE9YMVdIQdIBzgFBVV95cUxNZGtaYWdIOU5WM2g4c1NXVjVabk9QM21oRE0xWGhHX2diajFIZVFpbTFXclhnc0RLZWFMNlFHa2hWWC00aURmajlQbUZRTDBNNlVtSzB4czgwRVVKTnBWWUQ1Rmt0SHJCMjh0Qk55ZUR1V09USllXS0lWM1h6YUhQZmF2eWJNMlI4aF9VRFpsaFFraHRmQVhKN0lYNGstRy1QLXNzMV94MXAzakVmaXEyWE0tQ19oNTFBYlB0ZGVfYzNjUm5XQjRGLUZhRkk2UQ?oc=5,1
Breitbart_Politics_R,https://news.google.com/rss/articles/CBMipwFBVV95cUxNVk1aYnRrNTNRSW8wS2l0TXZoM0t0Y2hxSm1MNllqOF9fb21rT1BBdTNuVkxJUnQwb1pQZExBNlJ1U3BpcFhoM254WDEtQVNGTW93cVFWMTVSel9hNHk2ajdUdUg1clRkMDFpZzRYZGg0T3A2UDZpc3BRTGN2bFhrVEp0N3BCd01jYXkwTnEtM1ZsdS1ta0tNa0JoVW9JenBHLW1tMzBBY9IBrAFBVV95cUxORGRuU0gzRVlodzk2R05wcXNnd0ZQVmhjd20xeWVxTnNybmY2R0ZzT3ZPMVR1MUMtcTlXc0xhU243clZRbGR2a3RweTYwN184aVdTejVBUWFRTGdjbTlhTWxDR0hWWHE5b21CSWdrbk1nb3VPSjFnLUhvQlhkTmNjQW5Ea2pZcnZyanhBT093ZHo0cmZ3VWlDNzJTa2tiYXpCMUZYeXpFWk9DcmNx?oc=5,1
Breitbart_Politics_R,https://news.google.com/rss/articles/CBMiqgFBVV95cUxOWFJIczR0LXhLQVpJUElkSjNhY211eW9yY29qdjQ0eUw2alhiTlF6ZXFwRlBJUF84TWtjdU41dGx1bDNqR1dnMG1fc1hrWl9KdEpMUjNxcVJIWTFmNkRDU3pKc09VNFBtSFk2NnJDSHVoeklMZkd1VkhVS25sYUxyRjJSck8zVWdOVFBYSm5XZjQ2OFRSNVI3OGtVaHhsbzdSTlNUc2MzQnJWQdIBrwFBVV95cUxOQkx6SDdGa08ySXI4ZnljX2M5Zm9obkpWa3NLQXlDdXVQd0RnVkN3dVdvYno0bHlYQmcyUU02Z010NDVDcWRvTmlZcjJSbndSVmw1M1MzWERWSHhuTHJkSzNpRGloaEpaMEVsd2pCT1pVY3lnTXhFamFGY0dWREF0TUNQYlFxWEo3WDhiQ0VRN1VRZWl3ZjhXTnNpVWs4QXVocVJSaDBWMngxNVh4Ym5V?oc=5,1
Breitbart_Politics_R,https://news.google.com/rss/articles/CBMirgFBVV95cUxQblBYYW1VUlIxZTRfaWttOUFEWVgzR29JY2NQVHk2UElYOVNocWxFYVVFV3lia1daRnRyQkprODdTR2xkdVh6V1pJWTRKTFRXWi1fYXFETzlxdF9yWi1kNmhUeThxa2hhYS1XYjJ2X3pMbzl6ZkF3NGE1b29URUNtNHlkNm5Qelg1MmhaZUtVbXRfby1ZMldaYlVEZjFOQnE0Z1k1QnEzcmpyekozVlHSAbMBQVVfeXFMTXVuSkhZZkdPRzVqSnZHZ3JxNlU3MFFyS05kckc5UEM1TWo1Y1Nkd3k0bjZWN21Pc1BOcU4tc0pfZmhNWUdsazE5MFhraGpCU2JZM1lndzJrckNNVFdPX0tacXctc0d3XzhacUJjRm1JX0tVTFJTRHF6Wno5dHZrb0ZpSFl6amthYTA1QkswTzZmRzNSOXRscEtNQTkteFJabGtvb29wSWVUUFh1dU5ENlhaV28?oc=5,1
Breitbart_Politics_R,https://news.google.com/rss/articles/CBMingFBVV95cUxPRjA5Mk1vekJPOVhlYkZGR0w4aDlrckl1cF9oYWY0TmFGcFoxaTl6dHp2MEVGWnJuQ3dhOF9VVmhIYWViOF84RzNuc2RJSjFlSGVSbnlEYVpiVHNLN2lWTFVBQUQ0UlhsUkxpQzhkaTV4MTJ1a0pGb1N1dmlfTEc0YTZGbkJOQ3NLdldkUjZDZlp1QVRzem11Yk5aajVLZ9IBowFBVV95cUxNdnYtbnZET0ZLMU5hNk5NU2V4SlgyOWpwOHdESkZqeFd5U242TGFPRzFBZ0d4R19iZmNQODB5c29zelU3NUNkT1lKSlVETGNyZWRob2Nfdkg2MkxIZ1ZiOEZnUVJrMWgzY3dHaG5kSTA3eTJnT0piRUh6VUZYVkdHZmxZbEpNN05uQkVGSDJTbWdCNDJseTVDWXJWaWdhYzVkRG9V?oc=5,1
Breitbart_Politics_R,https://news.google.com/rss/articles/CBMiuwFBVV95cUxPMkY5SERiVEZqeEhwRXFBNlh2dmNMaVQ4MzdlQ2xfYlBFallPVF9oSnUwSXZGUXpBVzlsa1NobGJmaDQ4ZmhNMGQxaVUtdm83VVYyb3ZsWTJUWXl1WnViOXZPVmtWWmdIQWdKT0kxX0RFLS1PQkpmLVFSYU1oYzlJZkNiU1ROTFh2aUkxS1RGRHFUWTVKWVBkeWllWllvOWo1c2dia0hRTDB1d001czBtSlotcjZQMUxkTkdJ0gHAAUFVX3lxTE8yWTV6T0V4Ym5jMDh6LTMtZ1Flbzl1SXZLcmJzbmdtYnFiVkVnaVdzN0tRQTZGdzRlQWlKc1NMaVV4VGtyZWQ3eXJlNkpmb1FqWXNfVU1rLTgyOE1ESDhZbEtnVlN4dDZ6NGJxYXNheTA5a2k1WEFRMmFRZzRWMTc0M2xneFBfYWZuMnNYajJvcXFlVjR5YWlwelVNRUZ4ZC1TTnRPZkZGMnJCRklnV1VtRXRQUWtUVFFOd0J1Y1RCeQ?oc=5,1
Breitbart_Politics_R,https://news.google.com/rss/articles/CBMi7AFBVV95cUxPbXc1ZTRybEhrbF9PMVBsZmR1bkNYWUg3T3l2UTlfZ1lueC1wTlJyOUpHQlNDTERtdmhCazdEcUFmMmE2YWthT1hRQ3V2anBWMmhoUkNmY29WbmZDU0VwSEd2Ymlodi14M1JPd3ZwalNSQUhHV19DaVFSZ1A3c0x5TzZBMkNfYlJwcTFSOEhmRnBPZkpkc0pkN3Z6VDdHVWtIN0dKd0ZJd3c4elRfcEtFMVgtUkY0VzNUUFZCeEdDTDBjbUV4Rk1Ma080clpIdjlBVGQ3VnAzZERiNGdTeWFBTnRsT2tqM3lwTmR5TdIB8gFBVV95cUxNcGxpT0c3QjZKSnpJbXRCREJUQ1JuckEydHFOdHRyWGxZSXVIWUNnVHpuV0NKS1otM1c2cy1rUkVfUGZtbDJNSmNzVTByeHk5TzFNWTMxcGpmSlBCQURsMlVvX1MwUlRPYVlMdWpQX3RSbzg3MFdCbHhoQTJNYUdPclVlWE1aQTNXNk9fcGN2cUh5Ukc3REUzUXFZVGVEbjRMME5ZZGgyZ1drTmQ0SW1JTUo1azRsY1prT1N0djNTMEJqN3p0NnNINFNTYWo2OGVUNC14R1FFMktYUVRaYjZVNEp1dUpPN3A2ZzRqTC1INndDQQ?oc=5,1
Breitbart_Politics_R,https://news.google.com/rss/articles/CBMioAFBVV95cUxQUDRmYndveVhId2VEazI3cTZhMGJFc2I3VmM3YWU1MTAyaDNwbmUwZFZqN25KQndScjJaWGQ3Y2E2NFdzMG1IVWxDbXBPMm9oUUdGdVY2Z2FzVFdGSUFHWDdNUlktZ2JCbWk0Q1M3YnNPS3J6YXN4UzRUUkVmd0gwMlloM0FIV2VBM21VLTlkeTVGWEVITmhYTmdXbGJxaVFD0gGmAUFVX3lxTE9UWXN0MWhVNnJhOENob1RGVjEtSjFIcEVpTklaV2JXZ29GREQ0SlJVbEtaN2NsMU1mRDhwTTVoS2kxS1FXeDBlTmdZMGpSS1E2MnhOVkdKejF3QVhEM0xmLW8xclZZWHJHZFNzN3FQY3oxelFTVnZmN3JHUm15SGgtdFVSQUYxSy05T1l2VUxCNVBkZXdLdTBLaW1mU2x5UjB6UkQ1LXc?oc=5,1
Breitbart_Politics_R,https://news.google.com/rss/articles/CBMingFBVV95cUxPMkFiLWVhT1JycWNWbzlZUGRJaFE5RXRKZmlMRkRPM2syWUYzT2xOTmFWalRtTmxCdzFsZmV3OE9VQXdRWjhNY3oyUE9LcWQ0Nl9JQ1V5QnJldlRDWDI5Z0U5Z1VQUHBqWWdKUHgtVXR4cTFvdkNPQXVyM2xSZkdYNEhXNUx4cXV3a3pIRmhzaWNoTkp0ZFRYVDFSbkNrUdIBowFBVV95cUxQRXU2VjBkM3NjSkJDQnAwSnJTTnNEZnpGRzM5YlhZUnRSckt3Tkl2dFR2WXREa09hRm80QWp6NW9rX0lHclpKT19xaDJGa3lEbDJHcHp6X1JSM1FZT2hweWh0bUFMcDU1TmpiVkJjTXp5Mkt1VW04Yzc2b3NjQ1R0QjMwYlQ0ZWEtd2hHdHI3WVY1eWV3M1JYNjhkUEYzc0M1Sk9v?oc=5,1
Breitbart_Politics_R,https://news.google.com/rss/articles/CBMinwFBVV95cUxQSnEzM3piM2pVVk4zTnkyVjRLNjhrS05NOVUwRGdZY3JScEc2NWZfcjg0ZEExUnplWHl0MG1xU1ZCUVhabVc0RU5NZTYzSnVpN0VoVENCNWRGTUhscGNMSUJpUVh5aFR6M2J0Q1lLZmExekQ3MGo3NkIzVlBHaVdIbl9DM1FyM2l6OUZ5Szc0QzE4RElQTUdZeEg0TWEwNGfSAaQBQVVfeXFMTWRhOG9lODRTMFVOTnMtZ1FxMnM2bzJoWnZ5OE51bXlsbEdRZWFVSjh3MmhHY1NKamFTWi1CcWY4S3lYOVZEa3Ffb0UxelNYNXFJOVlOS205MFg2RWhma2lTT3NQRGdmQ2M3RkpqYks1S0lRZmF5Q21xMDZUUjVPM1llOEhtWjFoR29HRV9IWlFnUHBzdkVCSTR4NXZ3dVpDTUh0TjY?oc=5,1
Federalist_R,https://thefederalist.com/2026/02/20/cia-yanks-19-docs-compromised-by-leftist-activism-including-threat-assessment-targeting-traditional-motherhood/?&,1
Federalist_R,https://thefederalist.com/2026/02/20/america-slides-into-a-congress-shaped-hole-and-gorsuch-helps/?&,1
Federalist_R,https://thefederalist.com/2026/02/20/kavanaugh-trump-obviously-has-tariff-power-and-heres-how-he-can-keep-using-it/?&,1
Federalist_R,https://thefederalist.com/2026/02/20/4-of-the-best-lines-from-kavanaughs-masterclass-defense-of-trumps-tariff-power/?&,1
Federalist_R,https://thefederalist.com/2026/02/20/va-republicans-gop-fight-dems-gerrymander-at-the-ballot-not-just-in-court/?&,1
Federalist_R,https://thefederalist.com/2026/02/20/supreme-court-rules-against-trump-in-emergency-tariffs-cases/?&,1
Federalist_R,https://thefederalist.com/2026/02/20/media-mock-gen-z-for-rotisserie-chickens-because-its-easier-than-addressing-real-problems/?&,1
Federalist_R,https://thefederalist.com/2026/02/20/cartel-and-chinese-drones-demand-immediate-faa-action/?&,1
Federalist_R,https://thefederalist.com/2026/02/20/democrats-claim-gop-gutted-medicaid-federal-data-shows-the-opposite/?&,1
Federalist_R,https://thefederalist.com/2026/02/20/unmasking-the-muslim-brotherhood-ties-inside-ohios-general-assembly/?&,1
Federalist_R,https://thefederalist.com/2026/02/20/eileen-gu-indicts-birthright-citizenship-and-our-entire-immigration-orthodoxy/?&,1
Federalist_R,https://thefederalist.com/2026/02/20/exclusive-republicans-launch-freedom-caucus-to-tackle-minnesotas-fraud-plagued-government/?&,1
Federalist_R,https://thefederalist.com/2026/02/20/turning-point-usa-chapter-not-welcome-at-elite-wisconsin-private-school/?&,1
Federalist_R,https://thefederalist.com/2026/02/19/judge-blocks-virginia-dems-unconstitutional-power-grab-for-now/?&,1
Federalist_R,https://thefederalist.com/2026/02/19/there-is-no-moderate-solution-to-the-extreme-immigration-problem-democrats-created/?&,1
Federalist_R,https://thefederalist.com/2026/02/19/bringing-back-the-talking-filibuster-could-do-more-to-save-america-than-just-passing-the-save-act/?&,1
Federalist_R,https://thefederalist.com/2026/02/19/greatest-country-in-the-world-usa-hockey-player-promotes-patriotism-after-ot-win/?&,1
Federalist_R,https://thefederalist.com/2026/02/19/ed-okeefes-trump-derangement-is-so-bad-even-the-white-house-press-corps-is-laughing-at-him/?&,1
EpochTimes_R,https://news.google.com/rss/articles/CBMixAFBVV95cUxNdW5fY2R2ckt2enMxbGtfWEgyM2ozN3NnZF9PUHZ2TkdBUGNxN3BGRXkzSzZBUHh6eDZFUlY1dWZ6dV9Za1pxcnFuNm1nSjR2QVNDRC1UYTR1WkxUSkJCU2U5am9iRmpsTnVZYzhJUUdQd0JHRGJYT05WbzY1SDFqYmFueG1yNDlOMUNQaHJNLTRtRVdCV3ZFS2ZzUjJwMkw5cHpZbGFPSEVNVWtTYWtqdjRjV1hIa09lR3pmb0dSSXdWSHNE?oc=5,1
EpochTimes_R,https://news.google.com/rss/articles/CBMikAFBVV95cUxNWGtCajBrQjIwSjQ1ZUxsRkxYQVhKSW1IOFBRTEhPZ3BmLXZXcmlkNDVTZFBxbmNnemtXWFNvUXJ4SUlYMkUyQXNNbFNaaU9NWEowV2xoVXNGN3hzaWt1OThRZFpMX1ZreFRTQ0JlWGFRWUhzVHZaa1NnU3ozZ3llN0FPdzQ3SUV0Y0xlUjFrazQ?oc=5,1
EpochTimes_R,https://news.google.com/rss/articles/CBMisgFBVV95cUxPNlR4V19TdG5kN0FobUMtUW5kemFGQzQyY0xhWVotaEpseVpJWFdTX0o2M09va2pTa09BS0pVaDdMcjc3SUx0YndCb0U4aFFvVlQ4ZERSNkxFaDVmSFFIRW9uaGZsWVppbDJNRFItanQzVi02ZzlQbmU1QVpLc2ZXeV83MHpTTllaekZqb2RLUVc2Y3JBZDBvMU83ZlRXT1RXQXdRVEVyY1MxX1N5bEs0amdn?oc=5,1
EpochTimes_R,https://news.google.com/rss/articles/CBMi2gFBVV95cUxOSzRxUV9fbUFaNVNVUU1VZV9BY0VzVFdLNzNIQW81U1hIZjJWTldnTHhreHN2OWRHNDFZNVJXTmxwR1F6SnVoMGNRTmZ2QXJnMV96Z3YyMWZIVGEwZzdoa0EydDc4LWFNX1pPZWM0R3ZpczRBYUh3SkpvU3hZZ1ZHZW1aS3N6TVpKQ2huN2lQQWYzWDVJTjlXMEJpQjJfWnk0bTlYUDlvMVdhWHRWOVhkTk1UejE3bTRzaHJtaU9oQ2t1QlpDR0FUeDV4dlp5QjhZSUo0eUJjOUt1QQ?oc=5,1
EpochTimes_R,https://news.google.com/rss/articles/CBMiuwFBVV95cUxNWEIzYU5IUUNQMDV6a2JQU2lhZnBPQ1pYOTVqeVZWMzBWOU41bDY3R29aMjlRX1ZGcHZYSVhiNWRhZ3Myd3Fzd0MyODdqeGwxMU91Qkhfa3NxcU5GLXNiOFFpR1Z0RjNqWFpTMVFrU21vdjdJVGUxNVFrTC1uSDNrWVJtRHpDSTNTTTExN2FrcVZONXhiS2xDX3dacWZkTG11bW9oUmtfOXpzWldqVXQydkZfZmJncE1xMVlR?oc=5,1
EpochTimes_R,https://news.google.com/rss/articles/CBMiogFBVV95cUxQNkNSTFZIWjJfNV9MS3JzTmN0SjM2R1A2bUUyOUF5ZWlYMndwWi13eVgwSzNCZTA5c1c4VFJBN3Yxd05wckEtUi1xOGw1eXdnOGlFRHVzT05NMDdxVEhBMFQ1ZFZ3dUY4a0s3Nk5DVEtFcFBQYzVqbGZaZlBDc051ZnB5QnJvVE5fS1JveFFPcE9OZ0RDZF9pZzdRSzlDcnpNVGc?oc=5,1
EpochTimes_R,https://news.google.com/rss/articles/CBMijgFBVV95cUxORXNwdDFjUFIzY3JMQUk5MnFNVFl2WE5vZkhIaGVzbENJLTJILUxtbXhIeThiZHNUYjhucXJOYjhBdGNxMHF6NWJMRXZVUGhhSHVkMU1sSlktcHBidzBOUEhvOHlZVm5CbkpKbzdwR2FaclZfUG1lcWNweDFaU3AyQWhqTG5EYkJDek1fc2tR?oc=5,1
EpochTimes_R,https://news.google.com/rss/articles/CBMiugFBVV95cUxOaUlVYnRtRHlKSDliMG9YTUlqSUZpUTZicC1pWmhOU1dYbk81ZWpYRzlJQkoyZlB5dEVWdVY3aVo0R2VwMF8zcy1RdXh0dVVTTGlZTll5R25ZM3FNcmdIVFlsMlM4bmRMVngzR1NlRk40OXpfNVctNWUyb21UN2NuaWFMUHZoVDdoekU2b2VxZ3VqRGs0NzRCYnU5Yi05MEgyc0hHMnk2dUlLSzNPX0ZiX1RMUjJsRGR3NWc?oc=5,1
EpochTimes_R,https://news.google.com/rss/articles/CBMijgFBVV95cUxPVU1ZX1daNEoxMUNGdjNYNU9uTTVCeXI1RDRuNWI0Z1hwa0pnNUljQi13T2RFdzVuNGNnWlRjeXJ6R3lwNzktRlF1a3k5cEdocWNBNC13T3d1Ti1vVWZvc2VBQlAzeDRMUHN1LVF6elB3MG9IdWpQZU9tVjJuSVNjaHRWTVg3bFhaTnhHWnhn?oc=5,1
EpochTimes_R,https://news.google.com/rss/articles/CBMiuwFBVV95cUxOY0ptckhOM2FERTdwakM2NWNnaW1ocm5NQnlKSElGM2ZsVlZUb25SdlcxWG1SOTNBQ2psNGdyX1kzYmZKRTYwX1JodFB3cHp0THR6NUdfRW90eW1nTGpEb0MxaXhWdm9saGdNdmd1Y3M2Rkh2X1VqU3FDakFrWFJXWmZvS21rRkI5d1JuTU54enFkRXpZVjNGMUF1V3M4NHUtTEdlSFNOQ1UwYTBxWHFPRTNwTjJEMkU5NWw4?oc=5,1
EpochTimes_R,https://news.google.com/rss/articles/CBMitAFBVV95cUxOal9MOFVWNGJPM01JU3ZYNWRnNXhMdHl3TDl4SGVLYXJLQUpMOVQ3NTRQa25Bbk9GS2M5QmlrWHdSU25wSVFyempmRGV6Q3dQQ1JjVTZicG9xR0hXdFRrUFQ3c01iV1dmTnFDTjNQcW0wamRUd2xIYmhrSllCRVJybC1BWG9oTUJ3N3RBdEstbU1QcUx1OGRxbUxkUGdVMElIRjh5TVh0NndiY2FqNGliRUVQT0c?oc=5,1
EpochTimes_R,https://news.google.com/rss/articles/CBMipAFBVV95cUxOUm1OVTVwRk5oS2xGU1J1S3RycU94LS1DdzV0UERjbkdYM1ZNZHNVTkFXSEU5VkwySGRiXzhxcERRU3hfM1Q3N1Qwa2hHanNzMFR1Tk1mZ0hObHNjSEYyTGNqLV9QQkphSW51eDFYZVY2SVlreF9sSzd3em55a3Y1Q0xvbEdobjE3Q2U3TnRfdHJELXo4MGdabGNFd0tzblB6c0REbQ?oc=5,1
EpochTimes_R,https://news.google.com/rss/articles/CBMizwFBVV95cUxObG0wNGZ1UkZaRE5CQ3ZKdGk1azFDQ3R2NEtCTG1JUnB3N3VSNXhWaWEtRF84VDItU1I0TU44cDNheW1aSTdVV1paUXd3VGFTcTJWeE9oLVNpRmxId29SajlXUXZWZTdFWXUtUjFiR2R0ajdyVTBlN0Q4Y0s3cnZQREcwalZOYzV1OHFYbXB0Z3lVX214UTZrUHQxN3dZcDRtZ3BfN1AwbmZzN3R4RmpaZVBqNDhFbXNuMlVfV09oWml2YUZkLU9mLVJseVVEN2s?oc=5,1
EpochTimes_R,https://news.google.com/rss/articles/CBMiowFBVV95cUxPRGtETlY1emRmVUFNZXIzUmVGVGFLdEFQaHdZNFV3N0dyNnlOY3lsTjdGellXZS1iU2pBekUxNFpBM2ZYVVY4ZXFyMFJHS3NMVllhR05nY2ZxOV9BT0hLSXV0UEJxOUpmS3BwUl9UZXJLdUtxYmpXZldrQTVfWVZLSURBbFlKX3djeHVtZ185eFotekVMMUxQWnBlc2I1azRIUk1V?oc=5,1
EpochTimes_R,https://news.google.com/rss/articles/CBMigwFBVV95cUxOX05BOHlZeDlMTld5NzJfYzlSS1pUV3otVU1yeGl4aENUc0pBOXpIRHhZYWJKTTA4Zm12N3ZKdXBmNEg1Z3hOVkRRM242VVpfekZQbEI0V2tTbXpLZGEwb3dYV1V2WkZ2XzNfNFBxMVhub1BzUXFUQ0JraGRiVFJYZlFQTQ?oc=5,1
EpochTimes_R,https://news.google.com/rss/articles/CBMiiwFBVV95cUxPOHpCQjktNkp6N0lCMzRfMDB2c0J0T2FCMXFFS1BIZEFFRlNwckdvOTRtSHJyNVlSUVZ3TUlfZmVsTXZOckdDVTkwMGlyUUxTcjlhVzVKLUd5TzF5dlF1aGd0U0ZDeVpBc3ZOWV9kUnd3VUNPM2JuS1NvaUUyeloyWEo4aEFCNW5hSE9V?oc=5,1
EpochTimes_R,https://news.google.com/rss/articles/CBMitwFBVV95cUxNQUxQWXRBR2wyX0k1c0xTOTBfWHg1eVM3ZnZnbl9xX0l0clVPSm5KT3pvMUZ5TEZJem8yN09fUDM5bmo3WC1DM3lOdVFYQU9LU0hiNWFxZ3hIaDNCVmluSFJLMEVYTG02MDJUNjFXdXNEWFZxVVJqUndkckR0S2ZXcXZOb3BhWTV3XzdTOXkwajQwdkpSVlBYTVlpVFdKSkdxZElDS285OTRmUlNqZm1VX3hmYWMxY1E?oc=5,1
EpochTimes_R,https://news.google.com/rss/articles/CBMirwFBVV95cUxQZExMMXBDbmhEaF85c29yMWtQRkJ2bEtKUHo3cmJXa0xjY3AzVFBCR1N6X1FoaEF6TGxxRGFIMjNKNy1mS01wTm1tQm53cmcwYzBjNy1XT3VyMTlyV3VhaUJJNXE0eU5mVmlaZ1IxUmljSEk2Vld4UUo3N0F5clpOdXRkSG9BbDBLNE8yWEZVZEpzc0FsUXBwQUgtbERqeVZwSkNFRjE5ekM4QWx3YlA4?oc=5,1
EpochTimes_R,https://news.google.com/rss/articles/CBMiwwFBVV95cUxORWVfVWFFZkxyTFJ5R2N1OHkyZzNBYlZUYWYwQkJuWlFVdW1DNGlHYm1WaWliZEFpd1NJY2NrWjJSakZZc0xCTk5LWUo2UDB0MXp2QUxFOENfM2VOaHRLa245UEpmYXlnUEpTS3JmSGxuRmxWMkVuNmt4LUl3MXo2RnJDLWw0Q3U0a0Jna29ENk5GQzZjUnl3bml6bVNZdUlZNHpVVlF0UGxmUm9RRjh1T0ZtMURjRWUzSmhWeWF2WWx3U1U?oc=5,1
EpochTimes_R,https://news.google.com/rss/articles/CBMib0FVX3lxTE81Vm9qV3JrVURYc2hPbXRPWTY4b3lnLVYzdHotdmpkS1hNSXk2YnZMbmZNbTZ3dlR5eXN3WDIydkpRUEJDWGsxUHRTNHlVVFNZOW8yUmRRcERHTW84ajBZX012VEQ2UUx4bVdZeHhVRQ?oc=5,1
EpochTimes_R,https://news.google.com/rss/articles/CBMipgFBVV95cUxPRFJxZ2dHc1JwdjM4NkhLZ2N6Qnd3QWNyWW1Sc0VsdHNoemYtUzVERHdMUHdpVFB4ZTVhT3lBMkl1NGFWcV91N2JGczR0bWpKSWVwYk1RenVXNEhzeFI2ZXgxOUdwdDQ2eS1fRDFCZXBMblBHdkNxai1qVG1ycm5Qek1rM253MlFkUzhVemw4emhfQ1NOUVl4SVBHVENZdWZhZE5GZnhB?oc=5,1
EpochTimes_R,https://news.google.com/rss/articles/CBMiuwFBVV95cUxPWkc0dm9Ucm9nbDFfMW50UFU4VS15cG9PQ0ZKTU5qdzJnc21NRlctbDI2Y2l4QzV3NU11YWhxakp4VVpxdE1iT0kyU3NDd2FMLUZkXzRhUklxQkZBb0Vjdm1WSnFsckw3NTFzRjV3VThqa1JEQWhDeGt0VkozTk5kdlYyVXNBREZraGI5MmViRndaTEhEdV9sLTlvOVdMbmhIOG1BcjlPQ29QaFdrYmNPN3B4SmJJaVZvbjQ0?oc=5,1
EpochTimes_R,https://news.google.com/rss/articles/CBMivwFBVV95cUxNc3U2V0Y0QWREa0JUS0NCMzZFTmJZQ3hOZnVvTFU4R3pRSmtXUjNHTlFzWVFnd1A1TngteFJic3lvTVhiWXFlSWdIeF9heGhCaEJsQWtfSmNoZUJONG9PdjV3cUtkam9tbURPRmVQTENUMkJGakhCSTU2WEN1X21aazdEOC1lRTFobUF0ZGRyb3ZJZFlOZmdxSVEyeTJqcFNnN3ZSYlBLX3BhQjBUSFN4dnRaaGo1VG9qMEpyZEl1QQ?oc=5,1
EpochTimes_R,https://news.google.com/rss/articles/CBMisgFBVV95cUxONk9xZnBLcDZBZy1wY0RZSHo3bnJkY2Q0aHJWVWhRM05IcHc4a1pnWkZCRThYcE9NbXN2RVpNX09VcnMwcEFtODhwa1hOMktaelNqZTF5UFl4SnhvbU1BM2Y2YThsTU5WMEotM3BnbHhadHNrWlMwcXZIdnoxZW1nZTdzYzJ3RnVNdk5KaEZhRDBUR1dlTGVBVGJLSzhHWmVUdlZWQ09vUTFsTHBjSTQ4cWpn?oc=5,1
EpochTimes_R,https://news.google.com/rss/articles/CBMinAFBVV95cUxNeFZVbWJoYW9RT0JaNUFWYlhtNlNuMlBSOFEwVng4YkxXRFVibmhVN0JDa2FMbUpnZWE5OUg1MVgtVy1uNDFSNWlyOG1SMFNwdm5kUlFVR3Z6RXc1azFhT2hJVm5wcVM1aDlsSXlsUHM4X1lQSXNwZGZ3N1FUbWlJYWIySnR1WGp3YmdfbVRSbk9xT0VYekNaMmp5ZUc?oc=5,1
EpochTimes_R,https://news.google.com/rss/articles/CBMiswFBVV95cUxOS2RCenRuV2RjRXV3bnpDX1I2Ynh0ZS1sTXpWSE9Mazc2bG1fc0lBYVpVWG1jekFPem9FTklob3BQVm9ZWk9RUjhGRml3N3BJN19Mb0lWRGo1N2RLR0lhRDNFQVNSaW1XVGZVMFFIWmpWZnphUmJ6dTNaWEhyaVZoYm13bHdMTmQ3ZVJXd1BqZGpQcldpU1ZXNWtUOUdCSzl3dU9VOHF4V0t6RmNMdUhTQ0IwNA?oc=5,1
EpochTimes_R,https://news.google.com/rss/articles/CBMivgFBVV95cUxPTTNVdmcwcktiODVZT05pR2N1c1ZyeHZFcVBSeWNqSkhsZlUtRWEtcmRwZ0pWR1gzM2xsWV9SV2k4bk81UkxBTUJ4SDBralo4OEdzRWFrNkt4YmZYSXVYeE0taWJuWVl2RnA0aHQ5ZTVxNVAwRDlZaGhGTVB2YXNFdGRDUUpDaHl2eDg4SWNUZFBTUHFMSVZfTG1jc0RsYW9wVnNZeHZHcUFtRmc3OURzVjFiWWdxa2ZxdjNILXhn?oc=5,1
EpochTimes_R,https://news.google.com/rss/articles/CBMiwAFBVV95cUxQZmI1elJyRjlRYklGa2gzaGNWSVdXcm1Iaks2X3Rsay1KeGwxTm5LaWQ0QlRORFBPU2c4RFJsb3NTMXpJUWpfMHRXZUtiWktVc1p3YzJBcU5tYVBEVE5aNWVsU0hsOWE5dVB5ZGsxS0FwQVhDaU5fOGxtWUlhT3BtUm5UdDNRZ21KX3dhQTZEdlFJVDNfLU9wN09vdE1BRmtKbmlhRlFZbURGOTFhaTlBNW94UDhxYVdhTGtOa2xHc0g?oc=5,1
EpochTimes_R,https://news.google.com/rss/articles/CBMipAFBVV95cUxPV19TOUVOaFJvNEJvYU9MUGlLQTVXZlZ5QTNtNGRjUzNDMnRPV0FmNjhMMUdYWV94dl9uTXVsdGl6czJlYTJzeVJiczlhV2lTa245OXcwdEpCeXFGSDBxeU1maTNWSm9CTWtoeHlzUlNGeXk5eGtYbXRENWNhbGNFanZPS3NDN210bkNpckJ2NldrMDk4T0l0STAydEh4TUZvTGt0Wg?oc=5,1
EpochTimes_R,https://news.google.com/rss/articles/CBMinAFBVV95cUxOUDJGaGVxNHJlcV9fSzRKMDYzbGcxWk9WVjktUEVqSTNrRFpOOXlnLTZQeDBQWE1OQzQxRERGcktYSVgwSlZpZVh6UXBaT3lFdHh2NWdJclh5UnM3VG1RdndsU05oNkNvbUhZM0dWc3lVWVpac1BFU2RObmxiRmJkcUoxRUczeW9iV243amZNQXF4RTNGN3BGRmhXNU8?oc=5,1
EpochTimes_R,https://news.google.com/rss/articles/CBMiwAFBVV95cUxQMGkyeXZWSGc1XzZ6UXNzY04wUFpjVHZsRkVHVXpCNWc2bmxOUFplNUdqc19mY1VQc0JCdHd4UWhPZDMxdDViUHBDc3htQ1U1NzJtU3psTE4xYnp0dVJlVnBpTWhOOEFPUmk3R3RhWUJRNkxUckp1Sklyb2FPbDQ4VWZTdWJ3d3kwMTBCOG5lSmNZVGxOd0k0SzZRQmV3bkRLd1YyWlptWmQtaTQzX0k5c1U3RkhORG10TGZFem1LRXo?oc=5,1
EpochTimes_R,https://news.google.com/rss/articles/CBMitwFBVV95cUxQZHY2UjJpWDNTdFVGNXlhbE4xdUFpenZKYUJ6a19xZWNlMEFxaU5iaDFWVXhpRmI0OW1LaEMxa0RxSnQ0cWEyWlc4R29ORDZhRXZRQTB1R3dhZVFTQmtDaWVqT19mZHl0TGpQbTJYQjU1cFdVcVl3NjY1QkxuRzBVTWZaeUV2T19Cc3ViZ2o1SHkwTmN6M2V2cjdLdlB5bUJyODM0dGtSeWJsVDVuWmYxQWVNbkUzSGc?oc=5,1
EpochTimes_R,https://news.google.com/rss/articles/CBMitwFBVV95cUxPbU8xODdqZ1ZpZ3Q3UzhRanRERzNpRGQtWXNFeERQTzQwNmp1VmJNcmEtWVZWY04tYnUyem1TOFA1ODVNcnZ1YU1ydDBlRjlpQ3FjZWJXUWZfcjh0WHp0enRxbXl4a3hybWdsem10c0FYNzNzUkpTR2Z0SzloZ3luLThaaGtmeVBRdkZrbEZ0T25mU3BuWWh5d3ZLUHdEbkpqOXFiTzRlTENXVS1VTzVCVVYyQXZPWmM?oc=5,1
EpochTimes_R,https://news.google.com/rss/articles/CBMiiAFBVV95cUxPcmY4UjBHTkU0dEw3RVZLczlXX3pKNkpDeU1qaDgxaC1oOWp4X2g5OXVsRjlid056bGNzb0FQS3M5TU9UQ2lubGxfZ3Njc3dHYjVqRE5PdjZPRmRpTFdKVmpQUm8wYklSZFVWN3FINzhBNGswRXg1NU41WjVpVmF6SVB1WG01UXlk?oc=5,1
EpochTimes_R,https://news.google.com/rss/articles/CBMirAFBVV95cUxOcllTN0ZPWk5fbWpINkVCSjRyUm9GMkpfTjFaa3l1UWY0Z05CdmpXcUlmQVc4b3haUEJaVG1oUVc5SUpuZUx6Q3dDOTZqbGVxOTRNTFVlNERRY25WVnU4cnBFTUJsR3ZLRmVzWjY2cHNaV05Ocy1fLUhtU3FGQzhBeTFnU2VfVk5XU3RvUEctSGUycVNPbTRCOWVFSGw5Y2FjekNZUGg1YTh2cGVV?oc=5,1
EpochTimes_R,https://news.google.com/rss/articles/CBMiwAFBVV95cUxNRVg3U0RVbVdsNVRhT0U5eXZzTG5tc3JqbVNwTzN2SE5RcExqNHhhZ05JcEttcVBhbWNOSFVPcG5SYUhxSnd0Vlp1V0YzM0IyWVNNaVZTS3dJWEJkZnRKUmhJNkRISFM1NkZ6WGhYWU9mRlgxa2lDOWUxRXRlSk5aV2tqR3lHMVdnQUR5UDZWZzJfX1VZanFaOUl4dnF5ekNaTnJnN2x6d2YwTU5ReWlkMnNQYmJabVppZEM5WVVpeHY?oc=5,1
EpochTimes_R,https://news.google.com/rss/articles/CBMi2wFBVV95cUxPZE1fNGtZZ3JDSGJrQ3VlemotY3cwUWhPUGNaamx4YXZDSTB5R0JadUtVM0wtMml0SFhsV3l1QXVmTGIyeHh0d1dtdHkyeEp6S3FQV1lGUkhyenJmT2l1U28zSlYtWWZaZ2J5XzZzODdNMzktMTM1X2JFM0ZJNHlCY0ttV3JoZmc3MXdHdFF5dERld0pTRWhOQ0lTcmowQXcxWkUxMjRwdVJXb3h5RkZvWVh3S3V2NUVKUVJDM0lTc3pqSGVxUEdVdE5RbDZiOFd3ZkFNejRGZE1VZU0?oc=5,1
EpochTimes_R,https://news.google.com/rss/articles/CBMingFBVV95cUxPZ251bzVHVEgtUE9pdUFHT2lXMnRkVEU4MUFjelRhLXhFTWpESlpRSWF0OW9YQ3liQ1ZtTkNHTmhwV0dNV2FzRlA0bVBSMGw5VFl1Q1gyVHMtT1VxZ0RSN19vSmc0MEJhQU4wY05XeUpVN3RlTkRLdzI0VWdJVm9uSk5wWllvWFdGVzdvYkcxMmhDZHl6THNicko4T2Q0dw?oc=5,1
EpochTimes_R,https://news.google.com/rss/articles/CBMisAFBVV95cUxOb3REQ1lDd2dKZHo1ZE9ScG91eXlRT1E3aWlJaFBOLXRhTVNvWmgwUWxJYkEwVkxnTlVvRXVSeHpoWVFkUlVFZ0luSHdjYnNZV3FpSHYtT3BzVEpVY1pDVl80cE5MSG5fZ0U4LTA3YU1IbkdoQVlKOFpTeko3a0gwZkhQc21GVWNMdzNBbmpBYzRoWG9Ub3ZoeGF5RDMzQUNNUElKNl92R2JBZGozc0lYYg?oc=5,1
EpochTimes_R,https://news.google.com/rss/articles/CBMixgFBVV95cUxOblExUHlfS3Ytall5a3d3a05GU01mMkp0TF9KYTlYNWkzUzRWWnlvOXZwS09STHNLVnptdlhmbUpFZmZMZmxmNnNyV0RSV3Y5Ni1QYlR5aS10NndFQVF3am5lUjF5aTBlUGZPM3Azd2VqQWNsdm0tS0pLRmNrRnBqRTV6OEpnQXV1VjF4YnBHVlZBWDJ4UWRXd3VmSXlwNkRBalo2R2Z6Wnd2RkF1NkFSMW1LVHIwRjRYT2VxR1J3X1BiWF96U2c?oc=5,1
EpochTimes_R,https://news.google.com/rss/articles/CBMi5gFBVV95cUxQSEFWLV8zZldfQVlVYUV6RVEwUmxYWlAtM1ZtRkNZVERwNGNGV1J5UUhDeXpNUHJOOVREbV9TQ0x2Z05ZZUdPQ1dKMGQ3ZjdkT0luRDJfNGlWUWM5dzJPcF93Qlp5My14VXdvZjdBLV9SSlhNcmJGZmxKU1BRcElVZDRNNjV1bmJTd1d5RUw1eHFLbDZIZ01BYXFuN3g3QXNXSFJmeWdTeTh5M0VaWk9QTDE2LXh2YzBMRmRDNE9qWFUzTktXajNERXBDQ2l3eDBnZTZJY3ZFNS1CWXAxYWNZa19JQ25jZw?oc=5,1
EpochTimes_R,https://news.google.com/rss/articles/CBMiyAFBVV95cUxOV1RaOVFoRHdSUmhsUXVoX2hNVDZfNWFwd1F1b1BHZ2E5aWtOZGYya0ExbXFSTm5LdHNRdl9DNGJTRHBWbUdLU1RZLW5OaTZjRGxWaTdRdWxVak9DeURpTjVLZXgzWHFQR2wzalkyZ3VKOEdkYmRMd2hZM2FxMFZIdEZYWVFMOUN5bERvaGlsdndtMTlqVEFmMkw1dXlYUURoc1AyYjBQMFFMUWh3S2JkYnRCbERkS01VWHk4Vmw2SHFuZmJPSWhkeA?oc=5,1
EpochTimes_R,https://news.google.com/rss/articles/CBMiywFBVV95cUxNN3l4M0N5QW1VZGhrbnhyMlNXbjVKdGItVnhFU3F0dkNqX3FsQjJPSlllXy11bnRJd0R4QkJfM0RtRXF1dWRwRVd6cGFJUjg2cG9iS2pvZUI0TVdEanBBSVlqclZEeHhMc1lReXhsSkNNTGlnMnlqMUxkNVl0SXFPTVo4T09OTEJiN1pYSmM0TUpXZ1dGbUd2VllEazlGNGlXaHROU2ZJWk05Si1SSkRLR285LUJFS0tnelFzSnZodi1Xd1dSaXpmMXphYw?oc=5,1
DailyCaller_R,https://dailycaller.com/2026/02/22/exclusive-pi-poll-shows-tony-gonzales-texas-support-crumbling-amid-alleged-regina-santos-aviles-affair-scandal/,1
DailyCaller_R,https://dailycaller.com/2026/02/22/gavin-wax-donald-trump-supreme-court-tariffs-american-manufacturing-climate-rules/,1
DailyCaller_R,https://dailycaller.com/2026/02/22/united-states-canada-olympics-gold-medal-game-george-washington-birthday/,1
DailyCaller_R,https://dailycaller.com/2026/02/22/el-mencho-cjng-cartel-leader-killed-mexico-unrest/,1
DailyCaller_R,https://dailycaller.com/2026/02/22/jamieson-greer-notes-donald-trump-very-durable-tools-tariffs-trade-deals-martha-raddatz-abc-this-week/,1
DailyCaller_R,https://dailycaller.com/2026/02/22/dhs-suspends-precheck-global-entry-shutdown/,1
DailyCaller_R,https://dailycaller.com/2026/02/22/opinion-americans-want-illegals-out-say-ice-goes-too-far-elizabeth-lawrence/,1
DailyCaller_R,https://dailycaller.com/2026/02/21/opinion-ted-nugent-slams-ticketmasters-big-business-price-control-scheme-tron-simpson-2/,1
DailyCaller_R,https://dailycaller.com/2026/02/21/opinion-stellantis-pivots-to-diesel-what-that-means-for-europes-ev-future-david-blackmon/,1
DailyCaller_R,https://dailycaller.com/2026/02/21/kennedy-center-vandalized-targeted-attack-trump-renaming/,1
DailyCaller_R,https://dailycaller.com/2026/02/21/bill-mazeroski-pirates-hall-of-fame-dead-89/,1
DailyCaller_R,https://dailycaller.com/2026/02/21/doj-lawsuit-anti-white-discrimination-nations-second-largest-school-district-los-angeles-lausd/,1
DailyCaller_R,https://dailycaller.com/2026/02/21/donald-trump-announces-global-tariff-increase-supreme-court-ruling-countries-ripping-off-united-states/,1
PJMedia_R,https://pjmedia.com/david-manney/2026/02/22/the-story-you-wont-see-on-the-evening-news-when-compassion-guides-the-badge-n4949823,1
PJMedia_R,https://pjmedia.com/robert-spencer/2026/02/22/dem-congressional-candidate-refuses-to-say-hed-deport-a-single-illegal-alien-n4949818,1
PJMedia_R,https://pjmedia.com/scott-pinsker/2026/02/22/abc-poll-stunner-americans-still-trust-trump-more-than-the-dems-and-in-every-category-too-n4949814,1
PJMedia_R,https://pjmedia.com/matt-margolis/2026/02/21/trump-calls-on-netflix-to-fire-susan-rice-n4949805,1
PJMedia_R,https://pjmedia.com/robert-spencer/2026/02/21/mamdani-says-you-dont-need-id-to-vote-but-you-need-five-forms-of-id-to-do-this-n4949803,1
PJMedia_R,https://pjmedia.com/victoria-taft/2026/02/21/investigation-finds-what-looks-suspiciously-like-anti-ice-group-to-newsom-money-laundering-op-n4949795,1
Fox_Business_Policy_R,https://news.google.com/rss/articles/CBMiW0FVX3lxTFBLR2tvWDc0bUZHMzhMVGlEQ1h3akNHOFJnVEtpSVpVeG9jVzY5MU1MakQ0c0VVX29udU9PbmtocW9CY0xhRV9pRXZ5UUgyZ3FWSzFOdnNRYXFCZXc?oc=5,1
Fox_Business_Policy_R,https://news.google.com/rss/articles/CBMiugFBVV95cUxPNjB2XzVQRDQ4c3o2VU5NNDZGZy1lOXNiZHJhdUdvR1IyZ1R1aDZnSTVVVTdVemdyekprLVdyYVJhNjVJN1FVVWlXZUZieTlSTVZuelM4aGlfQkhTQzJOY3JlYXJHX1lKYWVlVXZGcWJNOF83aUJ6ZHZMX0UwbU9mVlFHVk1UMldYb0FtRG1RQm9uZVZmNzhpNmtjbHpMbFJrR3BOZ3c0Slo5enBya2RwQy1YNDhwTnc2b0HSAb8BQVVfeXFMTm52aktUV3MzOU9KcGZsNjcyV3VTeWFHNmRoMmJKQjVFZjdyVEVwMWhMX0RnYU9McmhsNXQyS0ZCbnNRbFR4SUVCV213NHp3VUVjRndfNF9SSEJSTmgxYzRyczRkWXY3YnFXaTQ4RlVSa2hHT2o2UUFpd1JkSU5uQV8wcEtjRHBwNUIteGZCcUxfeGxyNHJQUW9UTi1PbXRYWGlmU2ZLTVc5X191U2R5OG9kLWhVeTFOWFJpRE9MRE0?oc=5,1
Fox_Business_Policy_R,https://news.google.com/rss/articles/CBMiwwFBVV95cUxPc1Fwb1psMkFzTTY3TjZXZEFQRXlqdnZYMDI2WDJBZnJJblRLR25KSFQtR0o5cE1aelQzVmZDMk9TYThuOFFzNXN4eHZ0YjhkTW9SYXRWR2MzeFlsWXMwazMyVTVsVjFhRlNYMlJEM2ItRlM4aE01bUdIVHMxX0VLcDN0N3E0VV9vZ0Yxa05WNWJsMEQzbXRtQm1MVXJIOExjME8za1NMUXUwX2laU2xiWHpsUnR3dFVZREJqV1JUZ3c1SFnSAcgBQVVfeXFMTXAwd05MZXFwNmV6cmItSDNIX2JQeVNmUUt2U1dwcDVKVmsyWHVIc3BPcjBibTQzX0NyY2ttTVVJNlNoNkJYUzVneWh4TWdjRzBvcHBQZE1tQTNTa2RGSl9aekFCRnUtNHozR19SZ2tHZUR5Q21qWmR5VXcyeVJjRkdpRXA2RF9GT25rUlA1aFhzS1RCODB2eHJtUTFnaUI0MTI2dl9Pcm8zQVVPamhuSTZqakhHUUg0Ul84WnB6MndhM0hLc2h3V1o?oc=5,1
Fox_Business_Policy_R,https://news.google.com/rss/articles/CBMingFBVV95cUxQTUNDSUVLWmNyZkhTS0F6VmJGdWg2US1xVFZWUS1fOTg4NVNoVklfYjVma1h0Vm9NbHdhOHp4Y2IxVkxfbFFFVGxkYUZTc1ZIeGNubm9CeWVqUF8yaDZ3dXVQX0dqNEdMM0UwdkpfN194emdWekpPTHVGUTdBRXBkWE1aZDcyQjg5aW9vNEhHNnhUVXlxUTZwd3VlVVcyUdIBowFBVV95cUxOTFQtT2ZMZ2lLUlJCZkRuQUh2SnZzSHgwVmRtcXp3cDZQXzcxcy1sbGR5cmpmbXpJaHMxTFdNZXlJLVJHWVpfZERTX2pIeExVUTN4QjVfazFqUDNOb3FZbFVjYzdOTTdycGh6MUZmRlRWd1UxZ0FDazRUaUI0YTVlbms1M0NSZ1NBc2szSE5vNDF4Q3JOLWxWM1JPdmxLUTVDYnVj?oc=5,1
Fox_Business_Policy_R,https://news.google.com/rss/articles/CBMizgFBVV95cUxOVmRTazJHblJIT0VTaXRHdnh1RDl3ZEpnOHJYU1hhajlGb2IwSUJiVmxPVWZmNU5leVRjc1Ywdjl6SWJpZmM3VFJ0NEdGNXBSX19MOFZQU0lkZEs3UHh5bGVnUE5mNFdoQU0wdlNNdXBVRG04bVgtQWZ4WGhJdTdmM1V4N1FWV3JVNktjWVF2aGs4T3RrQmlSXzF5UEE1cWFUbUVDM2JSOThDaVQ0S1lfTnZBNHdkeHY1X3VwWkdlVVBxY1doaUt3dzNIeFI2Z9IB0wFBVV95cUxNNXZjcG5iSndQZ0hTa1RHNUZsendtdTR5UGlMVUFqVWZ6OTJMVUxKMGc4X05nRU9KT3JrZ3JQNVZGMjJJYmtIYXlJQ0J6c3JFRGpHVW5tel9LbC1MVnA5LURia2hEamV0UzBzc3RVTnRXLXI4S0E5YWxnb0tUcFZjU3JSdXdDTmlBU180Y3RJNjJZdHYxSnhTaE1HVi14WXBGcTdFVUtBbmNKMG82VUdnX2FDU01xVTRDRXZ4NlN3ZXRldzAzWHZEbk5Ob2VWa1UtdUYw?oc=5,1
Fox_Business_Policy_R,https://news.google.com/rss/articles/CBMiswFBVV95cUxNVXVzMmRXUXZTOFVpZU5HN2wwOFVvV1l5NGxKdWV6VnVCVWFuaFAwRjJwQlY2OFQtMnJYXzc5RUhpTV9CaXNIOG5hbkRiaHhVZXBmZ1NSTnVxcUFzUlI3d2w1US10c2pEeUNPUHpNVk11dzIzbGEyOHh3MWg2ck9jcXdQdUpLRHE4SlNJcDFIMjNEOEdVVHpOWDlrNWk4TmVCQ19Ia29QRVJUWFNoNVF3eWpoSdIBuAFBVV95cUxNMzMyaVVSMHhqdGNzTmdxR2EwVDk1c0VlSE5MODhYbDlGT3UyTWF5elZ3ejlpRjFkWWlvYzNqOTh1ZE1FcjY1b2ZBcFJsSkpwQXBjeU1Ob1pRS3A0UUZmZXc3VWxVWGxMNTFlM1JnZFE1VmI4M1k4WEduMDRtNERJUTlRNUcxTkoweWxpQzdTTzV0cENFRUx3LTVULXFTN0E1S1pYUURxS2RvX0FWV3dRTFI0ODQtT3Jq?oc=5,1
Fox_Business_Policy_R,https://news.google.com/rss/articles/CBMiW0FVX3lxTE1selFMRDVGQVRYbWFtQjRJRDllbGV0ZDJqVzZETHg5ZGVocTdKZS1wS3dmY000S2V6OVZjQ0Y3YVRNbElfTnlfYlBvaGdGX2diU0wwYXJmRFUtQjA?oc=5,1
Fox_Business_Policy_R,https://news.google.com/rss/articles/CBMiswFBVV95cUxNYkxVd0x3cGdxSnlxZlkxMkZHRWlXZElPWXVPUkZLbjBITUI4N1VwbUstWHp1cWZ2YUFrTlJsYklXYW9KOXNNMUItVEN2cFVfeEpwSk55Yi1lc29VaDRNTVNfUWI5OGVXNkMwVjVmeDVEYjFFSHBEaVhVakNSS2hzdjItOHdOV2V5UVg4QjVidll3SlF2Mk93ZDcydHBCTXNtbnAxQmphb3R2VG9vRmM1OW9SONIBuAFBVV95cUxNenhMLVJfQklVUTlYTno1LXhNNXNBQ3hmUmtCVXg1enN3eUZLZi1vTlVKanhaWmZmQ2tCaFpuZHdMVXRwak5NeVQ4SlVkNFlycEVwcDFQLUw3dGtUZU1ZaDhUd0pweXJBdlY1dmM5NnY1aFZiQnZiTi1Ja3dQdnR2UWRtOHdXYlNQZW8wQ0FlUFB3V0lQYXEteXdZMThldDBTSENRell0LWwyZVdqa0xDeVB3Z3lfaFBF?oc=5,1
Fox_Business_Policy_R,https://news.google.com/rss/articles/CBMiowFBVV95cUxPNzNJcURHUUFlRExqLU5PT0NDX1pva3ZVa2pmbmFVWlcxZ1FqbFZzNDJqNDk0SGM4R1NzVTU0SS11QnNxUW1aZVlUa2IxakFyeDluWkVMZTBzZ0xjODRUYlg1VEtmTHFOd2prMy1tbFlRLWdlSmJ0OUZEVzVwRXN1azVmTEFmRUZOajdDZnFPdjNXN2wzeXE3YmpDS2JYSlRUa01n0gGoAUFVX3lxTE1WajE3RGpVSVB3TnJ0czVyTVdiSFZfVjdPazlkejgwYjVaaFoybEFCWUJxbDlDYWVsX05UME0wVVVQU1JKOW5NSHlZTlBVNzlLSnRxbEg3SWhVZTF4OVRyUjVVcS1tMWNTSDk5X3hGbHFvMjUwY2kwUVZyWE9icFVpUUI3YktUb1MxZ1l1MndUSmFDZXpDZGZkOUhmTy04Um9sVjEzYzZNMA?oc=5,1
Fox_Business_Policy_R,https://news.google.com/rss/articles/CBMitgFBVV95cUxOZnkyd1I3RWZBMmQxRUg1ZENvbTd6dGZKVXY5T2tnODFMQmxOVG9VYXVOdU5GX2RkYld1YmY0cTNBOGZKVHpYVk5uS0hBVVYtTlhsU0NtMngwNWhXMkF5dF9wUVEza1RydVJEUHNwUWYweDZqUkcxamRoWVBoV2lONXdleW1HRURaRVA1OWNsSTRYZWk0cWNuaVhIWC1xOGVwc093QktJY1dMWUxRb2VBcXVCU1otd9IBuwFBVV95cUxNa1JyM0EtYjlYdVY4S2dROUZoSHdSVkNyYWQzNWpkVHY4Q3F6aFlYSDU4Mlk5eVRpa3kyazU3aUpVa1ZBZFpwcGJ5RHFkNzdjdkUyRnBuZ2R3VGZ2WThVNFRna1dGVlhld3VBTUU3WmhkSUJsRXhsWFBtdlJtV0dDdUpISzQwbmExb25RVDVQVlBkWEpLeFdiX09jSzhES3BmcUk0UmdJSFZxczNhYXFJbTNVV3VEdlJuS3NB?oc=5,1
Fox_Business_Policy_R,https://news.google.com/rss/articles/CBMitwFBVV95cUxQTkJTc1NDMG5ReFBUVDVwbmdpTEd5S3RsR3pMSVRWY3JWRXJjeldFV0IzN1JUT2R4eUN0RXlOY2l0eDF5WVZmQmZPRkt4MjFMNXc2Qm9vQnVfQXNubUhHbjdaYmtXTWxjZjVmMm4tWjA4UHh2T0tNcV9hWEdJY2FLNTVqSkRKalFmQ04taVdtR3I1Y3ViX21sMnJScEp1QzhLWXgtVGN6bEt2ZkZkYlhhUG5EckI2Rk3SAbwBQVVfeXFMUEtaWm5JVDFtek9fcDAzLWY5QTg0YV9oWWlwNGNiZndNWVEyMG9SS0UwM2d6czB6bE10dEg2N1ZjbmYxZkhqMUZOcWlFR0hGM0xfWEFjbDNYblZCOVA2eXh1Q2IxVlo3RDdSVHJoTldjUW1ERkxFYW9ZNFJTbU5mYk5yVVB0b1VFYmFwSFlxMDhSS2pTSF81SzhUNWVXYUlOY1VxMUUtb25YVVZJWUNFV3NidlQyQW16dUV3NXo?oc=5,1
Fox_Business_Policy_R,https://news.google.com/rss/articles/CBMipAFBVV95cUxNUTljbEJPNVpUNjhOWnY1U2NWdFlVbDktZ190bWVhODQxYmo0WEE5Y3ZNTllwU0l1WWZQZC16Mi1XcUJEWUdQSGk4UUx0LXBRalN4TEZTRllsbDNPWHpMMVpTd1IzT1YtS1dMb1YxYnJpOGc5ZjB4LVpuREpGVldCYU9lR3hRTmJwbnltbDZJb3NvQkNsX2ZYOU0wOHRNSEI3MElBLdIBqgFBVV95cUxPOVdFWkphZ2RkNHdwcHQ1VTZ1Y1ZsdG9WN1BRbGh6SExmalpRMzJ3dGdRMUJKYzk4VGV6Vi1scnVnekJaZnNGTGw4RGVpZU41WHFxcHVFTTU0M1NnakcxUGd3TVhQMnJsbE5WM21TRGlUVmVza01mRWxrWDVIYXBnU2tpRnNySmZ0cm5xLWFiTTRRQ1lHOXcyR2U4dFZGd0xLaW44SzUzSi1zdw?oc=5,1
Fox_Business_Policy_R,https://news.google.com/rss/articles/CBMiqAFBVV95cUxNQ1hueGlNZlNoZTFqNlNfYlhqdEYxdGYzR2E2RUo3RTlHRkttWGlvdWZxNEtuRExkUkRYZ0lScGRuSkhWOS05czIyblBuS2FCVXpBM1BOWHBpMERabkxTT25rX3Vpc1ZVQ2haRE1JX0ItOXo1SlFOblFzWmhJMlRpSHczVkVTb3dBTGhybnhhQWw2SENQVDdGMldoRmhRb2d5WGc1YzNFcVc?oc=5,1
Fox_Business_Policy_R,https://news.google.com/rss/articles/CBMiwwFBVV95cUxPazdjc1JvM0Nwby1Rd05fVXRuVVEwX0dzNmVPWS1SSzJLcDJnTm9KLW4zX1pWaDEzcmFQT2ZiZEhNQlJva28tdTRWaHRtOF9HSWZVMngxSmp6LVJZRWp3d2JhdkhPRTdwV2pGdUxBTVZvemVlTXVsbGFPUFNMc21FdUFsWXNjb0pxSVpMMktxUW1ia1lUWTRXa1J4VGo0alVMSC12VlV1X0tfUTBhbmU0X01BaWJyOW8zYmVCajJmeElBdTjSAcgBQVVfeXFMTUl3SXFkY25fczVHcjZDdzJ0M0NiNlJzUVM5M1FtVUlTZktQbTRRTDBjTnpKYjdDMzVtQktBeTNSekRVaXJmbDk5NFVhWl9XbTRYb1k1RXdIU29TRldWNUM4MGs3OVdaU1pKdDA1UlFOUXhRUl9IcFR4Z0pWU1JnRTE1X3BqdXU4dUtETThWb2FXN0xSUEVfNHVuT0VzM3ZzU2h5MHNPRzZsQlczTkJ5YzloRmxNdzk0RmduUW96Rlk2NTFrUktkMWg?oc=5,1
Fox_Business_Policy_R,https://news.google.com/rss/articles/CBMiZEFVX3lxTE9RZ3dWVjZIQWFPYS14VDN2RjZKYW44UjlnUlZ0cF80MVhpVTlxWGctRG1zUHJsaXpXOWp5dWtPMmhtZHRzTVNULVRfWFV6NTdkakEwUlJ6WEREX0dDTktCS2ptU1E?oc=5,1
Fox_Business_Policy_R,https://news.google.com/rss/articles/CBMilgFBVV95cUxNUmxpNzBPSXIwMzBsa082dTRRVjlxU093UUgta3VscUJsUEVlbE1BaDdRTmJ5TmNGdTU3VWh5amxPY0FHVG8zVm5IZFR2ZEI5LTBUX1ZRN25EcVQ2VVFrcjdWcTJBbDMxSmV0STVhUE1hclFRNHIyV1pPYkJnRkNfUFBaVkJkSWk4ZXhoQzhtNUlHbkVmLXfSAZsBQVVfeXFMUHljYkgxektmOHo3WHp2V1BHelkyVTNhcFJYWHJONnNPTGdERFFKOHpYWHJ2Vm9KXzd0cm83R25ETDJXSTJVUzNyc1A3dlZJRDdIb3ZKclVsMVZJQlNRT1E4cWlNZl9GaEdMU3RiSW9jY3JIdld2VTlmSFFTWW9BdnNBazZTNjN3LVhvZTNuQ1BZTS15T3BNVzJ5aGM?oc=5,1
Fox_Business_Policy_R,https://news.google.com/rss/articles/CBMilgFBVV95cUxNVHJwdHA3aV9LTHNmUmlhRENYdG5tRkVRcE5zTllxYzBwLXROR0Z0cndsSERjcFQybDN0b0RtdmM3LWI4TzhxNFE1RThnYXI5Zy1LdnJwZEExM21DVmJFNTZLUEppeTJNelJxcV9Sd2xwNV9JMnliYVQ3WUVuZEpXWDQ5TXFqLU5CMUY1UGFHekw5UmNHMnc?oc=5,1
Fox_Business_Policy_R,https://news.google.com/rss/articles/CBMivgFBVV95cUxOSDkxR0xNTVN0YlNLV0J1dHZkTWxDMzliYUU5RnJxN1A0cjJheV9rM3lMM0w0dUhFS01aam02eURfcHdqLWNTV0lFUlh4alBhOEU2LW9yWmVnNFY1MUt0NndGMU9wT19SMlQwQkhmaXRtY2Flc3RqSUR3WGV6NVVWSmVuVnQwNlNaUDBEN2JLaTlzSGtDcDdRMkpKeWhYTTBsU2VLMEcxRE0tcEtDSHhLWEZrNlN4RlZyWkZoS2V30gHDAUFVX3lxTE5JRzRYNFJsSzJmZzlwVkJBczdkNXdZcDNDTWg2MzFBekQwV1BpVzJPMlcxa2E2R0Vma21Ba3VfTGFTeXF0TmpfZzdCdVJlTWZMejBuNHE3d0NVUzUzSFpvWndScVBVVXZha3M1Z3V0VmFjY1BCMXN4UU0wUVM0N3pYYmk0Y002Zl9uNHU2bE53eGFkeHZuaENmd1F4SzJKSkJFSTl4TTZQYWRRS04wVXJfbUo0N0I0U0xKdmJuU0Vya3Q4TQ?oc=5,1
Fox_Business_Policy_R,https://news.google.com/rss/articles/CBMilgFBVV95cUxQX3NiSGNwVHkzeUZibE5vd2hNSDRhX0Q5dHBZdHQxR0hnU2stN0Y5aUhqVUgwNTRFMFlta1hRcV85QThmMnU2ZmttY1ViYjRvZnVOdllTUVh6ZkhFUWozLS1Zb0lzUjUzeTktVnVNY2JZZWg2N1ZXUVFSU3E0T3NPZWdGVE1taFhhYm5kdkE5aEJFb25Mc0HSAZsBQVVfeXFMUFVQcmNEQlJhN1JGZ1o1WWxLejdqUHQwZWZrRlUtcDRtcGJNd3hXMm81a1plM1JPTEJWOEgyTWQ3bjRNUmliaHBjeGk4SHVSWGNCOG5GTHJ6M1R6cW52WnZYRktFY0pTUTJySjNyZDJaM0VveHZkaExLUzdOU1NaUXh6aWVfWkg3cy1YY1pjZFdzbkFqalpzVkdRakU?oc=5,1
Fox_Business_Policy_R,https://news.google.com/rss/articles/CBMipgFBVV95cUxPOUpTMU9WVkZVcmo1Ri00ZzY1aHZ2T0k4bnJyREdjUE5Jc2JSN1JfbllBOEZ4VC1paHRUamxNcTdUdE13a0lZNU1xOGoyd1JMSm5BUTl2MHV2ZWgyN0M5VEJJaTJwNHYtU1JpRnBOX2FtZlpXeklYcThucDl1MWNvMzVtVWZpWWRfdXdZNnd6N0VQSTR5MzE1UnBSRFpuYlpjVFhwaGNR?oc=5,1
Fox_Business_Policy_R,https://news.google.com/rss/articles/CBMiW0FVX3lxTE1OaElrSzFzV1RqVGRUX05VMHNKY2RoaWszanZVWExNWEJLMVVURnZzc3htNDZ0anFkbU1keFMyT0pHQlhNNDNGcjFpeF84ZUpGMjJxcTBHbGUyS2M?oc=5,1
Fox_Business_Policy_R,https://news.google.com/rss/articles/CBMixAFBVV95cUxQY09HT0RBSWZHeUdXR1hlVDNITHlvbE1ETFBaallmMkVIbERndUFkZGtPMV9YbXVXMG5SM1hxbXhlVmhWXzV3QmU3NExKZjJGWFRONVdReVREc1pabXEwVFF3ek1GakVNVEU2UWR0cFVhVmFLaElSV2w1bVdIeUk2anN1N3VjS25nSlBTWVBTSXJadWRSc1VaTFhrVmxEMlgyWEZwRUpWbVpaTVBVWEJMRFBESWtrdEVXQmNCeGNVVWRsSlhI0gHKAUFVX3lxTE9iYzd2S3NfVEt4TTNXSDBDNGZhSk53bzV5aENQMFp3d3ZOakswN0lsUzF4ay05U1hGTTR0SS00cXZMWGR5eGI5ajI1R3R3U3Axc2lqcFJHeUpWV0N2ZzBpRHdTWmdkNUhWNC1lYnk0VjhYdUtrOWxVa1dZV1BMQjh4TFNmbXRXUS1WMVU5R3FELW9JYUtnLVJNY1pEN19zODhzbU1HVEJmRHpxSnE3OG00V3oxNHJxclJzdWJKUmxrOFFSajBEUjUzMXc?oc=5,1
Fox_Business_Policy_R,https://news.google.com/rss/articles/CBMicEFVX3lxTFA4RGo2dmw1TGpKVGlfSmNPNlB6MmpmRDBzNzZkQnE2bjVnd1lyOElkeVBnenltXy1ST0dSMzJEZ0RHZXc1S0d2Ql9QSlNhYmNiS3M0ZTZyZkRvMm1fRkdwa0ZmNzl6ZHFieGNwZHVJb0TSAXZBVV95cUxQV29JYnZFVkYwU0R2Um1jd3U2VXhNWTBwRW5BQTBoUWs0em1YSFJrQ0pMcjRXZ1NzNVV0N0RQMEE2ME9lSkZ0WmZyRVNRM2E3RmtaWkdKcVNSZmc5OEpXc0w2UTVTbnZVbUlleFk1TVJYQXY2T2F3?oc=5,1
Fox_Business_Policy_R,https://news.google.com/rss/articles/CBMivwFBVV95cUxOSExldy0xaUwtLU5nNXFISzU0dzFUaUJVTnhnbFRFdkw4bEdwc2dtWGtrdUI4UjBIamtHY3Z1VXE4a1RNLWl4LUdoOUkyUEh3VHFOc1dlQ2JYbTJNcFFNc3NxYUpndGFRNGtCTVZ5TWlJQ0k3WEpJWkc1ZU5Va2pTSEtFZjJUUVJNdWhPMWkzUERSU0tITGFJd1JMX1JKZzQ2TUVYTXd2aUNEb01lSzNEeGY4dXgtTDVZMzU5VEw1TdIBxAFBVV95cUxPRHZPXzlub2NIcHFuMFQtU3JYUnZjNlU2bi1WaHA2VWtYQnEwdExONkItbGY1WEJYd1BlS2ZUdHh1YXVKXzNyanRERmoxcGpjd1dFSy1xM2c2c09GcWpEU1FjeUdTQkpnc2trZDdxbTdHbDVPUmp6MVVPeElkTXRLWmd2dDZJcjZZaTd3dmVxV3RHUTlGS2FUYnpJd2hqTE9IRFpKMlAwX1d1R2pUejBKalZ6WllpZnA1MFhoVXg0YnpUVUJE?oc=5,1
Fox_Business_Policy_R,https://news.google.com/rss/articles/CBMiogFBVV95cUxOR0xWemowcFhaWGxsT011VjJPajdMS3YyWTJORHZkblBBUl9zRVl6VUQ0M3VheF9xV2FVU3l4OFhSOWpJWGxaREZaOWVzMDR6X2ZRbFlTVEZCQUJHZlJnYUMydnFJdkRIR0JqMV9rYWlLb2RIaUdNTmc4TFp1ek55Q1pjY1g1cWZLdzZZNVRPSy1idHFON2wzYmk3YXN3OHZoYlHSAacBQVVfeXFMUExlNWQzRkRVSUJfZjZFdndaUS02TXA5emxfWkp5TjlubVptWHJodXVmUEVQUC1MOWRXZU43eURYeGZnVzJqcndFazFJbnNldFU3cWRIVE1ILWRPSVJWS0lTc1hyV2Z3X0pDZnQyTXNTNnZ0Wjh4bW1keEpudDRaVFFRU1NGaXRFMFVNQTgxaHNtYTVKR1lSYjF3alFZVVRlOXdWdWpoRzA?oc=5,1
Fox_Business_Policy_R,https://news.google.com/rss/articles/CBMiqAFBVV95cUxQb1UtdW9Za3VlOFhINk9GR0RRZDhXOXpQaG4wZ3MwdEdCOXJMRzJGcFR5cUFublQ2dUg2TE5tZjByYk4tUmZLWWx6NU5hTnZkWmxmOUgwZUlpYjlPZGRBdFZCZ195c0p6NTZuRTUzUTdJbHVRM09iMmhTdHNjcVVTcDNNQUF2R3FPZHFXQmg3dWM1eHU3ZThyNmJCMUhJektkajZhYzBXMW_SAa4BQVVfeXFMTmdXVk9yLXRoc3BKaDhzRDlIdGNBdzJrUHl6SHJHUTA5bXAtT0hKVGxyS2JDS1lYZXB4OHoxYVRZX0JoUExuZ3BOZmV5eFo2cmgzcFZsQ0I1TFNyQldiaTRqbmNWZGhUNTlFal9wQjJGSmF4aXB2cGl0Q3BNZjNTZUg5eU9QdkpaWnZkaE5aYzNKUE5yR1c5cHBrOWg4NlI4b2JuVFIzT2pGUW9YNjJ3?oc=5,1
Fox_Business_Policy_R,https://news.google.com/rss/articles/CBMipwFBVV95cUxOVi0yR05RZndxblBORmhGMUt1WmdpU0tKUHRGamxCbzl2dlNfSWtkYWZxQlk2bUYzNXptX2dVaEl2SFp0ZDF0a2dBa3duYXZJX01XMVpGaHJ2c1FMZEVzVTRhZWNoYkl2N0dZaDdiZmtfZnFxWkp6cGJsbFhfN24yaHhQVmctelZWYXBaQW1HeG1DcEpESEF1d3g4WVpfaUtaSkl3aVNZc9IBrAFBVV95cUxQSkd4UF9HZnhLLURjUVJLV21HeUNFdVpkb0NWNGxLQVFnVGo1anBlb0p6REd3REs0a3NKUkRrdDU0U2NDNG05bGNXUjRtaW5wdkVQcTJ3Y0JlTXdIdVBwYlhoMF9xWG5wbEFYUGkweFR0T04xalFkRkZjSjlKdnhLMHZ0TlRBUWtBZDY3Y1daNmlsNWE0U2Rjcmp1R3I5SHhfMnkwUTg4WkpQSEZI?oc=5,1
Fox_Business_Policy_R,https://news.google.com/rss/articles/CBMisAFBVV95cUxOWWFYbnZZSDVZRXptRThrM1REOHZ6R2RZLTFJWkl2eVZGcG9RWk1UbU1RN18zNjF5cWFXN1F4aUlkWnVCMERfblRXWjdiWmFUWTJUVzZiQzJ6bDluRl91MVpoVll3WG1JSzZwZFpoSTRxdUJnQU9rOS02UkxWVVJjZTlJaGJ0ZXBfMzhSUlFuSFA3eWdudllDVmJ1M2hpbVE3YmI0TW1FQTE1ZUh0eHp4a9IBtgFBVV95cUxNRmFwd1BaRUpicnFGR3ZNcWc1YkZ3Y1V6RTY5M2RCbk15Z21iVFlReHItMXZRQlVSMTh1b2JPUHNvbW9kTWRJZEFoUmhCNFV3LXZPYjFvS3JJa3hBOWZMWDd5Ml9iWEl6Nl9DOG5SbXptdnRha0Nsd183b2ZuR05kOW5aRFhyWTNtZGdIZFh0cVhJQUtQeXdJNGh1VTRmTmZmTGJUV1pSVUl6dS1aM0VSWThyZHkyUQ?oc=5,1
Fox_Business_Policy_R,https://news.google.com/rss/articles/CBMiuAFBVV95cUxNaWRKSlRwTVJKd3BVMy1wNFlqYTlWb3VrWmpac05kZDdFWVA3bTFnUjZFSzJfT3VaT0ZhRy0tUEx0SUFrQnlSQlNCMXpucG1NYTlkUGRzYkhwcUpPbWhGNEJZbk1DS0Y0QlRIWC1xS0g2bFVXX0dkZ0YxcGxHUXRoVVNKZ1VDMktjbEgzMXkzRWVhTjlJaUQ2WDQ1ZlhHa29YRXBVUUdJZ0gxTGw1SUtFcWk5WHVlMmNa0gG-AUFVX3lxTE1SUm43ZXFQSXlrSGRpVnFLUG5GUDNuMVFkallONDZXQ2I3Z2kxWE96R2NoTnNwcWhHbDNOMXhTUWh5M3NBWnpnUF9HN3RuSDhDcEVQQUNvN0NpTDJZYk0wX1EzeFFoUFJoTHVMalFpaVdzdHZCek9FcjdVZE9wYUlFUEJQcnFoMWlUV1QwVjdZelp5MTJZdnoxQUhpcE5PODBDcnRlSXAtSVpLd1JoUFQ3MlhBTElyeDhpN1lUakE?oc=5,1
Fox_Business_Policy_R,https://news.google.com/rss/articles/CBMiwgFBVV95cUxPcEw1allvM25uWktmQTBkTGFsTXNiZ3JoN0t4ckJLZm0ta3IxdURVX1pvNVRhR3dpSE5uWjk4VzVTb25vRnkyWlh0Mmp4RUkwUDhnSDZUWUtrVlR1MFB1eFFaQ0t6ZWZ0RWNxckJtM096UlVVX0pOLVJhcTdYM05nS0ttTVctbHZwZ0pUV1h0b3RFTXU3dDh4YVFPZVRHRFZhUm9wNU5zT05CUHM3YVBpMVBnRmhDR3NGeV83WFA5TnUtZ9IBxwFBVV95cUxQUHlDQWdobVlvdm51U1hCYi1LSkFDeTZuNHFaTERRd0RnZGxqX29CX2xSOTRFbzcxTkNaT1FxcEgxd3FZcWpDU1UyZ1hJS2JOTnp5bE1EQnI0MXgxSHpHVWN1eVlkdVl3RW1lQWJwSDhWYnk5ZFJhcFVBX0Vna2c0c3R1X2s3bFZ2ajU0SW5GVXZDUExBbDhsWEVmdDlHQXN1SGU0dHlkWHRDV1JxemJEODhiNmhhWUsxTDJwLXBCdjNlUjJIMnhN?oc=5,1
Fox_Business_Policy_R,https://news.google.com/rss/articles/CBMinAFBVV95cUxOSnVDWmhmOUl6amoyRTZyYUVIVXVQamZSeUI0S1NJbFdHc2tId3FrMEc1RTRWamoycWxBdG85UzluLWYxd1R1TjhVMFlmYV8xWTRaMTRKM0dZR01vNnF5SDRXVnNzVmxDSzkzbGJoZkZvZ2hVejB2OFY5WlRraDMyR3JYY3pWTkF0MWV1QjdaOEM3NW5zcjR6Rk4wOVDSAaIBQVVfeXFMTlpaNWc3VjZkdVJlNXlaS3ZLS29yWUFyN19KamJpd2VSOF9jeHhFeFB6dXRlbm1yZnNtRFZVQ0RpVWEtRndOaGJTV2YxUExpb1g0NnFHMjNncGV0SGFDRGZuNzg2SFZEbUg2NXhJQUZBa1VocDZMUHNZeDllQXdyRW9YVDJMcGtobVFhRVFhRlRFeGotTFAxdVdrNVJYbmx6eWhn?oc=5,1
Fox_Business_Policy_R,https://news.google.com/rss/articles/CBMitgFBVV95cUxOUFRCNXNfVHpzVXdsZk1HTGpYSmdJRVZsbnR1NDE5Yi1Va2o3cFROeFRkWTdrcmZBM0ZtVXRjM3c5MGN2SVQtRHFqNk45OVNNZXEyd3h3T1lPY0hybW5tRW5CbTBKSmhBb3pWWUtSSDlhQ09pS2Y4RlNpVzRRdkEyVlRCSzRyZ1lqRnZwbjM1dVc4UTZIbVY1UjAwcUZUa1RVaUI2cXk0RHhqbTRJMjZtYjBTSV9HZ9IBuwFBVV95cUxNcUFCajdWQmZ0bGNFdGVJWmxkek5FTTZVUElCUGFxYlJSa3hMcUVPcW9IU3pBUUVQZnM4TEwtbWNDeXRrMGNsM2QxNDF1Tkw5VmxnNEp0TGdfQWpCUHVJR18yckJqZ1EwSDJzMWp5dWlGMFluR2ZYU2Z6Tmw1LXhwUEVWc1lIM3hqMnIyQktDeTQ3UENTYWxmcEhUaHFYZVhuaE1qajhKdl9lRkJ2UWtDSTN2emU0bHpXT09v?oc=5,1
Fox_Business_Policy_R,https://news.google.com/rss/articles/CBMiwAFBVV95cUxNd2xLa0prcDNYV2NmOWo3ZDdpS2RZbGxUSEdIMENudkZXWjg4QzFjSGNVRndPNDl4MlZ5d2VWT0VWbDVuWVdVdTFkR1JsbE13Q0VLSkp6cENVQ3JLazA1amc2N3pFaXNacnU4NGpCMjYzVnZTNkhCQUhSUmxManR3U2VOM2ZpTHUwQTJLSmlyVUdTWS0za2MyUmJRcWZlTm5CM1hMd2s4S0xERkdmOXdkTlNpeGxtUXIzUFdrOENlNUY?oc=5,1
Fox_Business_Policy_R,https://news.google.com/rss/articles/CBMigAFBVV95cUxOTnJubzNCcWk1b2JNa0hYaUx6M3V3TGtPLS10Mk9ZS19hWUNFSGxHUzMzRzYtT09MRTdBY1NNdnNEV0RUU3JRT19ydnhZQXFkZFU3WEx1d3U0SUh0TmZteklGaVRURzZkOU1WY3g4Q29tOHV3d2pWb3R0WUs1YU5xWtIBhgFBVV95cUxQSFQ5eHFUU1c0Y2ZUSXFtQVJhbjBkYW04MnhnU3NZUkh0MnhqaS10MVJyZTlPVlREMHFQak02R2tOTzhMYkRpSnctaWl2azhvSXpWTjhubTRxQUY0TGc0eTA4emc4WEktcFFvdFViblZQTTFMMGxpSDloTE5qTWNYYXR3OFRPUQ?oc=5,1
Fox_Business_Policy_R,https://news.google.com/rss/articles/CBMimAFBVV95cUxNTXBDSm9jOWlaVmVxTXhYM2VGbXVlVzZpSE1VZDdQRWl6NGhzUDJfV1IzSDFrenY1VjdRLWoyTTk0ZktRc0toS01IOEpEZEJJdk1KQkJMMHVBenlxOWhfRUlETmwzY3dhOHc1WFFNUzhuNTYxaUd3XzJ0QWxwd0tLaWJva2xSbGc0UXJrMDRhbGxpa0VUbW5yZ9IBngFBVV95cUxPQWJyYVpoRXNWMmN1Zk5lUVdUZVpnQ3FicG4tM0ZsM2NuNHc1YjVxU2F4Zk12Z1hNdFJMWWJSRzI5YTlhazhwb2lHcm5qdkh5cHBqcFZUNG1FdTR3SEtFOTZ4U2RQcjZmN0w3SnBldFpXVm5yQ0ZDQWFOWDRBLUhZWFNLcEg3TndYVW0tdHVSZ3hCYUd1TE5nT0RjRVliZw?oc=5,1
Fox_Business_Policy_R,https://news.google.com/rss/articles/CBMiW0FVX3lxTE5oeUpnOW54MksxeFdmRXpLWVptNEZtM2ZXSEZaeUFIMHBHUUhoNTJfZ3BUeW9UMG1GVUIyaU4zOWczbEdUTVdfU1JBWmMwOWxLa0tEQVQySTBRQlU?oc=5,1
Fox_Business_Policy_R,https://news.google.com/rss/articles/CBMiW0FVX3lxTE12VFhIZThCVlMtZnpWVE5KdFhpaFZocVlpcGxuN09QU2xxOGoxWmJQME5WOWoxWVdpWGFlSzVmLTJqem9mTG1KV192b0QteUs1OVFlb1FSZ041cUk?oc=5,1
Fox_Business_Policy_R,https://news.google.com/rss/articles/CBMiW0FVX3lxTE4zSzBYTU9hc09WZUJBSFpoLW05d1QxLU5OTFlDa3pOY3JTMkk3N2VnMkQ1czN1MjV0bkZYSDFCeWxtYmhsTjQ1ampOcWo1TWRralNsaWRTTkpkYU0?oc=5,1
Fox_Business_Policy_R,https://news.google.com/rss/articles/CBMiW0FVX3lxTE5PNWVMaDFaSVJGdlVpeXJWemx6MDRUbTZiZ3ZQaTVTMW9NLTZmd3R4aHhhNm9jQTU2M3VXRGZIemV0SjRQOENVbkk5ZDhDblI2QlZEVFNLY3dsUk0?oc=5,1
Fox_Business_Policy_R,https://news.google.com/rss/articles/CBMijgFBVV95cUxNVnVyNV9GUFVDbjZjdTZCbzhsNjYxektSOUJTWHl4S29RNXUzYURDSld4NVFiRzhWRGZxZmF3YWFQbTBFNG5BMG5NRmNQajdpeVBVb2o2QU5YYTJ1a211RXJBUU1yaTZVTlh4d04xWXBLd3lodTNKblo4UFZwN1dSV2JZQ05FRUpUMllSS1V30gGTAUFVX3lxTE1wNFVkdGpxVThGcERTbWtzaDVVTEdiTG1LTENOMFVJLWkxQkp2QWYzaFhFYWt2eGstOGhmdGY5a2VWVGZ1RVNZM05iNXpLNF9VNGZlbDQ5NlkyWndsSnVMX3VrOUZYUVd2Y2lJZzhQZmxwSkRuYU1XVDBKSU1HeE5DUFEtUXk0UEVnNmtrMEZSdVdLRQ?oc=5,1
Fox_Business_Policy_R,https://news.google.com/rss/articles/CBMitwFBVV95cUxQOEctOElkaDF2Rmdxa0tXY0Y1cEV3U28tdU5odm1FM3VHQ081cFNpcFVBbDdZaXJnTnFSVHk5MUdHYS1iRGo3NElYRWdpcXdwX19tYUVPa0htLWNEWVlHaUFFcXZpNnRDNk5CSU1uRjZ3dXhNclVzWVl2TVcydlFTdl9BeWxDUUkwVjRHMGY5dWc2Z1lldTdsZ3d5MTFjaC1yMnVBN1ZWV25CX3JZckthczVRTi1LM2fSAbwBQVVfeXFMTlRodFJmR0hyQmt3RGJRaWY3Uy00QnlNdU8yMjgtUVRQWE9DVjFnY0FZbzhWQWQtcG5VYkFkLXJ5OVBSaGxITlAtQ1IybENXMVVWdlIzellMNFlCUGpsWUwwTGs2Qm9UakdidWNNQzBsRzl2QmtQYXJhUG1BNm53VzVHMUdGN3gyNThJZldnUDk4RU1vemtUdHI0dHQ4amkwRFFvMnFqak5BMXJxQl9NbkZaS3E2QTBVejBkSEU?oc=5,1
Fox_Business_Policy_R,https://news.google.com/rss/articles/CBMif0FVX3lxTE9hQ2JPdUduNFpDYkEyQ0tiREkybXQ1SjgxelFBd2dKcFdQUHZPeVEzejFIQWpKVi0tbGJkaGVyYWI4azlNOXFqOXJpb2xiVTBoVVpPRHBCSHBQZ1dYV2taRjQ1UGhfdGhkS0pHalo5VF9oVi12dkJEdGptX2pWekHSAYQBQVVfeXFMTmtHczdESGI5VkRyS0IxQUpWMnpKaDdMd2hOLWtnM1JHVXUyd19rSFNidTZwWDRDV3RrRnBHcGVXTkVtbzlRSEdVV09hWnk3TmZwQm1YMy1oUTQwZG9PZU15UHBSeVEyZjZGdmRQNEx3bWZDeHlNM3JtXzd0MllGa2oySkNr?oc=5,1
Breitbart_R,https://www.breitbart.com/border/2026/02/22/mexico-erupts-in-flames-after-reported-death-of-largest-terrorist-cartel-boss-el-mencho/,1
Breitbart_R,https://www.breitbart.com/border/2026/02/22/americans-told-to-shelter-in-place-across-mexico-after-el-menchos-death-sparks-widespread-cartel-violence/,1
Breitbart_R,https://www.breitbart.com/border/2026/02/22/exclusive-u-s-navy-seals-trained-mexican-military-team-that-killed-terrorist-leader-el-mencho/,1
Breitbart_R,https://www.breitbart.com/2nd-amendment/2026/02/22/armed-man-who-was-shot-and-killed-after-breaching-mar-a-lagos-secure-perimeter-had-been-reported-missing-by-his-family/,1
Breitbart_R,https://www.breitbart.com/weather/2026/02/22/you-dont-want-to-be-outside-northeast-bracing-for-blinding-late-winter-blizzard/,1
Breitbart_R,https://www.breitbart.com/tech/2026/02/22/new-york-high-school-teacher-ousted-after-helping-students-launch-turning-point-usa-chapter/,1
Breitbart_R,https://www.breitbart.com/europe/2026/02/22/eu-says-us-must-honor-trade-deal-after-supreme-court-tariff-ruling/,1
Breitbart_R,https://www.breitbart.com/europe/2026/02/22/london-met-police-officers-told-to-provide-security-at-epsteins-house-for-andrew-party-report/,1
Breitbart_R,https://www.breitbart.com/clips/2026/02/22/newsom-trump-is-flailing-hes-a-shadow-of-himself/,1
Breitbart_R,https://www.breitbart.com/clips/2026/02/22/newsom-trump-bessent-have-wrecked-this-economy/,1
Breitbart_R,https://www.breitbart.com/clips/2026/02/22/gov-kevin-stitt/,1
Breitbart_R,https://www.breitbart.com/clips/2026/02/22/shapiro-trump-is-sending-ice-agents-on-unconstitutional-missions/,1
Breitbart_R,https://www.breitbart.com/politics/2026/02/21/trump-hosts-governors-at-white-house-for-dinner-stunning-violin-performance/,1
Breitbart_R,https://www.breitbart.com/politics/2026/02/21/president-trump-raises-global-tariff-rate-to-15-percent/,1
Breitbart_R,https://www.breitbart.com/politics/2026/02/21/jpmorgan-chase-admitted-that-it-closed-more-than-50-of-president-donald-trumps-bank-accounts-after-his-first-term-as-president-concluded/,1
Breitbart_R,https://www.breitbart.com/clips/2026/02/21/can-nigel-farage-ride-epstein-labour-party-scandal-to-10-downing-street/,1
Breitbart_R,https://www.breitbart.com/europe/2026/02/22/france-summons-u-s-ambassador-over-comments-condemning-alleged-antifa-killing/,1
Breitbart_R,https://www.breitbart.com/europe/2026/02/22/russian-missile-and-drone-barrage-hits-kyiv-suburbs-killing-one/,1
Breitbart_R,https://www.breitbart.com/europe/2026/02/20/lobbying-firm-co-founded-by-peter-mandelson-ceases-trading-over-epstein-emails-fallout/,1
Breitbart_R,https://www.breitbart.com/politics/2026/02/22/nyc-democrats-require-id-to-shovel-snow-but-oppose-it-for-voting/,1
Breitbart_R,https://www.breitbart.com/politics/2026/02/21/report-lafd-memo-revealed-plan-to-protect-l-a-mayor-karen-bass-over-wildfire-handling/,1
Breitbart_R,https://www.breitbart.com/border/2026/02/21/watch-texas-dps-drone-detects-illegal-border-crossing-migrants-tagged-with-cartel-cargo-tags/,1
Breitbart_R,https://www.breitbart.com/border/2026/02/19/dozens-of-texas-schools-now-under-investigation-for-alleged-role-in-anti%e2%80%91ice-walkouts/,1
Breitbart_R,https://www.breitbart.com/border/2026/02/21/leaked-audio-shows-top-mexican-navy-officials-looking-to-cover-up-fuel-smuggling-operation/,1
Breitbart_R,https://www.breitbart.com/clips/2026/02/21/carney-the-trump-tariffs-are-going-to-come-back-right-away-heres-how/,1
Breitbart_R,https://www.breitbart.com/economy/2026/02/21/what-is-a-balance-of-payments-deficit/,1
Breitbart_R,https://www.breitbart.com/clips/2026/02/21/what-affordability-crisis-anti-trumpers-root-against-new-tariff-revenue-for-usa/,1
Breitbart_R,https://www.breitbart.com/border/2026/02/22/exclusive-ex-biden-dhs-officials-behind-record-border-failures-now-advising-cbp-on-high%e2%80%91risk-traveler-screening/,1
Breitbart_R,https://www.breitbart.com/2nd-amendment/2026/02/21/detroit-two-officers-suspended-for-violating-department-policy-by-cooperating-with-border-patrol/,1
Breitbart_R,https://www.breitbart.com/immigration/2026/02/21/video-ohio-student-mob-damages-kroger-store-during-anti-ice-walkout/,1
Breitbart_R,https://www.breitbart.com/border/2026/02/21/portland-anti-ice-agitator-faces-20-years-in-prison-for-assaulting-federal-agent-with-large-rock/,1
Breitbart_R,https://www.breitbart.com/clips/2026/02/21/de-gov-meyer-dem-dhs-demands-are-a-compromise/,1
Breitbart_R,https://www.breitbart.com/clips/2026/02/21/de-gov-meyer-ice-creating-a-lack-of-safety-simply-by-wearing-that-uniform/,1
Breitbart_R,https://www.breitbart.com/economy/2026/02/21/susan-rice-threatens-trump-supporters-revenge-best-served-cold/,1
Breitbart_R,https://www.breitbart.com/politics/2026/02/21/susan-rice-corporations-that-took-a-knee-to-trump-will-be-held-accountable-if-democrats-win/,1
Breitbart_R,https://www.breitbart.com/health/2026/02/21/exclusive-lyndsey-sikes-why-are-states-like-new-york-and-california-controlling-abortion-drug-policy-in-louisiana/,1
Breitbart_R,https://www.breitbart.com/clips/2026/02/20/jb-pritzker-trump-is-suffering-from-dementia-hes-unhinged/,1
Breitbart_R,https://www.breitbart.com/clips/2026/02/20/pritzker-corruption-has-pervaded-the-entire-trump-administration/,1
Breitbart_R,https://www.breitbart.com/clips/2026/02/21/gop-rep-roy-congress-made-mess-of-ieepa-and-needs-to-clean-it-up/,1
Breitbart_R,https://www.breitbart.com/clips/2026/02/20/stephen-moore-scotus-is-right-we-wouldnt-want-a-dem-implementing-emergency-tariffs-on-climate/,1
Breitbart_R,https://www.breitbart.com/clips/2026/02/20/bessent-predicts-no-decrease-in-tariff-revenue-for-2026/,1
Breitbart_R,https://www.breitbart.com/clips/2026/02/21/fncs-turley-sotomayor-jackson-suddenly-became-textualists-developed-opposition-to-delegating-power-to-president/,1
Breitbart_R,https://www.breitbart.com/clips/2026/02/21/gop-sen-kennedy-refunding-tariff-money-to-business-would-boost-economy/,1
DailyWire_R,https://www.dailywire.com/news/in-tennessee-gavin-newsom-sprints-to-the-far-left,1
DailyWire_R,https://www.dailywire.com/news/mexican-drug-lord-el-mencho-killed-in-military-operation-says-government-source,1
DailyWire_R,https://www.dailywire.com/news/missing-north-carolina-man-identified-as-armed-intruder-shot-dead-at-mar-a-lago,1
DailyWire_R,https://www.dailywire.com/news/white-house-taunts-justin-trudeau-after-u-s-hockey-bests-canada-in-olympic-gold-medal-match,1
DailyWire_R,https://www.dailywire.com/news/usa-wins-olympic-hockey-gold-in-ot-thriller-over-canada,1
DailyWire_R,https://www.dailywire.com/news/government-shutdown-hits-travelers-precheck-global-entry-suspended,1
DailyWire_R,https://www.dailywire.com/news/armed-intruder-with-shotgun-sparks-deadly-secret-service-response-at-mar-a-lago,1
DailyWire_R,https://www.dailywire.com/news/live-updates-iranian-protests-intensify-as-citizens-demand-end-to-ayatollah-rule,1
DailyWire_R,https://www.dailywire.com/news/trump-to-travel-to-china-in-march-with-tariffs-in-focus,1
DailyWire_R,https://www.dailywire.com/news/ukraine-strikes-ballistic-missile-producer-deep-inside-russia-kyiv-says,1
DailyWire_R,https://www.dailywire.com/news/warmth-of-collectivism-mamdani-urges-new-yorkers-to-become-an-emergency-shoveler,1
DailyWire_R,https://www.dailywire.com/news/watch-asked-who-hed-deport-dem-candidate-performs-verbal-tightrope-act,1
DailyWire_R,https://www.dailywire.com/news/after-the-original-smashed-the-box-office-there-is-more-story-to-tell-in-i-can-only-imagine-2,1
DailyWire_R,https://www.dailywire.com/news/germanys-ruling-party-backs-social-media-curbs-for-children,1
DailyWire_R,https://www.dailywire.com/news/arrest-of-former-prince-andrew-prompts-potential-succession-shake-up,1
DailyWire_R,https://www.dailywire.com/news/trump-hikes-his-new-tariffs-to-15-after-complete-review-of-scotus-decision,1
DailyWire_R,https://www.dailywire.com/news/vandals-attack-rebranded-trump-kennedy-center-with-toxic-substance-force-cancellations,1
DailyWire_R,https://www.dailywire.com/news/northeast-under-blizzard-warning-braces-for-over-a-foot-of-snow,1
DailyWire_R,https://www.dailywire.com/news/republicans-divided-as-tariff-debate-splits-voter-base-after-scotus-decision,1
DailyWire_R,https://www.dailywire.com/news/the-senate-race-democrats-have-controlled-for-decades-now-its-wide-open,1
DailyWire_R,https://www.dailywire.com/news/is-jd-vance-the-gops-post-trump-future-one-author-makes-the-case,1
DailyWire_R,https://www.dailywire.com/news/after-scotus-ruling-trump-fires-back-with-10-tariff-on-all-countries,1
DailyWire_R,https://www.dailywire.com/news/detroit-police-officers-punished-for-cooperating-with-border-patrol-ice-tells-them-to-apply-for-jobs,1
DailyWire_R,https://www.dailywire.com/news/u-s-stocks-close-up-after-scotus-tariff-ruling-causes-wild-day-for-markets,1
DailyWire_R,https://www.dailywire.com/news/trump-seeks-tougher-work-permit-rules-for-illegals-with-asylum-claims,1
DailyWire_R,https://www.dailywire.com/news/american-figure-skaters-father-narrowly-escaped-china-she-just-won-olympic-gold,1
DailyWire_R,https://www.dailywire.com/news/scotus-knocks-down-trumps-tariffs,1
DailyWire_R,https://www.dailywire.com/news/colombian-woman-convicted-of-sex-crime-against-teen-entered-u-s-under-biden,1
DailyWire_R,https://www.dailywire.com/news/liberal-county-ordered-to-pay-religious-parents-over-trans-indoctrination-in-schools,1
DailyWire_R,https://www.dailywire.com/news/never-forgotten-trump-provides-10m-to-devastated-east-palestine-community-betrayed-by-biden,1
DailyWire_R,https://www.dailywire.com/news/tariffs-overturned-what-happens-to-the-200-billion-already-collected,1
DailyWire_R,https://www.dailywire.com/news/gop-gubernatorial-candidates-immigration-stance-raises-eyebrows-in-deep-blue-state,1
DailyWire_R,https://www.dailywire.com/news/kavanaugh-trump-has-other-legal-paths-to-keep-tariffs-in-place-despite-scotus-ruling,1
DailyWire_R,https://www.dailywire.com/news/watch-trump-reacts-to-tariff-ruling-in-surprise-briefing-live-updates,1
DailyWire_R,https://www.dailywire.com/news/democrat-senate-candidate-condemns-states-that-protect-kids-from-trans-procedures,1
DailyWire_R,https://www.dailywire.com/news/trump-blames-democrat-shutdown-for-hitch-in-economic-growth,1
DailyWire_R,https://www.dailywire.com/news/laken-rileys-murder-reignites-immigration-fight-in-georgia-senate-race,1
DailyWire_R,https://www.dailywire.com/news/why-israel-does-not-want-americas-military-aid-money-anymore,1
DailyWire_R,https://www.dailywire.com/news/watch-12-year-old-shreds-school-board-after-sharia-pamphlets-handed-out,1
DailyWire_R,https://www.dailywire.com/news/bill-cassidy-calls-on-hhs-to-release-trans-identifying-biden-officials-emails,1
DailyWire_R,https://www.dailywire.com/news/principal-faces-off-with-anti-ice-walkout-students-issues-ultimatum,1
DailyWire_R,https://www.dailywire.com/news/hollywood-promised-a-love-story-what-it-delivered-was-something-else,1
TheBlaze_R,https://www.theblaze.com/align/james-talarico-s-false-gospel-of-consent,1
TheBlaze_R,https://www.theblaze.com/columns/opinion/at-trumps-state-of-the-union-remember-the-free-market-miracle-in-your-pocket,1
TheBlaze_R,https://www.theblaze.com/news/lots-of-winning-trump-praises-america-s-historic-hockey-victory-at-winter-olympics,1
TheBlaze_R,https://www.theblaze.com/shows/the-auron-macintyre-show/real-reason-disney-gay-days-fizzling-out-its-not-boycotts,1
TheBlaze_R,https://www.theblaze.com/return/zap-mind-control-tech-seemingly-revealed-in-latest-epstein-release,1
TheBlaze_R,https://www.theblaze.com/shows/relatable/adults-are-using-american-girl-dolls-for-anti-ice-activism-and-misplaced-mothering,1
TheBlaze_R,https://www.theblaze.com/news/secret-service-fatally-shoots-man-seen-carrying-apparent-shotgun-outside-mar-a-lago,1
TheBlaze_R,https://www.theblaze.com/columns/opinion/bidenflation-trumpflation-try-unipartyflation,1
TheBlaze_R,https://www.theblaze.com/news/florida-high-school-staffer-punches-female-student-arrest,1
TheBlaze_R,https://www.theblaze.com/columns/opinion/we-dont-have-to-live-this-way,1
TheBlaze_R,https://www.theblaze.com/shows/steve-deace-show/steve-deace-drops-fire-james-talarico-is-going-to-be-legion,1
TheBlaze_R,https://www.theblaze.com/align/norma-mccorvey-reluctant-jane-roe-who-answered-to-higher-judge,1
TheBlaze_R,https://www.theblaze.com/news/maybe-i-should-endorse-jasmine-crockett-lauren-boebert-jokes-with-praises-james-talarico-amid-heated-texas-primary,1
TheBlaze_R,https://www.theblaze.com/return/oil-profits-fracking-oil-shipping,1
TheBlaze_R,https://www.theblaze.com/columns/opinion/trump-has-delivered-on-rural-health-care,1
TheBlaze_R,https://www.theblaze.com/shows/stu-does-america/trans-shooter-epidemic-unmasked-poll-uncovers-potential-link-to-ongoing-attacks,1
TheBlaze_R,https://www.theblaze.com/return/how-to-put-your-text-messages-on-the-strongest-privacy-setting,1
TheBlaze_R,https://www.theblaze.com/shows/the-glenn-beck-program/the-war-to-save-western-civilization-is-here-and-this-is-what-needs-to-happen,1
TheBlaze_R,https://www.theblaze.com/columns/opinion/what-will-replace-the-old-world-order,1
TheBlaze_R,https://www.theblaze.com/news/praise-rolls-in-for-high-school-suspending-hundreds-of-students-over-anti-ice-walkout-adults-are-taking-charge,1
TheBlaze_R,https://www.theblaze.com/columns/opinion/forget-a-third-party-president-win-congress-first,1
TheBlaze_R,https://www.theblaze.com/news/detroit-triple-murder-basement-arrest,1
TheBlaze_R,https://www.theblaze.com/shows/strange-encounters/what-the-epstein-files-really-reveal-it-s-far-darker-than-just-his-twisted-sex-trafficking-empire,1
TheBlaze_R,https://www.theblaze.com/align/nothing-is-more-countercultural-than-lent,1
TheBlaze_R,https://www.theblaze.com/news/susan-rice-threat-dems-midterms,1
TheBlaze_R,https://www.theblaze.com/news/you-got-f-kin-nothin-ketchup-covered-blindfolded-frat-pledges-seen-in-viral-police-bodycam-video-but-no-one-s-talking,1
TheBlaze_R,https://www.theblaze.com/news/steven-spielberg-california-billionaire-tax,1
TheBlaze_R,https://www.theblaze.com/shows/the-glenn-beck-program/glenn-becks-fiery-reaction-to-ex-prince-andrews-arrest-nobody-is-going-to-jail-for-actually-having-sex-with-children,1
TheBlaze_R,https://www.theblaze.com/news/ambulance-ram-dhs-accelerant,1
TheBlaze_R,https://www.theblaze.com/news/minnesota-battles-ghost-students-siphoning-taxpayer-dollars-from-financial-aid-programs,1
FoxOpinion_R,https://www.foxnews.com/opinion/bishop-barron-aoc-mocks-western-culture-marx-would-love-that-i-find-chilling,1
FoxOpinion_R,https://www.foxnews.com/opinion/illinois-citys-reparations-plan-misguided-divisive-likely-unconstitutional,1
FoxOpinion_R,https://www.foxnews.com/opinion/david-marcus-mamdanis-jim-crow-2-0-snow-removal-operation-requires-id,1
FoxOpinion_R,https://www.foxnews.com/opinion/jimmy-lai-risking-everything-democracy-we-cant-ignore-what-china-doing,1
FoxOpinion_R,https://www.foxnews.com/opinion/david-marcus-memo-bono-please-shut-up-go-away,1
FoxOpinion_R,https://www.foxnews.com/opinion/how-make-killing-review-glen-powell-eyes-family-fortune-a24s-comedic-noir,1
FoxOpinion_R,https://www.foxnews.com/opinion/dr-marc-siegel-rfk-jr-david-kessler-right-take-big-food,1
FoxOpinion_R,https://www.foxnews.com/opinion/five-important-reasons-why-trump-economy-about-really-blast-off,1
FoxOpinion_R,https://www.foxnews.com/opinion/i-child-believed-gender-transition-would-heal-my-pain-became-new-trauma,1
FoxOpinion_R,https://www.foxnews.com/opinion/david-marcus-burnish-trumps-legacy-we-need-stop-naming-things-after-him,1
FoxOpinion_R,https://www.foxnews.com/opinion/broadcast-bias-idea-giving-politicians-equal-time-sends-colbert-fury,1
FoxOpinion_R,https://www.foxnews.com/opinion/john-yoo-supreme-court-tariff-ruling-should-end-complaints-justices-favor-trump,1
FoxOpinion_R,https://www.foxnews.com/opinion/david-marcus-hospitals-stop-transing-kids-now-myth-has-fallen-apart,1
FoxOpinion_R,https://www.foxnews.com/opinion/trumps-economic-wins-cancel-out-bidens-losses-latest-jobs-report,1
FoxOpinion_R,https://www.foxnews.com/opinion/when-a-means-average-even-harvard-has-problem-know,1
FoxOpinion_R,https://www.foxnews.com/opinion/i-left-california-im-never-going-back-heres-why-no-parent-should-raise-kids,1
FoxOpinion_R,https://www.foxnews.com/opinion/fbi-director-kash-patel-we-have-made-america-safer-just-one-year,1
FoxOpinion_R,https://www.foxnews.com/opinion/i-need-expensive-asthma-drug-live-trumps-rx-plan-helped-me-many-others,1
FoxOpinion_R,https://www.foxnews.com/opinion/under-oath-metas-zuckerberg-showed-big-tech-cant-police-itself,1
FoxOpinion_R,https://www.foxnews.com/opinion/mike-davis-chicagoland-where-teachers-can-support-charlie-kirks-killing-not-ice,1
FoxOpinion_R,https://www.foxnews.com/opinion/david-marcus-how-stephen-colbert-conned-dem-donors-burned-jasmine-crockett,1
FoxOpinion_R,https://www.foxnews.com/opinion/democrats-turn-their-backs-dhs-ice-when-america-needs-them-most,1
FoxOpinion_R,https://www.foxnews.com/opinion/mark-halperin-trump-strategy-super-session-plots-midterm-survival-history-stalks-gop,1
FoxOpinion_R,https://www.foxnews.com/opinion/morning-glory-what-president-donald-trump-decide-do-iran,1
FoxOpinion_R,https://www.foxnews.com/opinion/mocked-munich-aoc-much-bigger-success-critics-realize,1
RedState_R,https://news.google.com/rss/articles/CBMiQ0FVX3lxTE0wbWVlSUpmVm1qN05LSTFqeFhZZXNGRUtSamE0djRWNm42azA5WFMxUnh0NDZNOEttVFZYdVkyLVAtT2c?oc=5,1
RedState_R,https://news.google.com/rss/articles/CBMi3wFBVV95cUxQb2JhQjR0dll3eXRTcl9WVHUxUkZ0U3lwUHR0aW5abzQ2dUk4NFFLR2dDdm9STnFNRUZvRWtvNm9Cd0IyQUItQUpUU1djaW80VzNHcnlfektZM2k0cy1MYjdZWHpPemVUWXVqTUJ6TVNqX1lIanVrZ2VfZjcyTVdOeW13LWhNeTMwSTFtUkNuY2FGV1loRDNZb3I0Y2hacFROcHFXMDRSdE5ETUFjU1N0ZUpGMmZBaVRhWmlUa2dSdDBMWVpRdWNVd21ZeGZ0RE51QjBGUG5vVmRyeGFhWG5J?oc=5,1
RedState_R,https://news.google.com/rss/articles/CBMilwFBVV95cUxPcTRQRGdQQUJJM1JTMHIteVlES0FoXzZPZW5ZTS1tQmRfRGNRV1lvaFo4bEU1Ny1BVThHcHpaOTE5a0FkNzBYcVVvM1VvRzhObTNmNnFPc01XNUdkcUJrd3l2MVptSG1uT0RaVW42ZmhzMjBKTUdsNm93azFGTnhEVV9YTEg5ZTdKV2hVN0dVMVA5NVpOYVhr?oc=5,1
RedState_R,https://news.google.com/rss/articles/CBMi7wFBVV95cUxNUHRpVmtEdlMzYzhfaHJ1RURsWHR5bUhFek5RYjN2aEVWRzEzTGhEVWN3eHlDRGJtd3lyWjJHTEtmLUlUZnRMYUJ1NEltNk1rcHcxQnVBMlRTTjBMYnFOem8yLVdZMU1mMmNudG9zZmFfUE9nd2NSQUdCZjI0LTdXcXNJQ0J6akpzQzQ0Z3BFYUptSDFPVE9PR1RUOFJmRHFiRFF2YmdSUzl6aGdHbXJvMlVGUXRTbEZfMGotX2hqWVJZNTVsNEU4ckF0VDNwY3FFUUVHTTQ3ZlFOV045S2NKbWV5MldwYi0yc1hYYVlUbw?oc=5,1
RedState_R,https://news.google.com/rss/articles/CBMif0FVX3lxTE5JQTIxa3RhSUdFbHZ6ZjVJa3RScjhCWDcyYU1SVkdfdDhkd3U0UXdINW9HN2hUNlZTV1VaSldsOXdQVm02TENwT09aeFR6ZXRkWUo3MWtnbWE5QWlnVFYzR3NfTk9xdzMxY3hlcTQyTE5LSmltazNOWVB3SE1QMnc?oc=5,1
RedState_R,https://news.google.com/rss/articles/CBMi1AFBVV95cUxNd1JIUi1tdHM3VGVuMTlnZ1VXRGl1VFVyd1REVU53aEhTelVQU2hFZTFhTGZEZ2dZbE85ZUJVeHNnbjBQRWg4NXc0V2dqQjFDZEtuVGYtU0NHU01nVWxXWWJvcVo5NGNIXzlLMnFCLUJBc3VCXzlhdmJScUUwYlFQbnJwa01QS1h6a1JLV3BJNWk4ZjdKOWotRTZPLU9LdGlwQ3ZIV25DWHdRT2JLQzR2WHJFSXAtdXpVdUdhN0poWHhyY0dNWE9vdjFtM3R0WUpncFN6NA?oc=5,1
RedState_R,https://news.google.com/rss/articles/CBMi1wFBVV95cUxNdnB0ODhGekpQbmNManhfTTF6RDdKbWtleS1hM2ZvTlN1YXVLX3NIQXViS3R2VGlZNm5aREkxOWJBUEJLTzBLR2xENGJPM0hpMnc3a1BmUWlTcm9yaDFrMlBiaWViQkw0UGhSalFQcjRlWDlwOWp0eHYxSjlhTnZKT2NHcHFMTlg1VXlIOWFfTk9nTHJzcnFZbm1VX0dUa0I0VTIzQmRzUUxqM3UtaVNmWm5sS19ZR3ZfdkZqTEZXcjJWaE1jTFdXR3ozY1FMM1d1WkgxeGVSYw?oc=5,1
RedState_R,https://news.google.com/rss/articles/CBMi0gFBVV95cUxQV3ZvYlVLWW1nUE5XRlk1R2J1S2tYSUotNnBoZjdJLTQ3VzBfeFNyRDlzUlFaNk80ZjNEN1F4X3BxOGlMNER5bE9EUEtBUnB1Q1BHb1MxdG5RVHV1elNueTc2WFM1V0JmcTRnZDRmQkVGTHNseGdZNTJWRDR2RUhraWtyaG9MSHRGZV9hZ0Q1eGV4YTRrdmh5OFNqRWpvcHZDS2tvSGUzZ2FYd2s1Ty1TWlNSZS14N0pHa3AyaGdiem45dU8wZUJJU2FOa0dlTk5WTlE?oc=5,1
RedState_R,https://news.google.com/rss/articles/CBMi1AFBVV95cUxNT2kyWGFEbzRoNEo0YWh0RkJwMlpiZFhOSnpTeDlDaExmYm0wQXMxVVlUYTM3Q3hXUnoyQy1sTUJCVmVRdHdzdmdtR0dpMGZoemhuY1JPN25EbzRva0tQakFxUzczTnhNRDFOYXF2QUxnc2NuREpaMXhuUXA4dkF3Nll3Yy1BSkpDcWdGTEVXZ0ExSFFuWDNxZjhNbERoSHFPbTRRMnZEY1FQeWVVSDRtLWptUXVMSVBQZkU3UHhPcU9EVWhUMFZOdU1MRjdUN2N1Z0xIaQ?oc=5,1
RedState_R,https://news.google.com/rss/articles/CBMivgFBVV95cUxPbzhJZWtMREJIUExHVmlSOUtaZHVhekFPTUtXeXYtWlZlRVJFYlZHY0tGaXk2NkRvWEJTWU41dkd1T3FDcTFnRkVOeS1aeVlvSVpfclNpTkcyOUxXc0xuM3lxMWFHWm9sTFV4cFNzaXFiRGJfZW5jQ2NhR0FOcGJzbG1zM3BYLUhkSWRLTlczcFIwOVNsUVdPRmI3SmVPSmluN1d0aGZpbGFvZzZvSG0tZHNvTE82MFlCVkxka3ZR?oc=5,1
RedState_R,https://news.google.com/rss/articles/CBMi1wFBVV95cUxNYzJjVHQ3VUk2OThic2ZqXzFzZW9KQkxrOVZzTmZ3aDNncnJpTFhkZWhqY3JwTjl1YnhBQktFeFphTWJJNVI5eTk4ZlFZSjE3ajk4S3dFMDM3OGIxYUlBTE9lQ2I2T1RZRTBMQjhJdWpFOUJjT1FRV25iVDVpbEh1aDFmUHBFOG5oWTVWOG5WT0xfX1UxODdUOXZNRHE4NTJrNFNuMWFHUkxkbWFwS2l1SzZIQWhFVkJtTzN0cXQ3QkFheGEtUHhPNU84UklnSFFaLUgtNlpVZw?oc=5,1
RedState_R,https://news.google.com/rss/articles/CBMiwgFBVV95cUxNWkppVFVrN1lCQ0tla1MxM0tEaW5PdWhPXzllN3J5Ymx0NG83QU5zSERxLWhGeE9ZaVJkakY2cXlLcWxOS3pCRDlfYnRoY3dhdHIwUGlhSHp0bFZDWTFyU0JYNFQxdm1aSWxwTnFqRC04SG4tUnFuT1RINUx3TmhJR1VzUUhmMC1zMllfNmllVXZsZ1VxaE45czloWWRxeF92dF9zVG43bDhlYXRyQXJpRUszaU9rTE1XOXBRWjloWWZPUQ?oc=5,1
RedState_R,https://news.google.com/rss/articles/CBMizAFBVV95cUxOTFBQb1BKLXFzeXV6OGplbEQ1bUwwWVlxVGZxN1BtX3VnLTNmekpMYmRYaWFCMjNtRlJnZnB5VFJvQkRGTVJhYngxcEhadnctWUh5RXFITUE0QnJabzdBXzM4SW1rd3VSakRaTEFLNFIySGZQdmZLZVdGWGxqbHhzZDZFU0pwWEtxOGg0UVhMTGdnSUxXTFd6dVNaWHB6V0FPSUNVMGhmU2luWFk1TXRMM0RGak9yUVdUS1dSTVdBbElPVmVMejRCenFIdGU?oc=5,1
RedState_R,https://news.google.com/rss/articles/CBMiugFBVV95cUxQWXA1ZkRGbDE4SU1vRi10aWJFZzdZMk8tUEU5YVZZdXQ4dEFiQlNTaEpnUk5RekpSSVh2Y19LclNid0x1aXFZYU1JVW0wNmRfdUdvREg3d2ZselBOb3A1c2c4T1JtSG9QMi01c09wNjJDSlRrdkFYVXZNRWtPVUFlMnZ3c3FPTjgxQVRGSnNpY0t6S1FkUXhnLTRFZzMtWW1mX0tWMlFCOTZ1Ti1HcXQwUHM5QVNkTGVTUGc?oc=5,1
RedState_R,https://news.google.com/rss/articles/CBMixwFBVV95cUxNTmJpem9vWFA0SGFZR24tSlZZQ3pCdThINTNNenF2b3dRdjQwVzlYN0JwMWc0ME8zV3llMEplSUpCaENkT0FEUHdzQXVZS2syUGh1dkZkaEJsVlVZdVo0VC1VZHFmZXV2LXhEQlZlRzhQYlhqODU2WGdtaUwweE9hZU1GXzMtWm03TmJhRjV2UWstZUh3VTdGMUZyNkJocm03aDVlb0lQajVaemxoZTNyN1piQmgySGpJS3Bza01YM0lQSEloOXhB?oc=5,1
RedState_R,https://news.google.com/rss/articles/CBMi4AFBVV95cUxQQ2d5VkJsLXRhUEoxcjU0UEZSN1piZzB4Ym1FUmd4TTlUdGtzRnAyM1BYa3pmUndzNFptZ2d0d25rVDd3alJjam1weG9ndUV1MHhZVFZveTJYT2RZeXd3U3l6OUNyX3VyazkxMldTa1M2WmhwaUVnV1JFRGlBRGNGdGpEX0RmVWtjWVItYXlNYlpxaG9tLVF5THVNakg4anZkbGR4dVlEWDVQVjRkRGwwRlRvQ3VYSWgzM3B1WndpN3FKSkZWUW5TQnotZ3BrYWhxbW1QVEZRQmRKRHRNTzYzMA?oc=5,1
RedState_R,https://news.google.com/rss/articles/CBMi5gFBVV95cUxOMVBiZkJ2SWxzMTJLYXBvTGpMSVRHeklra1BvWW1ROHA5SWtBaGIyS1JSYm5kckFTQlMwc29MOFk1MlZtRVR1dmdxQ0E3d1NhQXpZc2NZTkx3NDJxNGZfcmhCN1R6cHhLdlpIeDJFT1BkZE5vVExOMWpjQkpsQ3lmWmRaeXBta3NwWVlFSk5XM1pUeVpBcU1vYm9vS3JSc0pNZnZqMWVOSEd2d3hVclNNQm93NVg3NVhZN2VyTHdyVm5ZMUZEWkd0SGRCWGtpdXJLQ1BQR3BtX0JFcHNaSFlwelZYYTlEUQ?oc=5,1
RedState_R,https://news.google.com/rss/articles/CBMi3wFBVV95cUxPanUwbHdhX0k3ak01TmRoYWhuUlU3UHlOU215bjZyNHBnWUF4ZlVzNVo1OFBNYlZXMkJlT28xbldKSXBKYjU2elJjZGxFWExoS0lzek5sbVpvNU52d0poSnk1ZDZLdWd0NU44NzRlRlItYmNnX0l2WjdPU1BjcW9hRG00UHZNRy03NElnSHFpWnplV0tKNUEyUmZSR29FV1BXU1Jrc011bzZXS0w5N0RqN2txUlZScDE1WE45Qko3VXA3eGFOWWlaZHkxYVJsQmNCMUNoTm5HS3ZfV093TE1n?oc=5,1
RedState_R,https://news.google.com/rss/articles/CBMiwwFBVV95cUxOeklGUng5UmpndlVkdVEtMlA4TmxiWEVrUk5VOTBiU2U4NFozdXpKemh6V2d0bE9jdDY3Qm5Ucnl1TWhtMjVJdmhpNGR6NXdmc2xPVUhkM3pvLUVGLWJmRy1hZ1NrR1JTanRHRUhTWnRqaFQzVTlRSWRuTl9wS2RnckJBUkpKSGtoVkVWXzVGZjZYQmoyX2tad190TUlrcUpkOXpaNndWbEMzcS1VRjhzTW9ndE9hUDJWa3dqN3NkQVVreXM?oc=5,1
RedState_R,https://news.google.com/rss/articles/CBMivgFBVV95cUxNSHJ0RG9PZjk2Uzc5SHNaQzFvX1NudHFjVzlzQU84dUhwN3Fzbl9CekNjdVVHTy1vU1M0TnNoWGZFWUxMQy0zMkFyUzlTblpnVEV0bW5IYzJwOTJibWZDZm01M0szSC1GRllaVk05aWZ2QUhwbEgzZmR5eGVKdWdqTHA4SWd5RE5QNEVING0yZXZXMDN0X2FCMV9lTWVLZ2V4eVJkTmstcDBGT0xhalVONXJfaEZNSmZ3SXRZRUxB?oc=5,1
RedState_R,https://news.google.com/rss/articles/CBMiwwFBVV95cUxNV29BWUZqZWYyM2VZVWlQYmZPdGFQMGFMRkxmV3lNUzd4bFBQNzU5S0R4N1diNXluelg3bTVHUEQwWkhzNHcteGswbTVyeHRlQzQ3eXFuTVFTVXRsSlhXSTZxZUU3TnhBbE9SMzVEN0dVYllSUEFieUtENFZ2ZXY2MU1sdEFlNlV0UG40d3RuRVBLLXBsN0U1TG9mUkJkeWlqUDl3WGZHLWxOb00xZjlVOFpmN2E4Sk16RDVlQ1p0aV9CZGc?oc=5,1
RedState_R,https://news.google.com/rss/articles/CBMi3wFBVV95cUxNN1duTXk4UXhvWUZ5WVVJNGZ1Ym5tSlE4dVRuUzdtdDJjV1lRWDQ3N2FXam5xY2F4V19DY0RvMlVNQVFXYUJmeEZWcy1FTEw4YmR3X3FhSDJRV2N5R2ZGdm9TMk9IeXB6N3NaT05lMnZQdlA3Sm5YNVVhTllQbi1XQmVlVkFkVlJfY3JNUGp4TUhqZzdVRjhjZ2ZDZTc0Tmxfek1YRlRtYW42N3dPcV95MXRhU3kzazYyb3p2N3BlcVY3Y01FckNXa1hFYVIzMHl0ZnBlUk9vNmhLWlVPQ3dF?oc=5,1
RedState_R,https://news.google.com/rss/articles/CBMi4gFBVV95cUxQSzM4VjhWSjNSOXp5Y0dxbVVHa3lycEwwQjcxTnA3TzV3elNjSDV4ckN6WXE4dTBRcGU3djEwdk8xTFpkRlNIZmFTNFVGenlsNU5HSXdCU055VkxtRk9UV2E2OFBUYjBTLW1HcUZ4TDF2MGFzWlBVTlZSUlZ6VzRXNHN4elQzaTJSbjkwbE91cmNudkFZTlI1Q2hkejBBVzZZYkhwMlRLZVZjSlhmSlNBYmpQRjQ4UC1wdnFJSVJYcnRsakVhcmhfUGxaVHRDQzBkcFkyYmJMU1J2WEQyb0hzLXVB?oc=5,1
RedState_R,https://news.google.com/rss/articles/CBMi0gFBVV95cUxPSzh6d09ZalQ1QXh3Z0ZhdUZaQ0lSM3pOc1llMUJoZEZnaUZWdE00UDV4OF9WMzR3NjBhb2pnTWRISUVuZlc0ZWd1VTgxTXBsaWw0QVFEeWQybWl2N2I5SWt4TVZ5QmZWZVF5ZXpMSHA2aU1TdV8xNkFXVUxnWFoyZHR3TmtHZ01ncmVrT2tldEZXZk5KeHlKQ2dka3BTa1RrYUhoNmpWa0dZWmFmdmVUbXo2NzlleVBTX2xkc2cxMDJ3QzZHUkk2bzZ4allSbkRnU0E?oc=5,1
RedState_R,https://news.google.com/rss/articles/CBMiuwFBVV95cUxPSEF6SWg0VHNPa3pHWF84eWhzR2pBMUktbjc2djlrbENNTHFYU18wUXBFVnNpQThwdU1PdUZqQkh5OXV6MVoyMXFsTVpWQkotdElqV2k3TVJYNm5GaGZNUW9MaDJKa08yMXRBOGZzMi1sOG5QcG5ONGdMaWNBbW9Fb1pCTjhQTGI0MkQ4RE1KVjVXRDNDbWxsS3Rpc3BIR2lFWjVybFlKeHNXcGdoYXhaM3A4eUx2OXRTLVpB?oc=5,1
RedState_R,https://news.google.com/rss/articles/CBMiywFBVV95cUxPOWozSW1WTndHYlJHMzQzWEdYR1JBT25YUnBaRDZjY3hNZjVfRlBOeDR6ZEVnZGZWb21jcDJSX2FkZWhsb1FCX2UxclZYakp6eGFEQjVvMGsydGd6eE1tZDNCNnd1aW9rN0paTURrVm9Vb1MwLTlsaGNGQUxMbEpoZ1F4UXlLNS1Mb0c1M3JialFmbl9wZjZGM0xCVWxsa3BKR1BXT3NxRVZDc0g4RUVaOGlMY1o0MF9YNXdibWJMYU1oSHBqdjRwX25xNA?oc=5,1
RedState_R,https://news.google.com/rss/articles/CBMirgFBVV95cUxQYUkzV05DcDhoUlhuZ085enBzSUVYWW83dVhDTVlnY1doaEZMZHlldkxsYmpReDB5M0FDTlVVcnpzSjFqQjhRNVBVTTFCa1BWdjRvZ0c4ODhramVEakVsRlMxaWpSbVdmc1V4dzR3SzFXSEhPUWtDMEtHaEoxNzdQREE4VVVRbTBva2lKS3FVM0kwQ0tLUjk4MVM1dFlFVE1GNnZwZm5sSjRzWWRoS3c?oc=5,1
RedState_R,https://news.google.com/rss/articles/CBMivwFBVV95cUxPal9wQjZIVUFfQjNldVNSeEx1Q0d3allNSXNQX0NjVjFVT0lKTW93RDY1eEdMNzlERThvYVgxTjY1eTl0MWRZY1htSVhMY0ZlbElYbDNhM2xGZTl5RmE3OXFzeHhocTY4X1dVT2lJWXVTeUpGQi1aZ3JoMWZfajZ5MjBLRWQ5TG93ZGEzRkJxdXkyMTFfYWdjLWhOUTVfTHRHU185d1hvSXg4ekFFU04tRFAzU2F3cDVqekg0bHJxbw?oc=5,1
RedState_R,https://news.google.com/rss/articles/CBMi5AFBVV95cUxOTEFhU1lOMWVDWDFhRWZlY2dZTHlYVkhLUmtFcnF0NkRKQzBRX2lyNFQ3eU5XLU5WUnF0ZDFLMmZtbnBzcG1Gdm1UZl9ad0w1SWYtSW9wZnRWLWNNMnpJOVZ1bDZBS0ZERElmQ2szWXgydzZ0N2w0clVKRGNhVm13blB2YnB5X3p5SFVCdjA2bTFBSk0wMWhJWkhKVW1uUXoyTkNwdXc3cTRDc2U5Um5BR2JvSzZmR2pQbFJCTGYwd21zSjdLall6ajFtTV8xSmlWdVVEc2UxQ25lRnBmQk8zdV9SeXc?oc=5,1
RedState_R,https://news.google.com/rss/articles/CBMi3wFBVV95cUxNbWVhc2ZLaklYaExYenIxUm5Kb2xiYk5rQ1plOHJLN2NXOGJ3UHBUNW13VGhxUnlZbExuVGk0Q1pvQkFpS28xNjZqZlk2M2VLVXA0bTZZOUstTk1LTWNaRFR0TXJJSzcxbFo5N0kxYlF1NXJMSzlaaHVQajNISTZNMDA2d0kyNVNrLWU1cmRnamQtTHh1ZFNETXN2ZXJKRjRHNVBDTFV1d002WHBXRk8welRZTm1PQ1hKWklnT1dPQjJrQ01ma2ZjcEJrM3B3TkZNRnNZaUktcEhZNFo0dThF?oc=5,1
RedState_R,https://news.google.com/rss/articles/CBMiqwFBVV95cUxOVm1uYjVDVk5XS29KbFZlMFVPckZwTHc4Y2ZRWHkxdktLLUdrLXl1Q2cxd3BVaHg5SDZnalNtX19IVGRmTnJBMzRzbDlRQVFFQUkxXzNyUEs5aHZXZlROMWl3TDNSbExWbHFNd2czSndhLTctS1ZmUGdfM0d4b2xWeFl2Wjd6bldGcVJrVlRhZnhKQ09VNGJRcUNkV3NNam0zT3pCOTFiendsRzA?oc=5,1
RedState_R,https://news.google.com/rss/articles/CBMiwgFBVV95cUxQNy1hV3NKZzEtLWRCX2cyRWhadEtmWHd4akl0c3d1ZV82Q1NCbXk4Wi1BLVJzT2ZtV09BcGJWMlE2WXB0NXlZRGJlY3VOU0puRlpGMWdFb1I4aFIzRXdTc0gzR013bnJfQ3hmcHhDYURNVmlnclR2RGlNV1MyRmdCSjNBU1kySy1PbVd3X0JxM0V6Qm5OQjc0Q1gtRk5VT0RpMW9GajdXUFNobUxKemZnVlZXalBGNnczOWhZSmZHbG11Zw?oc=5,1
RedState_R,https://news.google.com/rss/articles/CBMi1AFBVV95cUxOVHNDLXFMYlVMNDBoZ05rWC1nMFdUU1FKYWZiekNicnN3RFpSZUlzdzh5OGJrM2luWnloQzBrQ19ONFZtTkE1VXJhYU8teE9YOUxNOXFTaHNiVFpJR0NtX2xtYUtRMnRIUTZlanZ5eExfMzIzc3Q4OGJuYzlwSFFXR3l6dDV6aWZ5R1ZWZWc5eWl6aW9fN0tJTDRHM0o2NEJybmFxR1lNMzVXOGtnVHFGVzhNVUdkblRVOXFJLVhLemt6YUdKQUtSY0dxZ3BlT1RJYW5DcQ?oc=5,1
RedState_R,https://news.google.com/rss/articles/CBMiuwFBVV95cUxPbkR1T2pMdERZS0ZqVkFFZWc5R0ZLcmVTaXJpLWhpV2pGWTFVaDVPWGFuLTFySllYSHZZXzBTbWR3M2tRQm9CMGlDQkVOV1lveUI3SFNmUlA1NGhHQm5kVzIyUldCa3ZiaXBuS0dSc3ZHNHdsa2s5bjl6b3ZwMk85MkVmLWVWN0RpTW1yNVczb0xZUlBwWnNxdERzMWVMM0czb1dnYVdOd25sT05ZSHlodG5rcTE0OTFNZTVN?oc=5,1
RedState_R,https://news.google.com/rss/articles/CBMitAFBVV95cUxNdUdrQ1RTTFRMUWcxX2ROYW1FTTA2a1NoZUFNNGZxdzJOVDROYkJ2REczakxBbGk1bUpNa3o2R1dBY3ZoYVgxT0ZGMHBqSlFLTTVNSGtlVVUwMjFyWVVrbkxIOWd3QzQ4Szg1VDBoTWVoVDk3ZmJSTzkyenNoaG5Wc2gtY1NJTnJjbHlqZlhuV28yY013dHlaSi05M21RQ1lFV2kxQ3U0ZnNYSnBqSnZrMkp2a0E?oc=5,1
RedState_R,https://news.google.com/rss/articles/CBMi1gFBVV95cUxPdFFIU0VZSjRsRnZkbGhMNm9SeHpUSU5zV0VCRlhmQzFOOGRTdHRIMGhKNGFXYm9kTzd5LUVlQ0JDMTFwNmpuVmktaW83d25ySFFnOTQtbm81aDBSSXBkVXQ1MTV6Q1V5b1cyMUx3cUF4YzBMb1hGR2R2V3h4T1NPTjRmUXp4c1VyNklqUy05QU1ZeF9WMHp1YjEwTmQxMVBESFRSYWFtOW5LdERoWnJVRWg5bTNFcUJjY2lzVWN6TnE3LVhsRGlOc3lya1pxNU5Kc1d2Z0Nn?oc=5,1
RedState_R,https://news.google.com/rss/articles/CBMitwFBVV95cUxNUmRabDUzVDEybkFkLTVSbjJ2cU5wcVlhNE5aNHhxdklwVDBzckVIUzdxN1ZxNmFnTkszRnJmbU90Y2d6R1poMGVOZTBKdy1jMEk1RFJkcmRWY0lZWWV3d1NXU05oSWUzNFBubDdyY05GXzk1Vm85S1l1ZFc3N01LUk9WR3paaE5aM0pPQlFBNWV6NkdubENpT3lEUjhZQl9fblYwdHZBeTVOeE9UeHFyNC1weEp3Rkk?oc=5,1
RedState_R,https://news.google.com/rss/articles/CBMiyAFBVV95cUxQT29FZlY3LTNyNzUweXYwMEFyMmJiN3lSWktvbDhOQ0UxaENoQUJuclZCUDZUOE5lSTlRR2pnRUVMYUJ0V013LTMxVkJaX2pkdk0zNldsYTVad0kxclpUTkR0aVIzZG13M19rcFBYSURuZ2VFUk1Fc0FhQmljWTJhMVBvOTBEZ0VHbVJxbDBDZXpEdWRNQjY4QmFxeGpTbDBlSE1zaTNBOE8wV1hsbnlEMzVKdFdaSjFSeE5ZcXRCOFVLOGF0aHRpbA?oc=5,1
RedState_R,https://news.google.com/rss/articles/CBMikAFBVV95cUxNN2IycEc1RTR2RWZpUkhzeER5bHJESGVwMjYxcjBjcGx5QzlfWWIzNXZRTGRlWC1KNEJUbEUtQUh2U3lqOE11dEVhMUM5aHZNSUhFVTVHcDNtYURXQTYzVE9NR0szOWhJaklCX1lJS1NtNWlFcXBZSEZjRGNqcTFFaXZFdjUyZ3hKcXJzaDFRaXM?oc=5,1
RedState_R,https://news.google.com/rss/articles/CBMi2wFBVV95cUxPcktuZXFVbTVSekE0T1hyblpSN1pvNlVLUGZaNXdFYkQxU29SVklFSnJQVFpKdXY4X2d3c0lrdTlGRVM5bGhGZjZraV9NbVZTMjlQb1JtamxhbGU2QXE4NXUwOWV4YXlyWE9SeEhWdVlscUNmcXlRMlktOXlXX1lkQ1lKR3A2SHkweENUQzFwa1lqczlGMGJfYi1KbDN4cnFKQVpVVGtMUG85MXFBRlFsamxQUzcxdHVWTFpkcDc3TGJTUXNTLThlb1duTXVoVW56ZF91LWhLbzdpUjQ?oc=5,1
HotAir_R,https://news.google.com/rss/articles/CBMiQEFVX3lxTFBNUkoyZXRjVWtwVGk1SWh2WEgzT0JLaTU4a1dkcHZJdlE3RWgxakk1bkVSN2Z2bkhUV3JoRWJGV1o?oc=5,1
HotAir_R,https://news.google.com/rss/articles/CBMipgFBVV95cUxNb0dKRjlFWDlKXzNFU0U1THkyRWJVZGxuRTktbHR0eW9Za2hWcEtwd19yX1BtVnh4REhkNkNucjk3QUpmcTljcFBOcE81ZkxNS3dvbFJnQzFWWWZjODdWN3dFQWh2MV9oS0o5VUdBaFhKUEN1aFlSZGNUY1VYV2xDcmJGSl9BdlVfMTlVYWh6VUJETk9rOUlZeG96Z3B6UXRwRFpRTEx3?oc=5,1
HotAir_R,https://news.google.com/rss/articles/CBMi3gFBVV95cUxPdFJHRFhMbUUxUHc2R2EwYWhURGtZNHozOE5TOUcwejVMRHFXaUdVUHY2QnV0LWo3OGp3dVY0N214bmtlYXh5MkVhTUNYNTBfRzJ1Z3NiR29ibzlrUmRkRC1kMUVkZE55aU1QVHk2VS1xMW5XTGYwMmZaM1h2TG1KcWZKYzE0Ulhib0ZQeDlzeW10a1h6b1IyVE45U0Y2Ulo1VWdzMTRrdVM5ajhIWEpVcTFmYl83WEZqM0hhVnBrUW9DX1F4T3NOVHlYUFlrRTFzd1VERHNHRFFoQXpXUUE?oc=5,1
HotAir_R,https://news.google.com/rss/articles/CBMiWkFVX3lxTE03N2lDVFBvV21MbkpGdHFCY1cwNkhmVmhlT2NRNFdRWVJNeVp6b0Qxd2N0VkJBc2tBY2R3ckZ0SV83ZHRrdTVqdWdkYzVqdUJ0WW1mcTVHanFuQQ?oc=5,1
HotAir_R,https://news.google.com/rss/articles/CBMiqAFBVV95cUxNNGZkdGRLQndaUGlVYUQ4ZFFNcHpZR2l4Q3c2dHFicWJBTEpYcEhFME9VdnQ3U0VMWU1nLTFWWGlsWGpiX1V2clN6TzZBelhYbmt6TUtYSF9BRURsb29adW5tOGVyRHRrTUhuVHBWbVB2YUhZWkRLRTR2U2puT0Rod29mM0Z2X1hrU21zejJTT0d6MmVxeHk4UnVfaDhCWnQ1eFUxNUg5ZTQ?oc=5,1
HotAir_R,https://news.google.com/rss/articles/CBMirgFBVV95cUxOZ0l4Z3ZGTTFSN0J0d25Bd3M1dTdpRUMzT0VDTlZsZnVveHF0NTFKdFpfOFFFMTlaWm1jaDZwX1c2MWd5Vm9Pelh6WVFKZHRnNWV2SXBUaFUtQk1KZ2VNSl9mSzk3MVl3M0xGZDI0bDFKYUl2cnJXelRNQTN1eEwySGYwZHViUmlOeFVXLXpCcE9LRzJiSGtxc0JXT3VKV3JlSnFoSGtGcWpTV2oydXc?oc=5,1
HotAir_R,https://news.google.com/rss/articles/CBMirgFBVV95cUxOenhubnlDdzAxMmlrMWxNRXJnTkJfRy11bGJFbXFpdGFLNERLbGZnbjJlRE1UX092QUhzWDlRNEl0MHJ3NWpSMDFfRFZ1eF9LSXRrckZhNWtCWjlpalJsVGZvd0xvazVGTFY4a0s1YzgtYnptWkxUdm5BZGtJMlRxdUt2UWhUeUZFSHQ1aC10cXg3Z1M1Tm9maGVHYTZYa2FCWXRIZTVpdmg1Wmh5c2c?oc=5,1
HotAir_R,https://news.google.com/rss/articles/CBMioAFBVV95cUxPNm01NFdrV1VEcnRidGZCdU1pOFJEWVdMeEp4OTZYbGZEMWY1c0VOLWZPNGkxSmJyVC0zWmZWNFJ2MlBNYkRPVGc0N2xSdUNURGI1b1lXeWdLM0t2cE16R0RRUk1XTmE5QTQ0UDhKUU10bDYxV1Y1Z3NZN0l3VHdNa3lGaEE5UlV3czBSM09JRGtQNlBDczhuRkIzUjBkc0pm?oc=5,1
